Non-Travel,Research & Development,Other,1,Laboratory Technician,Divorced,0,0,2.4302246426140233,2.619047619047619,2.003584229390681,1.4285714285714286,3.75,0.0,3.333333333333333,3.642857142857143,3.333333333333333,1.25,3.333333333333333,0.7820080151866695,4.217024693836579,1.6666666666666667,0.0,0.0,3.333333333333333,0.0,3.3333333333333335,1.375,1.6666666666666667,5.0,1.0,1.9444444444444446,0.0,2.058823529411765,0.0,0.0,1.0,0.0,0.0,0.0,0.0,1.0,0.0,1.0,0.0,1.0,0.0,0.0,0.0,0.0,0.0,0.0,0.0,0.0,0.0
Travel_Frequently,Research & Development,Life Sciences,1,Manufacturing Director,Divorced,0,0,0.4594962559564329,1.0714285714285712,0.6810035842293907,1.6071428571428572,1.25,0.0,5.0,0.1428571428571428,3.333333333333333,2.5,0.0,2.0523096393165994,0.5450712708291507,0.5555555555555556,3.571428571428571,5.0,3.333333333333333,0.0,3.3333333333333335,1.125,3.3333333333333335,1.6666666666666667,1.125,1.9444444444444446,0.3333333333333333,2.058823529411765,1.0,0.0,1.0,0.0,1.0,0.0,0.0,0.0,0.0,1.0,0.0,0.0,0.0,1.0,0.0,0.0,0.0,0.0,0.0,0.0,0.0
Travel_Rarely,Sales,Marketing,1,Sales Executive,Married,0,0,4.3260721579305645,2.0238095238095233,2.0,0.0,5.0,0.0,3.333333333333333,4.571428571428571,3.333333333333333,2.5,1.6666666666666667,1.657350769879772,1.8761292913069665,0.5555555555555556,0.7142857142857144,0.0,0.0,0.0,3.3333333333333335,1.25,2.5,3.333333333333333,1.25,2.2222222222222223,0.0,1.7647058823529411,0.0,1.0,0.0,1.0,0.0,1.0,0.0,0.0,0.0,1.0,0.0,0.0,0.0,0.0,0.0,0.0,1.0,0.0,1.0,0.0,0.0
Travel_Rarely,Sales,Medical,1,Sales Executive,Married,0,0,1.6235534377127296,2.0238095238095233,2.2688172043010755,1.6071428571428572,2.5,0.0,5.0,1.7857142857142856,1.6666666666666667,2.5,0.0,2.45122337059692,3.902027705280064,5.0,2.1428571428571423,0.0,3.333333333333333,0.0,0.0,1.875,2.5,3.333333333333333,1.625,3.3333333333333335,2.0,0.0,0.0,1.0,0.0,1.0,0.0,0.0,1.0,0.0,0.0,1.0,0.0,0.0,0.0,0.0,0.0,0.0,1.0,0.0,1.0,0.0,0.0
Travel_Rarely,Research & Development,Medical,1,Manufacturing Director,Married,0,1,2.743362831858407,1.5476190476190474,0.8100358422939069,3.7500000000000004,3.75,0.0,5.0,4.857142857142858,3.333333333333333,1.25,3.333333333333333,1.3631090487238977,3.807066854045372,0.5555555555555556,1.4285714285714288,0.0,5.0,0.0,3.3333333333333335,1.25,2.5,1.6666666666666667,1.25,0.5555555555555556,2.0,2.058823529411765,0.0,1.0,1.0,0.0,0.0,0.0,1.0,0.0,0.0,1.0,0.0,0.0,0.0,1.0,0.0,0.0,0.0,0.0,1.0,0.0,1.0
Travel_Rarely,Research & Development,Other,0,Research Scientist,Married,0,0,1.4805990469707282,3.5714285714285707,3.598566308243728,2.5000000000000004,3.75,0.0,3.333333333333333,2.4999999999999996,3.333333333333333,0.0,0.0,0.3580468255642269,2.898213210198755,4.444444444444445,0.35714285714285676,0.0,5.0,0.0,1.6666666666666667,1.25,2.5,1.6666666666666667,1.0,0.5555555555555556,2.333333333333333,1.7647058823529411,0.0,1.0,1.0,0.0,0.0,0.0,0.0,1.0,0.0,0.0,0.0,0.0,0.0,0.0,0.0,1.0,0.0,0.0,1.0,0.0,0.0
Travel_Frequently,Sales,Medical,0,Sales Executive,Divorced,0,1,4.434989788972089,3.452380952380952,0.4050179211469534,0.3571428571428571,2.5,0.0,5.0,1.3571428571428572,3.333333333333333,3.75,3.333333333333333,3.364532798987555,1.6324031319012249,5.0,0.35714285714285676,0.0,5.0,0.0,3.3333333333333335,3.5,1.6666666666666667,1.6666666666666667,2.75,0.5555555555555556,3.6666666666666665,3.823529411764706,1.0,0.0,0.0,1.0,0.0,0.0,1.0,0.0,0.0,0.0,0.0,0.0,0.0,0.0,0.0,0.0,1.0,0.0,0.0,0.0,1.0
Non-Travel,Sales,Life Sciences,1,Sales Executive,Single,0,0,2.1443158611300204,2.142857142857143,4.767025089605735,1.25,3.75,0.0,0.0,3.285714285714285,1.6666666666666667,2.5,0.0,1.7343387470997678,2.436257779562337,0.5555555555555556,1.4285714285714288,0.0,1.6666666666666667,0.0,0.0,1.25,0.8333333333333334,3.333333333333333,1.25,1.9444444444444446,0.0,2.6470588235294117,0.0,0.0,0.0,1.0,1.0,0.0,0.0,0.0,0.0,1.0,0.0,0.0,0.0,0.0,0.0,0.0,1.0,0.0,0.0,1.0,0.0
Travel_Frequently,Research & Development,Medical,1,Research Director,Divorced,0,0,2.0353982300884956,1.9047619047619047,2.598566308243728,2.5000000000000004,2.5,0.0,1.6666666666666667,2.9285714285714284,3.333333333333333,3.75,0.0,4.21799198481333,1.9745031118249348,3.8888888888888893,1.0714285714285712,0.0,5.0,0.0,3.3333333333333335,2.0,2.5,1.6666666666666667,1.75,2.2222222222222223,2.0,2.6470588235294117,1.0,0.0,1.0,0.0,0.0,0.0,1.0,0.0,0.0,1.0,0.0,0.0,0.0,0.0,1.0,0.0,0.0,0.0,0.0,0.0,0.0
Travel_Rarely,Sales,Other,1,Sales Executive,Single,0,0,4.077603812117086,1.9047619047619047,4.379928315412187,0.3571428571428571,2.5,0.0,5.0,3.642857142857143,0.0,1.25,0.0,0.9887154608732334,2.769925717727364,1.6666666666666667,2.5,0.0,5.0,0.0,0.0,1.875,1.6666666666666667,3.333333333333333,1.625,2.5,1.0,3.5294117647058822,0.0,1.0,0.0,1.0,0.0,0.0,0.0,1.0,0.0,1.0,0.0,0.0,0.0,0.0,0.0,0.0,1.0,0.0,0.0,1.0,0.0
Travel_Rarely,Human Resources,Medical,0,Human Resources,Married,0,1,0.5377808032675289,0.9523809523809521,2.924731182795699,3.3928571428571432,1.25,0.0,5.0,2.785714285714285,3.333333333333333,0.0,1.6666666666666667,0.30030584264923005,0.9626581007829753,0.0,0.0,0.0,3.333333333333333,0.0,0.0,0.75,2.5,3.333333333333333,0.625,0.2777777777777778,0.3333333333333333,1.1764705882352942,0.0,1.0,0.0,0.0,0.0,0.0,1.0,0.0,0.0,0.0,1.0,0.0,0.0,0.0,0.0,0.0,0.0,0.0,1.0,0.0,1.0
Travel_Frequently,Research & Development,Technical Degree,0,Laboratory Technician,Married,0,0,3.3151803948264122,2.619047619047619,2.10752688172043,1.7857142857142858,2.5,0.0,5.0,3.0714285714285716,3.333333333333333,1.25,3.333333333333333,1.40107572242143,4.96988556514756,0.5555555555555556,0.0,0.0,0.0,0.0,1.6666666666666667,1.25,1.6666666666666667,5.0,1.25,2.5,3.0,1.1764705882352942,1.0,0.0,1.0,0.0,0.0,0.0,0.0,0.0,1.0,0.0,0.0,1.0,0.0,0.0,0.0,0.0,0.0,0.0,1.0,0.0,0.0
Non-Travel,Research & Development,Life Sciences,0,Healthcare Representative,Married,0,0,4.857045609257998,2.0238095238095233,0.3727598566308244,1.25,3.75,0.0,3.333333333333333,1.5714285714285712,3.333333333333333,1.25,3.333333333333333,0.8276207551149546,2.0389480024091546,0.5555555555555556,0.35714285714285676,0.0,5.0,0.0,1.6666666666666667,1.875,4.166666666666667,3.333333333333333,1.75,3.055555555555556,0.6666666666666666,2.6470588235294117,0.0,0.0,1.0,0.0,1.0,0.0,0.0,0.0,0.0,0.0,0.0,0.0,0.0,0.0,0.0,0.0,0.0,0.0,1.0,0.0,0.0
Travel_Frequently,Research & Development,Life Sciences,1,Research Scientist,Single,0,1,2.6786929884275015,1.7857142857142856,3.4838709677419355,0.3571428571428571,2.5,0.0,0.0,2.857142857142857,3.333333333333333,0.0,0.0,0.6166947901286648,0.21481630194740015,0.5555555555555556,0.0,0.0,0.0,0.0,0.0,1.25,2.5,3.333333333333333,1.25,2.2222222222222223,3.0,2.058823529411765,1.0,0.0,1.0,0.0,1.0,0.0,0.0,0.0,0.0,1.0,0.0,0.0,0.0,0.0,0.0,1.0,0.0,0.0,0.0,1.0,1.0
Travel_Rarely,Research & Development,Life Sciences,1,Research Scientist,Married,0,1,2.7161334240980257,2.2619047619047614,0.6666666666666667,3.5714285714285716,2.5,0.0,1.6666666666666667,2.4999999999999996,5.0,0.0,0.0,0.6736448006749629,4.192531620156595,0.5555555555555556,0.35714285714285676,0.0,0.0,0.0,1.6666666666666667,1.0,2.5,1.6666666666666667,1.0,1.9444444444444446,0.3333333333333333,2.058823529411765,0.0,1.0,1.0,0.0,1.0,0.0,0.0,0.0,0.0,1.0,0.0,0.0,0.0,0.0,0.0,1.0,0.0,0.0,1.0,0.0,1.0
Non-Travel,Sales,Marketing,1,Sales Executive,Married,0,0,2.365554799183118,1.7857142857142856,2.315412186379928,3.7500000000000004,1.25,0.0,3.333333333333333,4.642857142857142,3.333333333333333,1.25,1.6666666666666667,1.3544083526682134,2.68741216623168,0.0,0.7142857142857144,0.0,0.0,0.0,1.6666666666666667,1.0,1.6666666666666667,5.0,0.875,1.9444444444444446,0.0,2.058823529411765,0.0,0.0,0.0,1.0,0.0,1.0,0.0,0.0,0.0,1.0,0.0,0.0,0.0,0.0,0.0,0.0,1.0,0.0,1.0,0.0,0.0
Travel_Rarely,Research & Development,Technical Degree,1,Manufacturing Director,Divorced,0,0,4.322668481960517,1.3095238095238093,0.4587813620071684,3.2142857142857144,2.5,0.0,5.0,0.2857142857142856,3.333333333333333,1.25,5.0,0.8576777051255009,4.125878337683196,2.2222222222222223,0.35714285714285676,0.0,1.6666666666666667,0.0,3.3333333333333335,1.0,1.6666666666666667,5.0,0.375,0.5555555555555556,0.3333333333333333,0.5882352941176471,0.0,1.0,1.0,0.0,0.0,0.0,0.0,0.0,1.0,1.0,0.0,0.0,0.0,1.0,0.0,0.0,0.0,0.0,0.0,0.0,0.0
Travel_Rarely,Research & Development,Life Sciences,1,Laboratory Technician,Married,0,1,3.117767188563649,1.7857142857142856,1.7383512544802868,4.821428571428571,3.75,0.0,1.6666666666666667,3.4999999999999996,3.333333333333333,1.25,3.333333333333333,1.1068340012655558,4.18691025898414,0.5555555555555556,0.35714285714285676,0.0,1.6666666666666667,0.0,1.6666666666666667,1.875,2.5,3.333333333333333,1.875,3.8888888888888893,1.6666666666666665,2.058823529411765,0.0,1.0,1.0,0.0,1.0,0.0,0.0,0.0,0.0,1.0,0.0,1.0,0.0,0.0,0.0,0.0,0.0,0.0,1.0,0.0,1.0
Travel_Rarely,Sales,Life Sciences,1,Sales Representative,Married,0,0,3.808713410483322,0.833333333333333,1.0,1.4285714285714286,1.25,0.0,0.0,2.714285714285714,1.6666666666666667,0.0,0.0,0.8940624340856358,2.627584822324834,1.6666666666666667,0.35714285714285676,0.0,0.0,0.0,0.0,0.75,1.6666666666666667,3.333333333333333,0.375,0.5555555555555556,0.6666666666666666,0.5882352941176471,0.0,1.0,0.0,1.0,1.0,0.0,0.0,0.0,0.0,1.0,0.0,0.0,0.0,0.0,0.0,0.0,0.0,1.0,1.0,0.0,0.0
Travel_Rarely,Research & Development,Medical,0,Research Scientist,Single,0,0,3.20285908781484,0.833333333333333,0.5806451612903225,0.0,2.5,0.0,5.0,0.714285714285714,3.333333333333333,0.0,1.6666666666666667,0.28659565492512123,3.3599678779361573,0.5555555555555556,2.5,0.0,5.0,0.0,0.0,0.25,2.5,1.6666666666666667,0.25,0.5555555555555556,0.6666666666666666,0.29411764705882354,0.0,1.0,1.0,0.0,0.0,0.0,1.0,0.0,0.0,0.0,0.0,0.0,0.0,0.0,0.0,1.0,0.0,0.0,0.0,1.0,0.0
Travel_Frequently,Sales,Medical,1,Sales Executive,Married,0,0,2.0864533696392105,2.142857142857143,1.5663082437275986,0.3571428571428571,3.75,0.0,0.0,1.2857142857142856,1.6666666666666667,2.5,5.0,2.291183294663573,1.034330455731781,2.2222222222222223,0.0,0.0,0.0,0.0,1.6666666666666667,2.0,1.6666666666666667,3.333333333333333,1.625,2.5,0.3333333333333333,3.5294117647058822,1.0,0.0,0.0,1.0,0.0,0.0,1.0,0.0,0.0,1.0,0.0,0.0,0.0,0.0,0.0,0.0,1.0,0.0,1.0,0.0,0.0
Travel_Rarely,Human Resources,Life Sciences,0,Human Resources,Single,0,0,4.012933968686181,3.3333333333333335,3.1792114695340503,0.0,1.25,0.0,5.0,1.0,3.333333333333333,0.0,0.0,0.6364690993461295,4.188516362176269,3.3333333333333335,0.35714285714285676,0.0,3.333333333333333,0.0,0.0,1.25,2.5,5.0,0.875,1.6666666666666667,1.6666666666666665,2.058823529411765,0.0,1.0,0.0,0.0,1.0,0.0,0.0,0.0,0.0,0.0,1.0,0.0,0.0,0.0,0.0,0.0,0.0,0.0,0.0,1.0,0.0
Travel_Frequently,Research & Development,Life Sciences,1,Healthcare Representative,Married,0,1,4.9251191286589515,2.857142857142857,0.6594982078853047,0.17857142857142858,2.5,0.0,5.0,0.714285714285714,3.333333333333333,2.5,5.0,2.403237713562539,3.316000803051596,1.1111111111111112,1.0714285714285712,0.0,3.333333333333333,0.0,1.6666666666666667,3.0,2.5,0.0,2.5,2.2222222222222223,4.333333333333333,2.6470588235294117,1.0,0.0,1.0,0.0,1.0,0.0,0.0,0.0,0.0,1.0,0.0,0.0,0.0,0.0,0.0,0.0,0.0,0.0,1.0,0.0,1.0
Travel_Frequently,Research & Development,Medical,0,Laboratory Technician,Single,0,0,4.935330156569094,3.9285714285714284,3.096774193548387,0.8928571428571428,1.25,0.0,1.6666666666666667,0.714285714285714,1.6666666666666667,0.0,3.333333333333333,0.48222948744990507,0.43425015057217425,0.0,1.0714285714285712,0.0,1.6666666666666667,0.0,0.0,1.0,5.0,1.6666666666666667,0.875,0.0,2.333333333333333,2.058823529411765,1.0,0.0,1.0,0.0,0.0,0.0,1.0,0.0,0.0,0.0,0.0,1.0,0.0,0.0,0.0,0.0,0.0,0.0,0.0,1.0,0.0
Travel_Rarely,Research & Development,Medical,0,Laboratory Technician,Single,0,0,1.4908100748808712,2.2619047619047614,4.867383512544803,1.7857142857142858,2.5,0.0,0.0,4.571428571428571,3.333333333333333,0.0,3.333333333333333,0.6907825353300991,3.4153784380646455,2.2222222222222223,2.5,0.0,0.0,0.0,0.0,1.0,5.0,3.333333333333333,0.375,0.5555555555555556,0.0,0.5882352941176471,0.0,1.0,1.0,0.0,0.0,0.0,1.0,0.0,0.0,0.0,0.0,1.0,0.0,0.0,0.0,0.0,0.0,0.0,0.0,1.0,0.0
Travel_Frequently,Research & Development,Life Sciences,1,Laboratory Technician,Single,0,1,4.227365554799183,1.9047619047619047,1.9856630824372759,1.0714285714285714,2.5,0.0,0.0,2.5714285714285716,0.0,1.25,3.333333333333333,1.3354250158194474,4.174462959245131,0.5555555555555556,4.642857142857142,5.0,5.0,0.0,0.0,1.125,2.5,3.333333333333333,1.125,1.9444444444444446,0.0,1.7647058823529411,1.0,0.0,1.0,0.0,1.0,0.0,0.0,0.0,0.0,1.0,0.0,1.0,0.0,0.0,0.0,0.0,0.0,0.0,0.0,1.0,1.0
Travel_Rarely,Research & Development,Life Sciences,1,Research Scientist,Married,0,0,0.3267528931245745,4.642857142857142,1.0788530465949822,0.0,1.25,0.0,1.6666666666666667,4.5,5.0,1.25,3.333333333333333,1.025891162202067,0.12587833768319617,0.0,4.642857142857142,5.0,0.0,0.0,1.6666666666666667,1.625,1.6666666666666667,1.6666666666666667,1.5,2.5,0.6666666666666666,2.3529411764705883,0.0,1.0,1.0,0.0,1.0,0.0,0.0,0.0,0.0,1.0,0.0,0.0,0.0,0.0,0.0,1.0,0.0,0.0,1.0,0.0,0.0
Travel_Rarely,Sales,Marketing,0,Manager,Married,0,0,2.3859768550034035,3.3333333333333335,0.22939068100358423,0.5357142857142857,1.25,0.0,5.0,0.2142857142857144,1.6666666666666667,5.0,1.6666666666666667,4.6878295718202905,1.5763902830756877,1.1111111111111112,1.0714285714285712,0.0,3.333333333333333,0.0,1.6666666666666667,3.25,1.6666666666666667,3.333333333333333,1.375,1.1111111111111112,0.0,2.3529411764705883,0.0,1.0,0.0,1.0,0.0,1.0,0.0,0.0,0.0,0.0,0.0,0.0,1.0,0.0,0.0,0.0,0.0,0.0,1.0,0.0,0.0
Travel_Rarely,Research & Development,Life Sciences,1,Healthcare Representative,Divorced,0,0,4.050374404356705,3.6904761904761902,4.967741935483871,1.0714285714285714,3.75,0.0,3.333333333333333,0.3571428571428572,3.333333333333333,2.5,1.6666666666666667,2.493408563594178,3.7851836980525997,1.6666666666666667,1.0714285714285712,0.0,1.6666666666666667,0.0,3.3333333333333335,3.625,2.5,3.333333333333333,1.0,1.9444444444444446,0.0,2.058823529411765,0.0,1.0,1.0,0.0,1.0,0.0,0.0,0.0,0.0,1.0,0.0,0.0,0.0,0.0,0.0,0.0,0.0,0.0,0.0,0.0,0.0
Travel_Rarely,Research & Development,Medical,0,Healthcare Representative,Married,0,1,3.635125936010892,1.7857142857142856,1.4229390681003584,2.5000000000000004,1.25,0.0,1.6666666666666667,4.642857142857142,3.333333333333333,1.25,5.0,1.020090698164944,3.926721541859064,0.0,0.7142857142857144,0.0,0.0,0.0,1.6666666666666667,1.25,5.0,3.333333333333333,1.125,1.9444444444444446,2.6666666666666665,0.29411764705882354,0.0,1.0,1.0,0.0,0.0,0.0,1.0,0.0,0.0,0.0,0.0,0.0,0.0,0.0,0.0,0.0,0.0,0.0,1.0,0.0,1.0
Non-Travel,Research & Development,Life Sciences,0,Laboratory Technician,Single,0,0,3.624914908100749,0.0,3.655913978494624,0.0,2.5,0.0,5.0,4.785714285714285,3.333333333333333,0.0,5.0,0.15872178865218306,3.4553302549688816,0.5555555555555556,1.4285714285714288,0.0,3.333333333333333,0.0,0.0,0.0,4.166666666666667,5.0,0.0,0.0,0.0,0.0,0.0,0.0,1.0,0.0,1.0,0.0,0.0,0.0,0.0,0.0,0.0,1.0,0.0,0.0,0.0,0.0,0.0,0.0,0.0,1.0,0.0
Travel_Rarely,Research & Development,Life Sciences,1,Manufacturing Director,Married,0,1,1.3955071477195369,3.809523809523809,2.992831541218638,4.107142857142857,2.5,0.0,5.0,4.642857142857142,3.333333333333333,3.75,3.333333333333333,3.418055262602826,0.4149769122666131,1.6666666666666667,2.5,0.0,5.0,0.0,1.6666666666666667,2.75,1.6666666666666667,3.333333333333333,1.5,3.055555555555556,0.3333333333333333,1.4705882352941178,0.0,1.0,1.0,0.0,1.0,0.0,0.0,0.0,0.0,1.0,0.0,0.0,0.0,1.0,0.0,0.0,0.0,0.0,1.0,0.0,1.0
Travel_Rarely,Research & Development,Life Sciences,0,Manufacturing Director,Married,0,0,2.089857045609258,3.214285714285714,1.6200716845878136,4.285714285714286,1.25,0.0,1.6666666666666667,4.5,1.6666666666666667,1.25,5.0,1.2911305631723264,4.375426621160409,0.0,0.7142857142857144,0.0,5.0,0.0,3.3333333333333335,1.25,1.6666666666666667,1.6666666666666667,1.125,2.2222222222222223,1.0,2.3529411764705883,0.0,1.0,1.0,0.0,1.0,0.0,0.0,0.0,0.0,0.0,0.0,0.0,0.0,1.0,0.0,0.0,0.0,0.0,1.0,0.0,0.0
Travel_Frequently,Research & Development,Life Sciences,0,Research Scientist,Divorced,0,1,1.9911504424778759,2.0238095238095233,0.09318996415770608,4.285714285714286,3.75,0.0,5.0,4.7142857142857135,3.333333333333333,0.0,1.6666666666666667,0.26708500316388945,2.9146757679180886,0.5555555555555556,2.8571428571428568,0.0,0.0,0.0,1.6666666666666667,1.25,2.5,1.6666666666666667,1.25,0.5555555555555556,2.333333333333333,2.3529411764705883,1.0,0.0,1.0,0.0,1.0,0.0,0.0,0.0,0.0,0.0,0.0,0.0,0.0,0.0,0.0,1.0,0.0,0.0,0.0,0.0,1.0
Non-Travel,Research & Development,Life Sciences,1,Healthcare Representative,Divorced,0,0,0.5309734513274336,4.523809523809524,2.017921146953405,0.0,3.75,0.0,3.333333333333333,1.9285714285714284,3.333333333333333,1.25,3.333333333333333,1.3965935456654712,4.846817908050592,0.5555555555555556,3.571428571428571,5.0,0.0,0.0,1.6666666666666667,1.625,1.6666666666666667,1.6666666666666667,1.625,3.3333333333333335,0.3333333333333333,2.6470588235294117,0.0,0.0,1.0,0.0,1.0,0.0,0.0,0.0,0.0,1.0,0.0,0.0,0.0,0.0,0.0,0.0,0.0,0.0,0.0,0.0,0.0
Travel_Rarely,Research & Development,Life Sciences,1,Research Director,Divorced,0,0,2.031994554118448,2.976190476190476,3.1469534050179213,1.9642857142857142,2.5,0.0,0.0,2.0714285714285716,1.6666666666666667,3.75,1.6666666666666667,3.5137629192153548,0.45191728568560535,0.5555555555555556,0.0,0.0,3.333333333333333,0.0,1.6666666666666667,3.125,2.5,3.333333333333333,3.125,2.7777777777777777,1.0,2.6470588235294117,0.0,1.0,1.0,0.0,1.0,0.0,0.0,0.0,0.0,1.0,0.0,0.0,0.0,0.0,1.0,0.0,0.0,0.0,0.0,0.0,0.0
Travel_Rarely,Research & Development,Life Sciences,1,Laboratory Technician,Married,0,0,2.1102791014295437,2.142857142857143,4.655913978494624,0.8928571428571428,2.5,0.0,5.0,1.214285714285714,3.333333333333333,0.0,5.0,0.5803100611685297,3.6452519574382656,0.0,0.0,0.0,3.333333333333333,0.0,1.6666666666666667,2.0,3.3333333333333335,3.333333333333333,1.875,3.611111111111111,3.333333333333333,3.235294117647059,0.0,1.0,1.0,0.0,1.0,0.0,0.0,0.0,0.0,1.0,0.0,1.0,0.0,0.0,0.0,0.0,0.0,0.0,1.0,0.0,0.0
Travel_Frequently,Research & Development,Other,1,Research Director,Divorced,0,1,1.5214431586113,2.2619047619047614,2.003584229390681,1.7857142857142858,2.5,0.0,1.6666666666666667,1.214285714285714,3.333333333333333,2.5,5.0,2.946635730858468,1.5984742019674767,0.5555555555555556,1.0714285714285712,0.0,3.333333333333333,0.0,5.0,1.25,0.8333333333333334,3.333333333333333,1.25,2.2222222222222223,0.0,2.058823529411765,1.0,0.0,1.0,0.0,0.0,0.0,0.0,1.0,0.0,1.0,0.0,0.0,0.0,0.0,1.0,0.0,0.0,0.0,0.0,0.0,1.0
Travel_Frequently,Sales,Marketing,0,Sales Executive,Married,0,0,1.746085772634445,2.142857142857143,1.8028673835125448,1.0714285714285714,2.5,0.0,0.0,3.785714285714285,5.0,1.25,0.0,0.95707656612529,0.0335274041357157,1.1111111111111112,1.7857142857142856,0.0,5.0,0.0,1.6666666666666667,2.125,1.6666666666666667,1.6666666666666667,1.875,1.9444444444444446,2.0,3.823529411764706,1.0,0.0,0.0,1.0,0.0,1.0,0.0,0.0,0.0,0.0,0.0,0.0,0.0,0.0,0.0,0.0,1.0,0.0,1.0,0.0,0.0
Travel_Frequently,Research & Development,Medical,1,Manager,Married,0,0,3.349217154526889,2.4999999999999996,2.03584229390681,1.0714285714285714,1.25,0.0,3.333333333333333,1.714285714285714,1.6666666666666667,5.0,5.0,4.8151761231807635,3.8239309375627384,0.5555555555555556,1.4285714285714288,0.0,0.0,0.0,1.6666666666666667,2.625,1.6666666666666667,3.333333333333333,2.625,2.5,4.333333333333333,0.8823529411764706,1.0,0.0,1.0,0.0,0.0,0.0,1.0,0.0,0.0,1.0,0.0,0.0,1.0,0.0,0.0,0.0,0.0,0.0,1.0,0.0,0.0
Travel_Rarely,Research & Development,Life Sciences,0,Laboratory Technician,Married,0,0,2.9237576582709326,2.619047619047619,1.8351254480286738,0.17857142857142858,1.25,0.0,3.333333333333333,4.928571428571429,3.333333333333333,0.0,0.0,0.6243408563594177,4.720136518771331,2.2222222222222223,2.1428571428571423,0.0,5.0,0.0,1.6666666666666667,0.875,4.166666666666667,1.6666666666666667,0.5,0.8333333333333334,0.0,0.5882352941176471,0.0,1.0,1.0,0.0,1.0,0.0,0.0,0.0,0.0,0.0,0.0,1.0,0.0,0.0,0.0,0.0,0.0,0.0,1.0,0.0,0.0
Travel_Rarely,Research & Development,Technical Degree,0,Laboratory Technician,Married,0,0,1.327433628318584,1.4285714285714284,3.7060931899641574,0.8928571428571428,2.5,0.0,0.0,1.2857142857142856,1.6666666666666667,1.25,5.0,0.9539126766504957,4.32383055611323,0.0,0.35714285714285676,0.0,0.0,0.0,1.6666666666666667,1.25,5.0,3.333333333333333,1.125,0.5555555555555556,2.0,2.058823529411765,0.0,1.0,1.0,0.0,0.0,0.0,0.0,0.0,1.0,0.0,0.0,1.0,0.0,0.0,0.0,0.0,0.0,0.0,1.0,0.0,0.0
Travel_Rarely,Research & Development,Technical Degree,1,Research Scientist,Divorced,0,0,2.8761061946902653,2.619047619047619,4.28673835125448,4.107142857142857,1.25,0.0,0.0,2.285714285714285,3.333333333333333,1.25,5.0,0.6090487238979116,4.4876530817105,0.5555555555555556,2.1428571428571423,0.0,0.0,0.0,3.3333333333333335,1.125,2.5,3.333333333333333,1.125,2.2222222222222223,1.3333333333333333,2.058823529411765,0.0,1.0,1.0,0.0,0.0,0.0,0.0,0.0,1.0,1.0,0.0,0.0,0.0,0.0,0.0,1.0,0.0,0.0,0.0,0.0,0.0
Travel_Frequently,Sales,Marketing,1,Sales Representative,Married,0,0,2.899931926480599,0.5952380952380953,1.913978494623656,1.4285714285714286,2.5,0.0,5.0,0.2142857142857144,3.333333333333333,0.0,0.0,0.2059164733178654,4.991367195342301,0.5555555555555556,2.8571428571428568,0.0,0.0,0.0,1.6666666666666667,0.125,2.5,1.6666666666666667,0.125,0.0,0.3333333333333333,0.0,1.0,0.0,0.0,1.0,0.0,1.0,0.0,0.0,0.0,1.0,0.0,0.0,0.0,0.0,0.0,0.0,0.0,1.0,1.0,0.0,0.0
Travel_Rarely,Research & Development,Technical Degree,0,Manufacturing Director,Divorced,0,1,4.516678012253234,2.142857142857143,0.9283154121863799,0.0,2.5,0.0,3.333333333333333,3.357142857142857,0.0,2.5,0.0,2.4369858679603453,0.4298333667938165,1.1111111111111112,3.571428571428571,5.0,3.333333333333333,0.0,1.6666666666666667,2.125,1.6666666666666667,3.333333333333333,0.875,1.9444444444444446,2.333333333333333,2.058823529411765,0.0,1.0,1.0,0.0,0.0,0.0,0.0,0.0,1.0,0.0,0.0,0.0,0.0,1.0,0.0,0.0,0.0,0.0,0.0,0.0,1.0
Travel_Rarely,Human Resources,Medical,1,Human Resources,Married,0,0,4.353301565690946,3.0952380952380953,4.559139784946237,0.0,1.25,0.0,1.6666666666666667,4.357142857142858,1.6666666666666667,2.5,0.0,2.497627082893904,0.046576992571772724,5.0,1.0714285714285712,0.0,5.0,0.0,1.6666666666666667,3.0,0.8333333333333334,3.333333333333333,2.5,1.6666666666666667,1.0,1.7647058823529411,0.0,1.0,0.0,0.0,0.0,0.0,1.0,0.0,0.0,1.0,1.0,0.0,0.0,0.0,0.0,0.0,0.0,0.0,1.0,0.0,0.0
Travel_Rarely,Sales,Marketing,1,Sales Executive,Divorced,0,0,3.485364193328795,1.4285714285714284,3.1362007168458783,2.5000000000000004,1.25,0.0,3.333333333333333,4.571428571428571,1.6666666666666667,2.5,0.0,1.6164838641636785,0.1995583216221642,1.1111111111111112,0.0,0.0,0.0,0.0,1.6666666666666667,1.5,1.6666666666666667,3.333333333333333,0.875,1.9444444444444446,0.3333333333333333,2.058823529411765,0.0,1.0,0.0,1.0,0.0,1.0,0.0,0.0,0.0,1.0,0.0,0.0,0.0,0.0,0.0,0.0,1.0,0.0,0.0,0.0,0.0
Travel_Rarely,Research & Development,Medical,1,Research Director,Single,0,0,1.8992511912865893,2.2619047619047614,1.050179211469534,1.0714285714285714,3.75,0.0,0.0,0.0,3.333333333333333,2.5,3.333333333333333,3.3365851086268714,4.650471792812688,2.2222222222222223,0.7142857142857144,0.0,0.0,0.0,0.0,2.0,2.5,5.0,0.625,0.5555555555555556,0.0,0.5882352941176471,0.0,1.0,1.0,0.0,0.0,0.0,1.0,0.0,0.0,1.0,0.0,0.0,0.0,0.0,1.0,0.0,0.0,0.0,0.0,1.0,0.0
Travel_Rarely,Sales,Marketing,0,Sales Executive,Single,0,1,1.667801225323349,2.142857142857143,3.8351254480286743,0.3571428571428571,3.75,0.0,0.0,4.928571428571429,3.333333333333333,1.25,1.6666666666666667,2.1801835055895378,3.748042561734591,1.6666666666666667,1.7857142857142856,0.0,5.0,0.0,0.0,1.875,2.5,3.333333333333333,0.625,1.1111111111111112,0.0,0.29411764705882354,0.0,1.0,0.0,1.0,0.0,1.0,0.0,0.0,0.0,0.0,0.0,0.0,0.0,0.0,0.0,0.0,1.0,0.0,0.0,1.0,1.0
Travel_Rarely,Research & Development,Life Sciences,0,Laboratory Technician,Married,0,0,3.2743362831858405,1.7857142857142856,1.2939068100358424,0.17857142857142858,1.25,0.0,0.0,0.6428571428571428,3.333333333333333,0.0,0.0,0.4476903606834,3.8978116844007227,3.8888888888888893,3.2142857142857144,5.0,0.0,0.0,0.0,1.625,2.5,5.0,1.125,1.9444444444444446,0.3333333333333333,2.058823529411765,0.0,1.0,1.0,0.0,1.0,0.0,0.0,0.0,0.0,0.0,0.0,1.0,0.0,0.0,0.0,0.0,0.0,0.0,1.0,0.0,0.0
Non-Travel,Research & Development,Medical,0,Research Scientist,Single,0,1,1.0483321987746765,0.11904761904761907,1.4336917562724014,1.6071428571428572,2.5,0.0,0.0,4.7142857142857135,1.6666666666666667,0.0,1.6666666666666667,0.2241088377979329,0.8138927926119255,0.5555555555555556,5.0,5.0,1.6666666666666667,0.0,0.0,0.125,1.6666666666666667,5.0,0.125,0.2777777777777778,0.0,0.0,0.0,0.0,1.0,0.0,0.0,0.0,1.0,0.0,0.0,0.0,0.0,0.0,0.0,0.0,0.0,1.0,0.0,0.0,0.0,1.0,1.0
Travel_Rarely,Research & Development,Medical,0,Laboratory Technician,Divorced,0,1,1.569094622191967,3.6904761904761902,1.2903225806451613,2.678571428571429,2.5,0.0,5.0,3.142857142857143,3.333333333333333,0.0,0.0,0.41605146593545655,4.586829953824533,2.2222222222222223,1.7857142857142856,0.0,1.6666666666666667,0.0,1.6666666666666667,2.125,1.6666666666666667,1.6666666666666667,0.25,0.5555555555555556,0.6666666666666666,0.5882352941176471,0.0,1.0,1.0,0.0,0.0,0.0,1.0,0.0,0.0,0.0,0.0,1.0,0.0,0.0,0.0,0.0,0.0,0.0,0.0,0.0,1.0
Travel_Rarely,Research & Development,Technical Degree,1,Laboratory Technician,Single,0,1,3.5296119809394146,1.1904761904761902,4.767025089605735,0.7142857142857143,3.75,0.0,3.333333333333333,1.4285714285714284,3.333333333333333,0.0,3.333333333333333,0.641214933558321,1.8239309375627386,0.5555555555555556,0.7142857142857144,0.0,3.333333333333333,0.0,0.0,0.25,2.5,1.6666666666666667,0.25,0.5555555555555556,0.6666666666666666,0.5882352941176471,0.0,1.0,1.0,0.0,0.0,0.0,0.0,0.0,1.0,1.0,0.0,1.0,0.0,0.0,0.0,0.0,0.0,0.0,0.0,1.0,1.0
Travel_Rarely,Research & Development,Technical Degree,0,Laboratory Technician,Married,0,0,1.8788291354663034,1.0714285714285712,3.6917562724014337,2.678571428571429,3.75,0.0,3.333333333333333,0.5,3.333333333333333,0.0,1.6666666666666667,0.47511073613161775,2.006022886970488,5.0,1.0714285714285712,0.0,1.6666666666666667,0.0,1.6666666666666667,0.5,1.6666666666666667,3.333333333333333,0.25,0.5555555555555556,0.6666666666666666,0.5882352941176471,0.0,1.0,1.0,0.0,0.0,0.0,0.0,0.0,1.0,0.0,0.0,1.0,0.0,0.0,0.0,0.0,0.0,0.0,1.0,0.0,0.0
Travel_Rarely,Research & Development,Life Sciences,0,Healthcare Representative,Divorced,0,0,2.6106194690265485,2.619047619047619,2.315412186379928,1.9642857142857142,2.5,0.0,1.6666666666666667,1.214285714285714,3.333333333333333,1.25,0.0,0.9067179919848132,1.7374021280867298,1.1111111111111112,0.35714285714285676,0.0,1.6666666666666667,0.0,1.6666666666666667,1.875,2.5,3.333333333333333,0.875,1.1111111111111112,2.333333333333333,2.058823529411765,0.0,1.0,1.0,0.0,1.0,0.0,0.0,0.0,0.0,0.0,0.0,0.0,0.0,0.0,0.0,0.0,0.0,0.0,0.0,0.0,0.0
Travel_Rarely,Research & Development,Medical,0,Research Scientist,Married,0,0,4.121851599727706,2.2619047619047614,3.272401433691756,0.0,1.25,0.0,3.333333333333333,3.785714285714285,1.6666666666666667,0.0,0.0,0.767506855093862,3.3332664123669944,1.1111111111111112,1.0714285714285712,0.0,0.0,0.0,1.6666666666666667,2.125,1.6666666666666667,1.6666666666666667,0.375,0.2777777777777778,0.0,0.5882352941176471,0.0,1.0,1.0,0.0,0.0,0.0,1.0,0.0,0.0,0.0,0.0,0.0,0.0,0.0,0.0,1.0,0.0,0.0,1.0,0.0,0.0
Travel_Rarely,Sales,Life Sciences,0,Sales Executive,Single,0,0,2.399591558883594,3.214285714285714,0.967741935483871,3.3928571428571432,2.5,0.0,5.0,1.4285714285714284,3.333333333333333,1.25,3.333333333333333,1.012708289390424,4.264003212206384,4.444444444444445,1.4285714285714288,0.0,3.333333333333333,0.0,0.0,1.0,2.5,3.333333333333333,0.625,0.8333333333333334,0.0,0.29411764705882354,0.0,1.0,0.0,1.0,1.0,0.0,0.0,0.0,0.0,0.0,0.0,0.0,0.0,0.0,0.0,0.0,1.0,0.0,0.0,1.0,0.0
Travel_Rarely,Human Resources,Technical Degree,1,Human Resources,Divorced,0,1,2.8795098706603133,2.857142857142857,1.5770609318996416,0.17857142857142858,0.0,0.0,3.333333333333333,1.5714285714285712,3.333333333333333,0.0,3.333333333333333,0.44479012866483864,4.401325035133508,0.0,0.0,0.0,3.333333333333333,0.0,1.6666666666666667,0.5,4.166666666666667,3.333333333333333,0.375,0.5555555555555556,0.3333333333333333,0.0,0.0,1.0,0.0,0.0,0.0,0.0,0.0,0.0,1.0,1.0,1.0,0.0,0.0,0.0,0.0,0.0,0.0,0.0,0.0,0.0,1.0
Travel_Rarely,Research & Development,Life Sciences,1,Laboratory Technician,Single,0,0,2.624234172906739,2.142857142857143,0.7419354838709677,1.0714285714285714,2.5,0.0,0.0,3.357142857142857,3.333333333333333,0.0,1.6666666666666667,0.26471208605779367,1.7779562336880146,1.1111111111111112,0.0,0.0,3.333333333333333,0.0,0.0,1.875,3.3333333333333335,3.333333333333333,0.5,0.8333333333333334,0.3333333333333333,0.8823529411764706,0.0,1.0,1.0,0.0,1.0,0.0,0.0,0.0,0.0,1.0,0.0,1.0,0.0,0.0,0.0,0.0,0.0,0.0,0.0,1.0,0.0
Travel_Rarely,Sales,Life Sciences,0,Sales Executive,Single,0,0,2.5731790333560243,4.880952380952381,4.770609318996415,4.285714285714286,2.5,0.0,0.0,4.928571428571429,3.333333333333333,2.5,0.0,1.7475216199114108,0.0521983537442281,3.8888888888888893,0.0,0.0,5.0,0.0,0.0,3.5,2.5,1.6666666666666667,2.625,4.444444444444445,2.333333333333333,2.6470588235294117,0.0,1.0,0.0,1.0,1.0,0.0,0.0,0.0,0.0,0.0,0.0,0.0,0.0,0.0,0.0,0.0,1.0,0.0,0.0,1.0,0.0
Travel_Rarely,Sales,Marketing,1,Sales Executive,Married,0,0,1.198093941456773,2.619047619047619,1.8853046594982081,0.5357142857142857,3.75,0.0,3.333333333333333,2.642857142857143,1.6666666666666667,2.5,5.0,2.5959713140687612,1.2965268018470189,3.8888888888888893,0.0,0.0,0.0,0.0,1.6666666666666667,1.875,1.6666666666666667,1.6666666666666667,1.5,3.055555555555556,0.6666666666666666,3.235294117647059,0.0,1.0,0.0,1.0,0.0,1.0,0.0,0.0,0.0,1.0,0.0,0.0,0.0,0.0,0.0,0.0,1.0,0.0,1.0,0.0,0.0
Travel_Rarely,Research & Development,Medical,1,Research Scientist,Married,0,0,2.433628318584071,2.2619047619047614,2.043010752688172,2.1428571428571432,2.5,0.0,0.0,1.214285714285714,3.333333333333333,1.25,5.0,0.8637418266188568,0.18811483637823728,0.5555555555555556,2.1428571428571423,0.0,0.0,0.0,0.0,1.25,1.6666666666666667,3.333333333333333,1.25,2.2222222222222223,1.0,2.058823529411765,0.0,1.0,1.0,0.0,0.0,0.0,1.0,0.0,0.0,1.0,0.0,0.0,0.0,0.0,0.0,1.0,0.0,0.0,1.0,0.0,0.0
Travel_Rarely,Research & Development,Medical,1,Laboratory Technician,Single,0,0,0.42205582028590877,0.9523809523809521,0.18996415770609315,0.0,2.5,0.0,3.333333333333333,4.642857142857142,3.333333333333333,0.0,0.0,0.489875553680658,3.596065047179281,0.0,0.7142857142857144,0.0,5.0,0.0,0.0,1.0,5.0,1.6666666666666667,0.875,1.9444444444444446,2.333333333333333,1.7647058823529411,0.0,1.0,1.0,0.0,0.0,0.0,1.0,0.0,0.0,1.0,0.0,1.0,0.0,0.0,0.0,0.0,0.0,0.0,0.0,1.0,0.0
Travel_Rarely,Research & Development,Other,1,Manufacturing Director,Married,0,0,0.6058543226684819,1.4285714285714284,3.8422939068100357,3.3928571428571432,2.5,0.0,3.333333333333333,3.9285714285714284,3.333333333333333,1.25,0.0,2.359206918371651,1.4057418189118651,0.0,1.4285714285714288,0.0,3.333333333333333,0.0,1.6666666666666667,0.875,0.8333333333333334,1.6666666666666667,0.75,0.5555555555555556,0.0,0.5882352941176471,0.0,1.0,1.0,0.0,0.0,0.0,0.0,1.0,0.0,1.0,0.0,0.0,0.0,1.0,0.0,0.0,0.0,0.0,1.0,0.0,0.0
Travel_Frequently,Sales,Medical,0,Sales Executive,Divorced,0,1,0.9768550034036759,1.0714285714285712,4.681003584229391,0.3571428571428571,0.0,0.0,5.0,2.9285714285714284,5.0,1.25,5.0,0.9591858257751529,2.926922304758081,0.5555555555555556,3.2142857142857144,5.0,1.6666666666666667,0.0,3.3333333333333335,0.75,2.5,3.333333333333333,0.75,1.3888888888888888,0.0,1.1764705882352942,1.0,0.0,0.0,1.0,0.0,0.0,1.0,0.0,0.0,0.0,0.0,0.0,0.0,0.0,0.0,0.0,1.0,0.0,0.0,0.0,1.0
Travel_Rarely,Sales,Marketing,1,Sales Executive,Single,0,0,4.819605173587474,2.7380952380952377,2.917562724014337,0.8928571428571428,2.5,0.0,5.0,0.3571428571428572,3.333333333333333,2.5,3.333333333333333,2.1704281797089218,2.765508933949006,0.5555555555555556,0.35714285714285676,0.0,1.6666666666666667,0.0,0.0,1.25,2.5,3.333333333333333,1.25,2.2222222222222223,2.6666666666666665,2.058823529411765,0.0,1.0,0.0,1.0,0.0,1.0,0.0,0.0,0.0,1.0,0.0,0.0,0.0,0.0,0.0,0.0,1.0,0.0,0.0,1.0,0.0
Travel_Frequently,Sales,Life Sciences,1,Sales Representative,Married,0,0,4.138869979577944,1.4285714285714284,1.2329749103942653,1.9642857142857142,3.75,0.0,1.6666666666666667,3.142857142857143,1.6666666666666667,0.0,0.0,0.26998523518245093,2.484641638225256,0.5555555555555556,2.5,0.0,3.333333333333333,0.0,1.6666666666666667,0.125,1.6666666666666667,5.0,0.125,0.0,0.0,0.0,1.0,0.0,0.0,1.0,1.0,0.0,0.0,0.0,0.0,1.0,0.0,0.0,0.0,0.0,0.0,0.0,0.0,1.0,1.0,0.0,0.0
Travel_Rarely,Sales,Life Sciences,0,Manager,Married,0,0,1.0006807351940095,2.7380952380952377,4.200716845878136,0.17857142857142858,5.0,0.0,1.6666666666666667,4.357142857142858,3.333333333333333,3.75,0.0,4.109365112845391,0.7090945593254367,3.8888888888888893,1.7857142857142856,0.0,1.6666666666666667,0.0,1.6666666666666667,2.75,1.6666666666666667,3.333333333333333,2.25,4.444444444444445,3.6666666666666665,2.3529411764705883,0.0,1.0,0.0,1.0,1.0,0.0,0.0,0.0,0.0,0.0,0.0,0.0,1.0,0.0,0.0,0.0,0.0,0.0,1.0,0.0,0.0
Travel_Rarely,Research & Development,Life Sciences,1,Research Director,Married,0,0,1.1130020422055817,2.976190476190476,1.7383512544802868,2.3214285714285716,1.25,0.0,1.6666666666666667,4.571428571428571,3.333333333333333,3.75,0.0,4.258067918160726,0.6235695643445092,3.3333333333333335,4.642857142857142,5.0,3.333333333333333,0.0,1.6666666666666667,2.75,2.5,3.333333333333333,0.5,0.2777777777777778,0.3333333333333333,0.0,0.0,1.0,1.0,0.0,1.0,0.0,0.0,0.0,0.0,1.0,0.0,0.0,0.0,0.0,1.0,0.0,0.0,0.0,1.0,0.0,0.0
Non-Travel,Sales,Life Sciences,0,Sales Executive,Married,0,0,2.140912185159973,3.214285714285714,1.7383512544802868,0.17857142857142858,3.75,0.0,3.333333333333333,2.642857142857143,3.333333333333333,1.25,3.333333333333333,1.092860156085214,3.5276048986147357,2.2222222222222223,3.928571428571429,5.0,1.6666666666666667,0.0,3.3333333333333335,1.25,2.5,5.0,1.0,1.9444444444444446,1.6666666666666665,2.058823529411765,0.0,0.0,0.0,1.0,1.0,0.0,0.0,0.0,0.0,0.0,0.0,0.0,0.0,0.0,0.0,0.0,1.0,0.0,1.0,0.0,0.0
Travel_Rarely,Research & Development,Medical,1,Manufacturing Director,Married,0,0,4.95575221238938,1.9047619047619047,3.7598566308243724,0.0,1.25,0.0,0.0,4.571428571428571,3.333333333333333,1.25,1.6666666666666667,0.8742881248681713,3.140333266412367,0.5555555555555556,1.4285714285714288,0.0,3.333333333333333,0.0,0.0,0.625,1.6666666666666667,3.333333333333333,0.625,0.5555555555555556,0.3333333333333333,0.8823529411764706,0.0,1.0,1.0,0.0,0.0,0.0,1.0,0.0,0.0,1.0,0.0,0.0,0.0,1.0,0.0,0.0,0.0,0.0,1.0,0.0,0.0
Travel_Rarely,Sales,Life Sciences,0,Sales Executive,Married,0,0,0.2995234853641933,3.3333333333333335,4.121863799283154,1.6071428571428572,2.5,0.0,3.333333333333333,2.4285714285714284,3.333333333333333,2.5,1.6666666666666667,1.6623602615481965,2.3924914675767917,2.7777777777777777,3.571428571428571,5.0,3.333333333333333,0.0,5.0,1.75,1.6666666666666667,3.333333333333333,1.0,1.9444444444444446,0.0,2.058823529411765,0.0,1.0,0.0,1.0,1.0,0.0,0.0,0.0,0.0,0.0,0.0,0.0,0.0,0.0,0.0,0.0,1.0,0.0,1.0,0.0,0.0
Travel_Rarely,Research & Development,Life Sciences,0,Research Scientist,Single,0,0,3.1892443839346494,1.7857142857142856,1.2795698924731183,2.1428571428571432,0.0,0.0,1.6666666666666667,1.6428571428571428,3.333333333333333,0.0,5.0,0.6441151655768824,3.040955631399317,1.6666666666666667,2.5,0.0,0.0,0.0,0.0,0.625,3.3333333333333335,3.333333333333333,0.375,0.5555555555555556,0.0,0.5882352941176471,0.0,1.0,1.0,0.0,1.0,0.0,0.0,0.0,0.0,0.0,0.0,0.0,0.0,0.0,0.0,1.0,0.0,0.0,0.0,1.0,0.0
Travel_Rarely,Research & Development,Life Sciences,1,Research Director,Single,0,0,4.526889040163376,3.9285714285714284,2.078853046594982,0.8928571428571428,2.5,0.0,0.0,1.5,3.333333333333333,5.0,3.333333333333333,4.885045349082472,0.8769323429030316,3.8888888888888893,0.7142857142857144,0.0,3.333333333333333,0.0,0.0,2.875,4.166666666666667,3.333333333333333,2.5,5.0,5.0,4.411764705882353,0.0,1.0,1.0,0.0,1.0,0.0,0.0,0.0,0.0,1.0,0.0,0.0,0.0,0.0,1.0,0.0,0.0,0.0,0.0,1.0,0.0
Travel_Rarely,Research & Development,Medical,1,Research Scientist,Divorced,0,0,1.8856364874063987,1.6666666666666665,3.129032258064516,0.17857142857142858,2.5,0.0,5.0,1.0714285714285712,3.333333333333333,1.25,1.6666666666666667,1.1761759122547986,4.702670146556916,0.0,0.7142857142857144,0.0,3.333333333333333,0.0,3.3333333333333335,1.25,3.3333333333333335,1.6666666666666667,1.125,1.3888888888888888,0.3333333333333333,1.7647058823529411,0.0,1.0,1.0,0.0,0.0,0.0,1.0,0.0,0.0,1.0,0.0,0.0,0.0,0.0,0.0,1.0,0.0,0.0,0.0,0.0,0.0
Travel_Rarely,Research & Development,Life Sciences,0,Manufacturing Director,Divorced,0,0,2.287270251872022,1.9047619047619047,0.2258064516129032,1.25,5.0,0.0,1.6666666666666667,0.1428571428571428,3.333333333333333,1.25,0.0,1.0841594600295297,0.42019674764103593,1.6666666666666667,1.0714285714285712,0.0,3.333333333333333,0.0,1.6666666666666667,0.875,2.5,3.333333333333333,0.0,0.0,0.0,0.0,0.0,1.0,1.0,0.0,1.0,0.0,0.0,0.0,0.0,0.0,0.0,0.0,0.0,1.0,0.0,0.0,0.0,0.0,0.0,0.0,0.0
Travel_Rarely,Research & Development,Technical Degree,1,Laboratory Technician,Single,0,0,4.628999319264806,3.5714285714285707,3.100358422939068,0.17857142857142858,1.25,0.0,5.0,3.285714285714285,5.0,0.0,1.6666666666666667,0.40866905716093643,2.9162818711102187,2.7777777777777777,0.0,0.0,3.333333333333333,0.0,0.0,0.875,3.3333333333333335,1.6666666666666667,0.125,0.0,0.0,0.0,0.0,1.0,1.0,0.0,0.0,0.0,0.0,0.0,1.0,1.0,0.0,1.0,0.0,0.0,0.0,0.0,0.0,0.0,0.0,1.0,0.0
Non-Travel,Research & Development,Life Sciences,0,Laboratory Technician,Married,0,0,2.2770592239618788,1.1904761904761902,4.917562724014337,0.0,2.5,0.0,3.333333333333333,1.7857142857142856,0.0,1.25,5.0,1.4936194895591646,2.870507930134511,0.0,0.0,0.0,0.0,0.0,5.0,1.25,5.0,3.333333333333333,1.125,2.2222222222222223,2.333333333333333,1.4705882352941178,0.0,0.0,1.0,0.0,1.0,0.0,0.0,0.0,0.0,0.0,0.0,1.0,0.0,0.0,0.0,0.0,0.0,0.0,1.0,0.0,0.0
Travel_Rarely,Research & Development,Technical Degree,0,Laboratory Technician,Divorced,0,1,3.0803267528931246,1.3095238095238093,2.5161290322580645,1.0714285714285714,2.5,0.0,1.6666666666666667,0.6428571428571428,3.333333333333333,0.0,3.333333333333333,0.614321873022569,3.0497891989560326,1.6666666666666667,0.7142857142857144,0.0,0.0,0.0,3.3333333333333335,1.25,1.6666666666666667,3.333333333333333,0.875,1.9444444444444446,2.333333333333333,2.058823529411765,0.0,1.0,1.0,0.0,0.0,0.0,0.0,0.0,1.0,0.0,0.0,1.0,0.0,0.0,0.0,0.0,0.0,0.0,0.0,0.0,1.0
Travel_Rarely,Research & Development,Life Sciences,1,Healthcare Representative,Single,0,0,0.9870660313138189,3.3333333333333335,2.197132616487455,2.1428571428571432,3.75,0.0,3.333333333333333,0.2857142857142856,3.333333333333333,1.25,1.6666666666666667,1.200432398228222,1.5264003212206385,3.3333333333333335,1.0714285714285712,0.0,5.0,0.0,0.0,2.375,2.5,3.333333333333333,1.25,1.9444444444444446,0.0,2.6470588235294117,0.0,1.0,1.0,0.0,1.0,0.0,0.0,0.0,0.0,1.0,0.0,0.0,0.0,0.0,0.0,0.0,0.0,0.0,0.0,1.0,0.0
Travel_Rarely,Sales,Life Sciences,0,Sales Representative,Married,0,0,4.734513274336283,2.0238095238095233,4.652329749103942,4.821428571428571,3.75,0.0,1.6666666666666667,4.857142857142858,1.6666666666666667,0.0,3.333333333333333,0.3746572453068972,4.840393495282072,0.0,4.2857142857142865,5.0,0.0,0.0,3.3333333333333335,0.75,4.166666666666667,3.333333333333333,0.625,0.8333333333333334,1.3333333333333333,0.5882352941176471,0.0,1.0,0.0,1.0,1.0,0.0,0.0,0.0,0.0,0.0,0.0,0.0,0.0,0.0,0.0,0.0,0.0,1.0,1.0,0.0,0.0
Travel_Rarely,Human Resources,Medical,1,Manager,Single,0,1,4.8468345813478555,2.619047619047619,2.845878136200717,0.8928571428571428,1.25,0.0,3.333333333333333,0.5714285714285712,3.333333333333333,3.75,5.0,4.067707234760599,3.069062437261594,0.5555555555555556,3.571428571428571,5.0,5.0,0.0,0.0,2.625,1.6666666666666667,3.333333333333333,2.625,1.9444444444444446,2.333333333333333,2.058823529411765,0.0,1.0,0.0,0.0,0.0,0.0,1.0,0.0,0.0,1.0,0.0,0.0,1.0,0.0,0.0,0.0,0.0,0.0,0.0,1.0,1.0
Travel_Rarely,Research & Development,Other,1,Manager,Married,0,0,1.1844792375765825,3.214285714285714,0.5304659498207884,0.0,2.5,0.0,3.333333333333333,2.857142857142857,5.0,5.0,5.0,4.796720101244463,2.7857859867496484,0.0,0.0,0.0,3.333333333333333,0.0,1.6666666666666667,3.125,1.6666666666666667,3.333333333333333,3.0,0.0,0.3333333333333333,2.058823529411765,0.0,1.0,1.0,0.0,0.0,0.0,0.0,1.0,0.0,1.0,0.0,0.0,1.0,0.0,0.0,0.0,0.0,0.0,1.0,0.0,0.0
Non-Travel,Research & Development,Life Sciences,0,Research Director,Divorced,0,0,3.6929884275017018,2.7380952380952377,0.5125448028673836,1.0714285714285714,0.0,0.0,1.6666666666666667,1.7857142857142856,0.0,5.0,3.333333333333333,5.0,3.6518771331058018,0.5555555555555556,3.928571428571429,5.0,1.6666666666666667,0.0,3.3333333333333335,2.625,2.5,3.333333333333333,2.625,4.444444444444445,1.6666666666666665,2.9411764705882355,0.0,0.0,1.0,0.0,1.0,0.0,0.0,0.0,0.0,0.0,0.0,0.0,0.0,0.0,1.0,0.0,0.0,0.0,0.0,0.0,0.0
Travel_Rarely,Research & Development,Medical,0,Research Scientist,Married,0,0,4.714091218515997,1.0714285714285712,1.3691756272401434,1.25,2.5,0.0,1.6666666666666667,3.9999999999999996,5.0,0.0,3.333333333333333,0.6612529002320184,4.094760088335676,3.8888888888888893,2.1428571428571423,0.0,0.0,0.0,0.0,0.625,0.0,3.333333333333333,0.375,0.5555555555555556,0.0,0.5882352941176471,0.0,1.0,1.0,0.0,0.0,0.0,1.0,0.0,0.0,0.0,0.0,0.0,0.0,0.0,0.0,1.0,0.0,0.0,1.0,0.0,0.0
Travel_Rarely,Research & Development,Technical Degree,0,Research Scientist,Married,0,0,2.2600408441116406,1.3095238095238093,1.0896057347670252,4.285714285714286,5.0,0.0,3.333333333333333,2.9285714285714284,1.6666666666666667,0.0,1.6666666666666667,0.40524151022990923,3.2535635414575386,2.7777777777777777,1.7857142857142856,0.0,1.6666666666666667,0.0,0.0,0.75,1.6666666666666667,5.0,0.25,0.5555555555555556,0.3333333333333333,0.29411764705882354,0.0,1.0,1.0,0.0,0.0,0.0,0.0,0.0,1.0,0.0,0.0,0.0,0.0,0.0,0.0,1.0,0.0,0.0,1.0,0.0,0.0
Travel_Rarely,Research & Development,Medical,1,Research Scientist,Married,0,0,1.960517358747447,1.1904761904761902,1.2043010752688172,3.5714285714285716,2.5,0.0,3.333333333333333,0.8571428571428572,3.333333333333333,0.0,5.0,0.44927230542079727,0.9190925516964465,0.5555555555555556,0.0,0.0,3.333333333333333,0.0,1.6666666666666667,0.625,1.6666666666666667,0.0,0.625,0.5555555555555556,0.0,0.5882352941176471,0.0,1.0,1.0,0.0,0.0,0.0,1.0,0.0,0.0,1.0,0.0,0.0,0.0,0.0,0.0,1.0,0.0,0.0,1.0,0.0,0.0
Travel_Rarely,Research & Development,Life Sciences,1,Laboratory Technician,Married,0,0,1.5588835942818242,2.7380952380952377,2.971326164874552,1.4285714285714286,3.75,0.0,3.333333333333333,4.571428571428571,3.333333333333333,0.0,0.0,0.32403501371018767,0.9771130295121462,1.1111111111111112,3.571428571428571,5.0,5.0,0.0,1.6666666666666667,0.875,1.6666666666666667,3.333333333333333,0.625,0.0,0.3333333333333333,1.1764705882352942,0.0,1.0,1.0,0.0,1.0,0.0,0.0,0.0,0.0,1.0,0.0,1.0,0.0,0.0,0.0,0.0,0.0,0.0,1.0,0.0,0.0
Travel_Rarely,Research & Development,Medical,0,Laboratory Technician,Married,0,0,3.689584751531654,2.619047619047619,1.6164874551971327,0.17857142857142858,2.5,0.0,1.6666666666666667,3.4285714285714284,1.6666666666666667,1.25,3.333333333333333,0.643060535751951,2.277052800642441,3.3333333333333335,3.928571428571429,5.0,1.6666666666666667,0.0,1.6666666666666667,2.5,2.5,3.333333333333333,0.125,0.0,0.0,0.0,0.0,1.0,1.0,0.0,0.0,0.0,1.0,0.0,0.0,0.0,0.0,1.0,0.0,0.0,0.0,0.0,0.0,0.0,1.0,0.0,0.0
Travel_Frequently,Sales,Life Sciences,0,Sales Executive,Married,0,0,1.1334240980258679,4.523809523809524,2.8745519713261647,0.8928571428571428,2.5,0.0,3.333333333333333,3.9999999999999996,5.0,3.75,0.0,3.217411938409618,3.244729973900823,5.0,0.0,0.0,5.0,0.0,5.0,4.5,0.0,1.6666666666666667,0.875,1.9444444444444446,2.333333333333333,2.058823529411765,1.0,0.0,0.0,1.0,1.0,0.0,0.0,0.0,0.0,0.0,0.0,0.0,0.0,0.0,0.0,0.0,1.0,0.0,1.0,0.0,0.0
Travel_Frequently,Research & Development,Medical,0,Manufacturing Director,Single,0,1,3.505786249149081,2.4999999999999996,3.014336917562724,3.7500000000000004,2.5,0.0,5.0,3.714285714285714,3.333333333333333,2.5,0.0,2.602562750474583,0.6000803051596066,0.5555555555555556,0.7142857142857144,0.0,3.333333333333333,0.0,0.0,2.625,1.6666666666666667,3.333333333333333,2.625,1.6666666666666667,0.6666666666666666,2.3529411764705883,1.0,0.0,1.0,0.0,0.0,0.0,1.0,0.0,0.0,0.0,0.0,0.0,0.0,1.0,0.0,0.0,0.0,0.0,0.0,1.0,1.0
Non-Travel,Research & Development,Life Sciences,1,Laboratory Technician,Married,0,0,4.8332198774676645,3.214285714285714,2.5125448028673834,0.5357142857142857,1.25,0.0,3.333333333333333,1.9285714285714284,3.333333333333333,1.25,1.6666666666666667,0.9064543345285805,4.22987351937362,0.5555555555555556,0.35714285714285676,0.0,1.6666666666666667,0.0,0.0,1.125,4.166666666666667,1.6666666666666667,1.125,1.9444444444444446,0.0,2.3529411764705883,0.0,0.0,1.0,0.0,1.0,0.0,0.0,0.0,0.0,1.0,0.0,1.0,0.0,0.0,0.0,0.0,0.0,0.0,1.0,0.0,0.0
Travel_Rarely,Research & Development,Life Sciences,1,Manufacturing Director,Married,0,0,4.727705922396188,1.1904761904761902,3.5089605734767026,5.0,0.0,0.0,3.333333333333333,4.7142857142857135,0.0,1.25,1.6666666666666667,1.4606623075300569,0.21662316803854648,0.5555555555555556,1.0714285714285712,0.0,1.6666666666666667,0.0,3.3333333333333335,1.0,1.6666666666666667,1.6666666666666667,1.0,1.6666666666666667,0.3333333333333333,2.058823529411765,0.0,1.0,1.0,0.0,1.0,0.0,0.0,0.0,0.0,1.0,0.0,0.0,0.0,1.0,0.0,0.0,0.0,0.0,1.0,0.0,0.0
Travel_Rarely,Sales,Life Sciences,1,Sales Executive,Married,0,1,4.635806671204901,2.4999999999999996,4.996415770609319,3.5714285714285716,3.75,0.0,0.0,1.0,1.6666666666666667,1.25,5.0,1.347553258806159,0.2957237502509536,1.6666666666666667,0.35714285714285676,0.0,5.0,0.0,3.3333333333333335,1.0,1.6666666666666667,5.0,0.625,1.1111111111111112,0.3333333333333333,1.1764705882352942,0.0,1.0,0.0,1.0,1.0,0.0,0.0,0.0,0.0,1.0,0.0,0.0,0.0,0.0,0.0,0.0,1.0,0.0,1.0,0.0,1.0
Travel_Rarely,Research & Development,Medical,1,Research Director,Married,0,0,1.1164057181756295,1.3095238095238093,3.161290322580645,0.3571428571428571,3.75,0.0,1.6666666666666667,4.5,1.6666666666666667,2.5,3.333333333333333,2.8807213668002527,3.9012246536839994,0.5555555555555556,2.5,0.0,3.333333333333333,0.0,0.0,1.25,1.6666666666666667,3.333333333333333,1.25,0.5555555555555556,0.0,2.058823529411765,0.0,1.0,1.0,0.0,0.0,0.0,1.0,0.0,0.0,1.0,0.0,0.0,0.0,0.0,1.0,0.0,0.0,0.0,1.0,0.0,0.0
Travel_Rarely,Research & Development,Life Sciences,0,Healthcare Representative,Married,0,0,1.082368958475153,2.142857142857143,2.175627240143369,0.7142857142857143,3.75,0.0,1.6666666666666667,0.8571428571428572,3.333333333333333,2.5,0.0,1.8453385361738028,4.155390483838587,2.2222222222222223,0.35714285714285676,0.0,3.333333333333333,0.0,3.3333333333333335,1.125,5.0,3.333333333333333,0.375,0.5555555555555556,0.0,0.5882352941176471,0.0,1.0,1.0,0.0,1.0,0.0,0.0,0.0,0.0,0.0,0.0,0.0,0.0,0.0,0.0,0.0,0.0,0.0,1.0,0.0,0.0
Travel_Rarely,Research & Development,Life Sciences,0,Manufacturing Director,Single,0,1,4.986385296119809,2.380952380952381,0.22939068100358423,0.0,2.5,0.0,3.333333333333333,3.642857142857143,3.333333333333333,2.5,3.333333333333333,1.8065808901075722,2.6707488456133306,2.2222222222222223,1.0714285714285712,0.0,5.0,0.0,0.0,1.25,3.3333333333333335,5.0,0.125,0.0,0.0,0.0,0.0,1.0,1.0,0.0,1.0,0.0,0.0,0.0,0.0,0.0,0.0,0.0,0.0,1.0,0.0,0.0,0.0,0.0,0.0,1.0,1.0
Travel_Rarely,Sales,Life Sciences,0,Sales Representative,Single,0,0,4.118447923757659,0.3571428571428572,0.1863799283154121,1.9642857142857142,2.5,0.0,3.333333333333333,4.285714285714285,5.0,0.0,1.6666666666666667,0.4500632777894958,4.683396908251355,0.5555555555555556,1.4285714285714288,0.0,5.0,0.0,0.0,0.125,0.0,3.333333333333333,0.125,0.0,0.0,0.0,0.0,1.0,0.0,1.0,1.0,0.0,0.0,0.0,0.0,0.0,0.0,0.0,0.0,0.0,0.0,0.0,0.0,1.0,0.0,1.0,0.0
Travel_Rarely,Sales,Medical,0,Sales Executive,Married,0,1,0.04084411164057182,3.452380952380952,1.6738351254480288,2.3214285714285716,2.5,0.0,3.333333333333333,3.4285714285714284,3.333333333333333,1.25,3.333333333333333,0.9444210082261126,4.438064645653483,1.6666666666666667,2.1428571428571423,0.0,3.333333333333333,0.0,1.6666666666666667,1.375,3.3333333333333335,1.6666666666666667,0.625,1.1111111111111112,0.3333333333333333,0.5882352941176471,0.0,1.0,0.0,1.0,0.0,0.0,1.0,0.0,0.0,0.0,0.0,0.0,0.0,0.0,0.0,0.0,1.0,0.0,1.0,0.0,1.0
Travel_Rarely,Research & Development,Life Sciences,1,Laboratory Technician,Single,0,1,0.5820285908781484,1.6666666666666665,1.4731182795698925,0.0,2.5,0.0,5.0,2.285714285714285,1.6666666666666667,0.0,3.333333333333333,0.717411938409618,1.5011041959445894,0.0,1.0714285714285712,0.0,5.0,0.0,0.0,0.5,1.6666666666666667,0.0,0.375,0.5555555555555556,0.3333333333333333,0.5882352941176471,0.0,1.0,1.0,0.0,1.0,0.0,0.0,0.0,0.0,1.0,0.0,1.0,0.0,0.0,0.0,0.0,0.0,0.0,0.0,1.0,1.0
Travel_Rarely,Sales,Medical,1,Sales Executive,Single,0,0,0.8849557522123893,1.3095238095238093,1.3082437275985663,1.6071428571428572,2.5,0.0,3.333333333333333,0.8571428571428572,1.6666666666666667,1.25,3.333333333333333,1.2813752372917104,4.2800642441276855,5.0,0.0,0.0,3.333333333333333,0.0,0.0,1.0,1.6666666666666667,3.333333333333333,0.625,0.5555555555555556,0.3333333333333333,1.1764705882352942,0.0,1.0,0.0,1.0,0.0,0.0,1.0,0.0,0.0,1.0,0.0,0.0,0.0,0.0,0.0,0.0,1.0,0.0,0.0,1.0,0.0
Travel_Rarely,Research & Development,Life Sciences,0,Research Scientist,Divorced,0,0,2.780803267528931,1.3095238095238093,3.2473118279569895,0.0,2.5,0.0,0.0,4.785714285714285,3.333333333333333,0.0,5.0,0.7253216620966041,0.7034731981529814,0.5555555555555556,1.4285714285714288,0.0,0.0,0.0,5.0,0.375,4.166666666666667,3.333333333333333,0.375,0.5555555555555556,0.3333333333333333,0.5882352941176471,0.0,1.0,1.0,0.0,1.0,0.0,0.0,0.0,0.0,0.0,0.0,0.0,0.0,0.0,0.0,1.0,0.0,0.0,0.0,0.0,0.0
Travel_Rarely,Research & Development,Life Sciences,0,Research Director,Divorced,0,0,4.356705241660994,1.3095238095238093,2.1146953405017923,0.0,2.5,0.0,5.0,4.071428571428571,1.6666666666666667,3.75,5.0,3.9851824509597127,0.266813892792612,1.6666666666666667,1.0714285714285712,0.0,1.6666666666666667,0.0,3.3333333333333335,1.125,1.6666666666666667,1.6666666666666667,0.875,1.9444444444444446,0.3333333333333333,2.058823529411765,0.0,1.0,1.0,0.0,1.0,0.0,0.0,0.0,0.0,0.0,0.0,0.0,0.0,0.0,1.0,0.0,0.0,0.0,0.0,0.0,0.0
Travel_Frequently,Research & Development,Medical,1,Research Scientist,Single,0,1,2.6004084411164055,2.0238095238095233,0.15053763440860218,0.17857142857142858,3.75,0.0,0.0,3.4999999999999996,1.6666666666666667,0.0,5.0,1.0338008858890528,2.384260188717125,0.0,1.0714285714285712,0.0,3.333333333333333,0.0,0.0,0.75,1.6666666666666667,5.0,0.625,1.1111111111111112,0.3333333333333333,1.1764705882352942,1.0,0.0,1.0,0.0,0.0,0.0,1.0,0.0,0.0,1.0,0.0,0.0,0.0,0.0,0.0,1.0,0.0,0.0,0.0,1.0,1.0
Travel_Frequently,Sales,Marketing,1,Sales Representative,Divorced,0,0,0.4697072838665759,2.2619047619047614,0.7706093189964158,0.5357142857142857,3.75,0.0,0.0,0.7857142857142856,3.333333333333333,0.0,5.0,0.4703649019194262,0.08933949006223646,2.2222222222222223,2.1428571428571423,0.0,3.333333333333333,0.0,1.6666666666666667,1.625,1.6666666666666667,3.333333333333333,1.125,2.2222222222222223,1.6666666666666665,2.3529411764705883,1.0,0.0,0.0,1.0,0.0,1.0,0.0,0.0,0.0,1.0,0.0,0.0,0.0,0.0,0.0,0.0,0.0,1.0,0.0,0.0,0.0
Travel_Rarely,Sales,Marketing,1,Sales Executive,Divorced,0,1,2.004765146358067,2.380952380952381,2.3870967741935485,1.6071428571428572,3.75,0.0,3.333333333333333,3.0714285714285716,1.6666666666666667,2.5,3.333333333333333,2.0383357941362577,0.6976510740815098,0.0,1.0714285714285712,0.0,1.6666666666666667,0.0,3.3333333333333335,1.125,1.6666666666666667,3.333333333333333,1.0,1.9444444444444446,0.6666666666666666,2.058823529411765,0.0,1.0,0.0,1.0,0.0,1.0,0.0,0.0,0.0,1.0,0.0,0.0,0.0,0.0,0.0,0.0,1.0,0.0,0.0,0.0,1.0
Travel_Frequently,Sales,Other,1,Sales Executive,Single,0,0,2.7501701837985024,1.5476190476190474,2.1899641577060933,0.17857142857142858,3.75,0.0,5.0,1.714285714285714,3.333333333333333,1.25,0.0,1.1397911832946634,3.9164826340092347,3.8888888888888893,0.7142857142857144,0.0,5.0,0.0,0.0,1.25,2.5,3.333333333333333,0.625,0.5555555555555556,0.0,0.8823529411764706,1.0,0.0,0.0,1.0,0.0,0.0,0.0,1.0,0.0,1.0,0.0,0.0,0.0,0.0,0.0,0.0,1.0,0.0,0.0,1.0,0.0
Travel_Rarely,Research & Development,Medical,0,Manufacturing Director,Married,0,0,2.539142273655548,1.6666666666666665,1.4121863799283154,0.3571428571428571,3.75,0.0,3.333333333333333,4.5,3.333333333333333,1.25,0.0,1.5070660198270407,2.30074282272636,0.5555555555555556,0.35714285714285676,0.0,3.333333333333333,0.0,1.6666666666666667,1.0,1.6666666666666667,5.0,1.0,1.9444444444444446,2.0,0.8823529411764706,0.0,1.0,1.0,0.0,0.0,0.0,1.0,0.0,0.0,0.0,0.0,0.0,0.0,1.0,0.0,0.0,0.0,0.0,1.0,0.0,0.0
Travel_Rarely,Research & Development,Medical,0,Healthcare Representative,Single,0,0,0.47311095983662355,1.5476190476190474,3.4336917562724016,4.107142857142857,2.5,0.0,3.333333333333333,4.7142857142857135,1.6666666666666667,1.25,0.0,1.5300042185192997,3.032322826741618,0.5555555555555556,2.8571428571428568,0.0,1.6666666666666667,0.0,0.0,1.25,1.6666666666666667,3.333333333333333,1.25,2.5,0.3333333333333333,2.3529411764705883,0.0,1.0,1.0,0.0,0.0,0.0,1.0,0.0,0.0,0.0,0.0,0.0,0.0,0.0,0.0,0.0,0.0,0.0,0.0,1.0,0.0
Travel_Rarely,Sales,Medical,0,Sales Representative,Divorced,0,1,4.370319945541184,1.3095238095238093,0.849462365591398,0.0,2.5,0.0,1.6666666666666667,1.2857142857142856,1.6666666666666667,0.0,3.333333333333333,0.47221050411305626,4.301947400120458,3.3333333333333335,2.8571428571428568,0.0,3.333333333333333,0.0,5.0,0.625,2.5,3.333333333333333,0.375,0.5555555555555556,0.0,0.5882352941176471,0.0,1.0,0.0,1.0,0.0,0.0,1.0,0.0,0.0,0.0,0.0,0.0,0.0,0.0,0.0,0.0,0.0,1.0,0.0,0.0,1.0
Travel_Frequently,Research & Development,Medical,1,Research Director,Single,0,1,4.3328795098706605,3.809523809523809,0.8207885304659499,3.7500000000000004,5.0,0.0,3.333333333333333,4.142857142857142,0.0,3.75,5.0,3.5335372284328197,4.488255370407549,0.5555555555555556,0.7142857142857144,0.0,5.0,0.0,0.0,4.0,1.6666666666666667,3.333333333333333,4.0,1.6666666666666667,4.333333333333333,2.6470588235294117,1.0,0.0,1.0,0.0,0.0,0.0,1.0,0.0,0.0,1.0,0.0,0.0,0.0,0.0,1.0,0.0,0.0,0.0,0.0,1.0,1.0
Travel_Rarely,Sales,Marketing,1,Sales Representative,Married,0,1,0.7624234172906739,4.166666666666666,4.774193548387097,0.8928571428571428,1.25,0.0,1.6666666666666667,0.2857142857142856,3.333333333333333,1.25,3.333333333333333,0.3419637207340223,2.8012447299739005,1.1111111111111112,3.2142857142857144,5.0,5.0,0.0,1.6666666666666667,1.625,2.5,0.0,0.875,1.9444444444444446,1.3333333333333333,1.4705882352941178,0.0,1.0,0.0,1.0,0.0,1.0,0.0,0.0,0.0,1.0,0.0,0.0,0.0,0.0,0.0,0.0,0.0,1.0,1.0,0.0,1.0
Travel_Rarely,Research & Development,Life Sciences,1,Research Scientist,Single,0,1,2.5697753573859767,0.9523809523809521,1.7168458781362008,0.5357142857142857,1.25,0.0,3.333333333333333,1.6428571428571428,3.333333333333333,0.0,5.0,0.49198481333052096,1.5818108813491267,0.5555555555555556,3.2142857142857144,5.0,1.6666666666666667,0.0,0.0,1.0,1.6666666666666667,1.6666666666666667,1.0,1.3888888888888888,0.6666666666666666,0.5882352941176471,0.0,1.0,1.0,0.0,1.0,0.0,0.0,0.0,0.0,1.0,0.0,0.0,0.0,0.0,0.0,1.0,0.0,0.0,0.0,1.0,1.0
Travel_Rarely,Research & Development,Other,1,Laboratory Technician,Married,0,1,1.3921034717494893,1.3095238095238093,4.566308243727598,2.1428571428571432,1.25,0.0,5.0,1.1428571428571428,1.6666666666666667,1.25,1.6666666666666667,0.7951908879983125,4.33346717526601,2.2222222222222223,0.7142857142857144,0.0,0.0,0.0,1.6666666666666667,1.25,1.6666666666666667,3.333333333333333,0.5,0.8333333333333334,0.0,0.8823529411764706,0.0,1.0,1.0,0.0,0.0,0.0,0.0,1.0,0.0,1.0,0.0,1.0,0.0,0.0,0.0,0.0,0.0,0.0,1.0,0.0,1.0
Travel_Rarely,Research & Development,Life Sciences,1,Healthcare Representative,Single,0,0,1.1061946902654864,2.7380952380952377,1.2293906810035842,0.7142857142857143,2.5,0.0,1.6666666666666667,3.9285714285714284,5.0,1.25,1.6666666666666667,1.5452963509808055,2.6974503111824935,1.6666666666666667,0.35714285714285676,0.0,0.0,0.0,0.0,1.375,2.5,0.0,0.375,0.5555555555555556,0.3333333333333333,0.5882352941176471,0.0,1.0,1.0,0.0,1.0,0.0,0.0,0.0,0.0,1.0,0.0,0.0,0.0,0.0,0.0,0.0,0.0,0.0,0.0,1.0,0.0
Travel_Frequently,Research & Development,Life Sciences,0,Manufacturing Director,Divorced,0,0,1.0176991150442476,4.285714285714285,3.089605734767025,0.0,3.75,0.0,5.0,1.6428571428571428,3.333333333333333,2.5,3.333333333333333,2.502900232018561,1.5187713310580206,3.8888888888888893,2.1428571428571423,0.0,0.0,0.0,1.6666666666666667,4.125,1.6666666666666667,0.0,0.625,1.1111111111111112,0.3333333333333333,1.1764705882352942,1.0,0.0,1.0,0.0,1.0,0.0,0.0,0.0,0.0,0.0,0.0,0.0,0.0,1.0,0.0,0.0,0.0,0.0,0.0,0.0,0.0
Travel_Frequently,Research & Development,Medical,0,Manager,Divorced,0,0,2.882913546630361,3.5714285714285707,0.04659498207885304,3.7500000000000004,2.5,0.0,5.0,1.9999999999999996,3.333333333333333,3.75,5.0,4.2620227800042185,0.06886167436257778,1.6666666666666667,0.0,0.0,1.6666666666666667,0.0,1.6666666666666667,3.0,2.5,3.333333333333333,2.75,4.722222222222222,1.3333333333333333,2.058823529411765,1.0,0.0,1.0,0.0,0.0,0.0,1.0,0.0,0.0,0.0,0.0,0.0,1.0,0.0,0.0,0.0,0.0,0.0,0.0,0.0,0.0
Travel_Rarely,Sales,Life Sciences,1,Manager,Single,0,0,2.4166099387338327,3.3333333333333335,1.6451612903225805,0.0,3.75,0.0,5.0,1.8571428571428572,5.0,3.75,0.0,4.365640160303733,0.2132101987552701,0.5555555555555556,1.4285714285714288,0.0,1.6666666666666667,0.0,0.0,3.375,4.166666666666667,0.0,3.25,0.0,0.0,3.5294117647058822,0.0,1.0,0.0,1.0,1.0,0.0,0.0,0.0,0.0,1.0,0.0,0.0,1.0,0.0,0.0,0.0,0.0,0.0,0.0,1.0,0.0
Travel_Rarely,Sales,Life Sciences,0,Manager,Divorced,0,0,4.737916950306331,3.452380952380952,4.017921146953405,0.17857142857142858,3.75,0.0,1.6666666666666667,1.214285714285714,5.0,3.75,1.6666666666666667,3.945106517612318,3.8128889781168436,3.3333333333333335,1.0714285714285712,0.0,3.333333333333333,0.0,5.0,3.625,1.6666666666666667,3.333333333333333,0.375,0.5555555555555556,0.3333333333333333,0.5882352941176471,0.0,1.0,0.0,1.0,1.0,0.0,0.0,0.0,0.0,0.0,0.0,0.0,1.0,0.0,0.0,0.0,0.0,0.0,0.0,0.0,0.0
Travel_Rarely,Sales,Medical,0,Sales Executive,Divorced,0,1,4.799183117767188,1.4285714285714284,4.408602150537634,0.5357142857142857,1.25,0.0,3.333333333333333,2.357142857142857,1.6666666666666667,1.25,1.6666666666666667,1.1073613161780214,3.546677374021281,0.5555555555555556,0.35714285714285676,0.0,1.6666666666666667,0.0,5.0,1.375,3.3333333333333335,1.6666666666666667,1.375,2.2222222222222223,0.6666666666666666,2.058823529411765,0.0,1.0,0.0,1.0,0.0,0.0,1.0,0.0,0.0,0.0,0.0,0.0,0.0,0.0,0.0,0.0,1.0,0.0,0.0,0.0,1.0
Travel_Rarely,Research & Development,Life Sciences,1,Manufacturing Director,Divorced,0,0,3.0905377808032672,1.5476190476190474,4.193548387096774,1.4285714285714286,0.0,0.0,3.333333333333333,0.2142857142857144,3.333333333333333,2.5,1.6666666666666667,2.541394220628559,2.46938365790002,0.5555555555555556,5.0,5.0,5.0,0.0,1.6666666666666667,1.625,5.0,5.0,1.625,2.2222222222222223,0.0,2.3529411764705883,0.0,1.0,1.0,0.0,1.0,0.0,0.0,0.0,0.0,1.0,0.0,0.0,0.0,1.0,0.0,0.0,0.0,0.0,0.0,0.0,0.0
Travel_Rarely,Sales,Medical,1,Sales Executive,Married,0,0,2.838665759019741,1.6666666666666665,1.7921146953405018,1.25,2.5,0.0,3.333333333333333,1.8571428571428572,5.0,1.25,5.0,1.3710187724108838,1.927123067657097,0.5555555555555556,1.4285714285714288,0.0,3.333333333333333,0.0,3.3333333333333335,1.25,3.3333333333333335,5.0,1.25,1.9444444444444446,0.0,2.3529411764705883,0.0,1.0,0.0,1.0,0.0,0.0,1.0,0.0,0.0,1.0,0.0,0.0,0.0,0.0,0.0,0.0,1.0,0.0,1.0,0.0,0.0
Travel_Rarely,Research & Development,Life Sciences,1,Research Scientist,Divorced,0,0,1.7120490129339685,1.1904761904761902,4.727598566308243,0.0,2.5,0.0,0.0,2.9999999999999996,1.6666666666666667,0.0,3.333333333333333,0.14606623075300568,2.095161614133708,0.5555555555555556,1.0714285714285712,0.0,5.0,0.0,1.6666666666666667,0.125,1.6666666666666667,0.0,0.125,0.0,0.0,0.0,0.0,1.0,1.0,0.0,1.0,0.0,0.0,0.0,0.0,1.0,0.0,0.0,0.0,0.0,0.0,1.0,0.0,0.0,0.0,0.0,0.0
Travel_Rarely,Sales,Medical,0,Sales Executive,Single,0,1,2.4846834581347856,1.9047619047619047,2.4587813620071683,4.107142857142857,3.75,0.0,0.0,0.714285714285714,1.6666666666666667,1.25,1.6666666666666667,0.9465302678759755,1.1485645452720339,0.0,4.2857142857142865,5.0,3.333333333333333,0.0,0.0,2.0,1.6666666666666667,5.0,1.875,2.5,3.333333333333333,2.9411764705882355,0.0,1.0,0.0,1.0,0.0,0.0,1.0,0.0,0.0,0.0,0.0,0.0,0.0,0.0,0.0,0.0,1.0,0.0,0.0,1.0,1.0
Travel_Frequently,Sales,Marketing,0,Sales Executive,Married,0,0,0.010211027910142953,2.857142857142857,1.6164874551971327,4.464285714285714,2.5,0.0,3.333333333333333,3.357142857142857,3.333333333333333,3.75,1.6666666666666667,3.2999367222105036,2.563742220437663,2.7777777777777777,1.0714285714285712,0.0,5.0,0.0,1.6666666666666667,2.875,1.6666666666666667,5.0,2.5,1.1111111111111112,1.3333333333333333,2.3529411764705883,1.0,0.0,0.0,1.0,0.0,1.0,0.0,0.0,0.0,0.0,0.0,0.0,0.0,0.0,0.0,0.0,1.0,0.0,1.0,0.0,0.0
Travel_Rarely,Sales,Technical Degree,1,Sales Executive,Married,0,1,2.443839346494214,1.9047619047619047,3.10752688172043,0.0,2.5,0.0,5.0,2.4285714285714284,1.6666666666666667,2.5,3.333333333333333,1.6014553891584054,2.0465769925717727,0.5555555555555556,1.0714285714285712,0.0,5.0,0.0,0.0,1.25,2.5,3.333333333333333,1.25,2.5,2.6666666666666665,1.7647058823529411,0.0,1.0,0.0,1.0,0.0,0.0,0.0,0.0,1.0,1.0,0.0,0.0,0.0,0.0,0.0,0.0,1.0,0.0,1.0,0.0,1.0
Travel_Frequently,Sales,Marketing,0,Sales Executive,Single,0,0,1.589516678012253,2.0238095238095233,3.010752688172043,0.0,2.5,0.0,3.333333333333333,4.428571428571429,3.333333333333333,2.5,3.333333333333333,2.051255009491668,1.4057418189118651,0.5555555555555556,1.0714285714285712,0.0,0.0,0.0,0.0,1.25,2.5,5.0,1.25,1.9444444444444446,0.0,2.3529411764705883,1.0,0.0,0.0,1.0,0.0,1.0,0.0,0.0,0.0,0.0,0.0,0.0,0.0,0.0,0.0,0.0,1.0,0.0,0.0,1.0,0.0
Travel_Frequently,Sales,Medical,1,Sales Executive,Single,0,0,1.0925799863852959,0.9523809523809521,4.225806451612903,0.0,2.5,0.0,3.333333333333333,1.5714285714285712,1.6666666666666667,1.25,0.0,0.8661147437249526,1.8177072876932343,0.5555555555555556,0.35714285714285676,0.0,1.6666666666666667,0.0,0.0,0.875,1.6666666666666667,3.333333333333333,0.875,1.9444444444444446,0.0,2.058823529411765,1.0,0.0,0.0,1.0,0.0,0.0,1.0,0.0,0.0,1.0,0.0,0.0,0.0,0.0,0.0,0.0,1.0,0.0,0.0,1.0,0.0
Travel_Rarely,Human Resources,Medical,1,Human Resources,Married,0,0,0.017018379850238255,1.3095238095238093,0.8888888888888888,0.8928571428571428,0.0,0.0,5.0,4.071428571428571,1.6666666666666667,0.0,1.6666666666666667,0.4732651339379877,2.6781770728769323,0.5555555555555556,0.0,0.0,5.0,0.0,0.0,0.125,2.5,3.333333333333333,0.125,0.0,0.0,0.0,0.0,1.0,0.0,0.0,0.0,0.0,1.0,0.0,0.0,1.0,1.0,0.0,0.0,0.0,0.0,0.0,0.0,0.0,1.0,0.0,0.0
Non-Travel,Sales,Life Sciences,0,Sales Executive,Married,0,0,3.175629680054459,3.809523809523809,0.14695340501792115,0.0,2.5,0.0,5.0,4.642857142857142,3.333333333333333,1.25,3.333333333333333,1.4074035013710187,4.582613932945192,0.0,0.35714285714285676,0.0,0.0,0.0,1.6666666666666667,2.375,2.5,3.333333333333333,2.25,1.9444444444444446,0.0,3.823529411764706,0.0,0.0,0.0,1.0,1.0,0.0,0.0,0.0,0.0,0.0,0.0,0.0,0.0,0.0,0.0,0.0,1.0,0.0,1.0,0.0,0.0
Non-Travel,Research & Development,Life Sciences,0,Healthcare Representative,Divorced,0,0,3.3968686181075562,2.0238095238095233,4.017921146953405,0.17857142857142858,3.75,0.0,5.0,2.214285714285714,3.333333333333333,1.25,0.0,1.0767770512550094,0.5354346516763702,1.1111111111111112,0.0,0.0,0.0,0.0,1.6666666666666667,2.0,1.6666666666666667,5.0,0.125,0.0,0.0,0.0,0.0,0.0,1.0,0.0,1.0,0.0,0.0,0.0,0.0,0.0,0.0,0.0,0.0,0.0,0.0,0.0,0.0,0.0,0.0,0.0,0.0
Travel_Rarely,Human Resources,Life Sciences,1,Manager,Divorced,0,1,2.450646698434309,3.9285714285714284,2.3870967741935485,0.7142857142857143,2.5,0.0,3.333333333333333,3.857142857142857,3.333333333333333,3.75,1.6666666666666667,3.4320291077831677,3.11062035735796,0.5555555555555556,0.0,0.0,1.6666666666666667,0.0,1.6666666666666667,4.125,1.6666666666666667,3.333333333333333,4.125,2.5,0.0,2.9411764705882355,0.0,1.0,0.0,0.0,1.0,0.0,0.0,0.0,0.0,1.0,0.0,0.0,1.0,0.0,0.0,0.0,0.0,0.0,0.0,0.0,1.0
Travel_Rarely,Sales,Life Sciences,1,Sales Executive,Married,0,1,0.1327433628318584,1.5476190476190474,0.5197132616487454,0.8928571428571428,3.75,0.0,1.6666666666666667,3.285714285714285,0.0,1.25,3.333333333333333,1.3612634465302678,3.7432242521582006,2.2222222222222223,2.5,0.0,1.6666666666666667,0.0,0.0,1.5,2.5,1.6666666666666667,0.875,1.9444444444444446,2.333333333333333,2.058823529411765,0.0,1.0,0.0,1.0,1.0,0.0,0.0,0.0,0.0,1.0,0.0,0.0,0.0,0.0,0.0,0.0,1.0,0.0,1.0,0.0,1.0
Travel_Rarely,Research & Development,Medical,0,Laboratory Technician,Married,0,1,1.8447923757658269,4.880952380952381,4.372759856630824,0.3571428571428571,2.5,0.0,3.333333333333333,3.642857142857143,5.0,0.0,0.0,0.4379350348027841,1.5800040152579806,2.2222222222222223,3.2142857142857144,5.0,0.0,0.0,5.0,1.5,2.5,1.6666666666666667,0.125,0.0,0.0,0.0,0.0,1.0,1.0,0.0,0.0,0.0,1.0,0.0,0.0,0.0,0.0,1.0,0.0,0.0,0.0,0.0,0.0,0.0,1.0,0.0,1.0
Non-Travel,Research & Development,Technical Degree,1,Research Scientist,Married,0,0,0.8236895847515316,3.452380952380952,3.817204301075269,2.3214285714285716,3.75,0.0,3.333333333333333,2.4285714285714284,3.333333333333333,1.25,1.6666666666666667,1.1753849398860998,0.006223649869504133,4.444444444444445,2.5,0.0,3.333333333333333,0.0,1.6666666666666667,2.0,3.3333333333333335,5.0,1.0,1.9444444444444446,0.3333333333333333,2.058823529411765,0.0,0.0,1.0,0.0,0.0,0.0,0.0,0.0,1.0,1.0,0.0,0.0,0.0,0.0,0.0,1.0,0.0,0.0,1.0,0.0,0.0
Travel_Rarely,Sales,Marketing,1,Sales Executive,Divorced,0,0,0.46289993192648055,2.2619047619047614,0.8530465949820789,2.678571428571429,3.75,0.0,5.0,2.5714285714285716,1.6666666666666667,1.25,3.333333333333333,1.4039759544399915,4.509937763501305,2.2222222222222223,2.8571428571428568,0.0,5.0,0.0,3.3333333333333335,1.125,1.6666666666666667,3.333333333333333,0.125,0.0,0.0,0.0,0.0,1.0,0.0,1.0,0.0,1.0,0.0,0.0,0.0,1.0,0.0,0.0,0.0,0.0,0.0,0.0,1.0,0.0,0.0,0.0,0.0
Travel_Rarely,Research & Development,Life Sciences,1,Research Scientist,Divorced,0,0,2.0592239618788293,0.5952380952380953,4.318996415770609,4.464285714285714,0.0,0.0,3.333333333333333,3.785714285714285,3.333333333333333,0.0,5.0,0.4996308795612739,2.8102790604296324,0.5555555555555556,0.35714285714285676,0.0,3.333333333333333,0.0,3.3333333333333335,0.5,1.6666666666666667,1.6666666666666667,0.5,0.5555555555555556,0.0,0.5882352941176471,0.0,1.0,1.0,0.0,1.0,0.0,0.0,0.0,0.0,1.0,0.0,0.0,0.0,0.0,0.0,1.0,0.0,0.0,0.0,0.0,0.0
Travel_Rarely,Sales,Technical Degree,1,Sales Representative,Single,0,0,4.520081688223281,3.214285714285714,3.046594982078853,0.17857142857142858,1.25,0.0,1.6666666666666667,1.1428571428571428,0.0,1.25,3.333333333333333,1.4825458763973844,2.066653282473399,0.0,0.7142857142857144,0.0,0.0,0.0,0.0,1.125,2.5,3.333333333333333,1.0,1.9444444444444446,1.0,0.29411764705882354,0.0,1.0,0.0,1.0,0.0,0.0,0.0,0.0,1.0,1.0,0.0,0.0,0.0,0.0,0.0,0.0,0.0,1.0,0.0,1.0,0.0
Travel_Rarely,Research & Development,Medical,1,Laboratory Technician,Single,0,1,2.208985704560926,1.3095238095238093,4.537634408602151,0.3571428571428571,0.0,0.0,1.6666666666666667,4.071428571428571,3.333333333333333,0.0,0.0,0.9792237924488505,2.8345713712106,0.5555555555555556,2.5,0.0,5.0,0.0,0.0,1.25,2.5,3.333333333333333,1.25,2.5,0.3333333333333333,1.4705882352941178,0.0,1.0,1.0,0.0,0.0,0.0,1.0,0.0,0.0,1.0,0.0,1.0,0.0,0.0,0.0,0.0,0.0,0.0,0.0,1.0,1.0
Travel_Rarely,Sales,Medical,1,Sales Executive,Divorced,0,1,3.5704560925799864,2.0238095238095233,2.3620071684587813,2.5000000000000004,1.25,0.0,0.0,2.0714285714285716,0.0,1.25,5.0,1.1682661885678127,4.016061031921301,3.3333333333333335,1.0714285714285712,0.0,5.0,0.0,3.3333333333333335,0.875,1.6666666666666667,1.6666666666666667,0.25,0.5555555555555556,0.6666666666666666,0.5882352941176471,0.0,1.0,0.0,1.0,0.0,0.0,1.0,0.0,0.0,1.0,0.0,0.0,0.0,0.0,0.0,0.0,1.0,0.0,0.0,0.0,1.0
Travel_Rarely,Sales,Other,0,Sales Executive,Married,0,0,4.5541184479237575,0.714285714285714,4.476702508960574,0.3571428571428571,1.25,0.0,0.0,0.2142857142857144,3.333333333333333,1.25,3.333333333333333,1.0519932503691203,3.096767717325838,0.0,3.571428571428571,5.0,0.0,0.0,1.6666666666666667,0.5,1.6666666666666667,1.6666666666666667,0.375,0.5555555555555556,0.0,0.5882352941176471,0.0,1.0,0.0,1.0,0.0,0.0,0.0,1.0,0.0,0.0,0.0,0.0,0.0,0.0,0.0,0.0,1.0,0.0,1.0,0.0,0.0
Travel_Rarely,Research & Development,Medical,1,Research Scientist,Married,0,0,1.9775357385976853,0.4761904761904763,4.129032258064516,3.2142857142857144,0.0,0.0,3.333333333333333,3.5714285714285707,3.333333333333333,0.0,5.0,0.34644589748998095,1.9871511744629593,0.5555555555555556,4.642857142857142,5.0,0.0,0.0,3.3333333333333335,0.25,5.0,3.333333333333333,0.25,0.5555555555555556,0.6666666666666666,0.5882352941176471,0.0,1.0,1.0,0.0,0.0,0.0,1.0,0.0,0.0,1.0,0.0,0.0,0.0,0.0,0.0,1.0,0.0,0.0,1.0,0.0,0.0
Travel_Rarely,Sales,Medical,0,Sales Executive,Married,0,0,3.43430905377808,1.3095238095238093,3.8422939068100357,0.3571428571428571,1.25,0.0,1.6666666666666667,2.285714285714285,3.333333333333333,1.25,3.333333333333333,1.200168740771989,0.27966271832965267,0.5555555555555556,1.0714285714285712,0.0,0.0,0.0,1.6666666666666667,0.75,4.166666666666667,1.6666666666666667,0.75,0.0,0.3333333333333333,0.5882352941176471,0.0,1.0,0.0,1.0,0.0,0.0,1.0,0.0,0.0,0.0,0.0,0.0,0.0,0.0,0.0,0.0,1.0,0.0,1.0,0.0,0.0
Travel_Rarely,Research & Development,Life Sciences,1,Research Scientist,Divorced,0,0,2.5765827093260723,1.5476190476190474,2.028673835125448,4.464285714285714,0.0,0.0,0.0,0.07142857142857117,3.333333333333333,0.0,3.333333333333333,0.501476481754904,2.6251756675366393,0.5555555555555556,2.1428571428571423,0.0,5.0,0.0,1.6666666666666667,0.625,0.8333333333333334,1.6666666666666667,0.625,0.5555555555555556,1.3333333333333333,0.8823529411764706,0.0,1.0,1.0,0.0,1.0,0.0,0.0,0.0,0.0,1.0,0.0,0.0,0.0,0.0,0.0,1.0,0.0,0.0,0.0,0.0,0.0
Travel_Rarely,Research & Development,Medical,0,Manufacturing Director,Divorced,0,0,4.6324029952348535,4.166666666666666,3.5125448028673834,2.1428571428571432,1.25,0.0,5.0,1.9285714285714284,5.0,1.25,0.0,0.907245306897279,4.84962858863682,0.5555555555555556,0.0,0.0,3.333333333333333,0.0,3.3333333333333335,0.625,2.5,3.333333333333333,0.5,0.5555555555555556,0.3333333333333333,0.8823529411764706,0.0,1.0,1.0,0.0,0.0,0.0,1.0,0.0,0.0,0.0,0.0,0.0,0.0,1.0,0.0,0.0,0.0,0.0,0.0,0.0,0.0
Travel_Rarely,Sales,Technical Degree,0,Sales Representative,Divorced,0,1,1.2797821647379168,1.9047619047619047,0.35842293906810035,2.3214285714285716,2.5,0.0,3.333333333333333,0.07142857142857117,3.333333333333333,0.0,3.333333333333333,0.4139422062855937,0.1642240513953021,0.5555555555555556,2.5,0.0,5.0,0.0,3.3333333333333335,1.0,2.5,3.333333333333333,1.0,0.5555555555555556,0.0,1.7647058823529411,0.0,1.0,0.0,1.0,0.0,0.0,0.0,0.0,1.0,0.0,0.0,0.0,0.0,0.0,0.0,0.0,0.0,1.0,0.0,0.0,1.0
Travel_Rarely,Research & Development,Life Sciences,0,Laboratory Technician,Single,0,1,1.0687542545949624,1.3095238095238093,0.1756272401433691,2.5000000000000004,1.25,0.0,5.0,1.3571428571428572,1.6666666666666667,1.25,3.333333333333333,0.8394853406454335,2.12567757478418,0.0,0.35714285714285676,0.0,5.0,0.0,0.0,1.25,2.5,3.333333333333333,1.125,1.3888888888888888,0.0,2.3529411764705883,0.0,1.0,1.0,0.0,1.0,0.0,0.0,0.0,0.0,0.0,0.0,1.0,0.0,0.0,0.0,0.0,0.0,0.0,0.0,1.0,1.0
Travel_Rarely,Research & Development,Medical,1,Manager,Married,0,1,1.5044247787610618,2.4999999999999996,0.04659498207885304,1.6071428571428572,0.0,0.0,3.333333333333333,4.928571428571429,3.333333333333333,3.75,0.0,4.234075089643535,0.6546878136920298,0.5555555555555556,1.0714285714285712,0.0,5.0,0.0,0.0,2.625,2.5,3.333333333333333,2.625,2.5,3.6666666666666665,2.9411764705882355,0.0,1.0,1.0,0.0,0.0,0.0,1.0,0.0,0.0,1.0,0.0,0.0,1.0,0.0,0.0,0.0,0.0,0.0,1.0,0.0,1.0
Travel_Rarely,Research & Development,Technical Degree,0,Manufacturing Director,Married,0,0,1.0857726344452006,4.285714285714285,4.792114695340501,2.857142857142857,2.5,0.0,3.333333333333333,1.8571428571428572,3.333333333333333,2.5,3.333333333333333,2.5653870491457496,2.378839590443686,4.444444444444445,0.0,0.0,3.333333333333333,0.0,1.6666666666666667,2.75,1.6666666666666667,3.333333333333333,1.25,1.9444444444444446,0.0,2.3529411764705883,0.0,1.0,1.0,0.0,0.0,0.0,0.0,0.0,1.0,0.0,0.0,0.0,0.0,1.0,0.0,0.0,0.0,0.0,1.0,0.0,0.0
Travel_Rarely,Research & Development,Life Sciences,1,Manager,Married,0,0,2.627637848876787,2.857142857142857,0.7025089605734767,0.17857142857142858,2.5,0.0,0.0,1.8571428571428572,3.333333333333333,5.0,3.333333333333333,4.711822400337481,3.055209797229472,2.7777777777777777,0.0,0.0,0.0,0.0,0.0,3.0,1.6666666666666667,1.6666666666666667,2.75,1.6666666666666667,1.3333333333333333,4.11764705882353,0.0,1.0,1.0,0.0,1.0,0.0,0.0,0.0,0.0,1.0,0.0,0.0,1.0,0.0,0.0,0.0,0.0,0.0,1.0,0.0,0.0
Travel_Frequently,Research & Development,Life Sciences,1,Laboratory Technician,Married,0,1,3.584070796460177,2.142857142857143,4.293906810035843,0.8928571428571428,3.75,0.0,0.0,3.5714285714285707,5.0,1.25,0.0,1.200432398228222,3.536839991969484,1.6666666666666667,0.7142857142857144,0.0,5.0,0.0,1.6666666666666667,1.125,2.5,3.333333333333333,0.375,0.5555555555555556,0.0,0.5882352941176471,1.0,0.0,1.0,0.0,1.0,0.0,0.0,0.0,0.0,1.0,0.0,1.0,0.0,0.0,0.0,0.0,0.0,0.0,1.0,0.0,1.0
Travel_Rarely,Research & Development,Life Sciences,1,Research Scientist,Single,0,0,1.443158611300204,2.2619047619047614,4.017921146953405,1.6071428571428572,1.25,0.0,5.0,3.5714285714285707,5.0,0.0,5.0,0.9678865218308372,2.6376229672756475,1.6666666666666667,2.1428571428571423,0.0,0.0,0.0,0.0,0.5,1.6666666666666667,3.333333333333333,0.125,0.0,0.0,0.0,0.0,1.0,1.0,0.0,1.0,0.0,0.0,0.0,0.0,1.0,0.0,0.0,0.0,0.0,0.0,1.0,0.0,0.0,0.0,1.0,0.0
Travel_Frequently,Research & Development,Life Sciences,0,Research Director,Married,0,1,1.8822328114363511,3.809523809523809,3.6236559139784945,0.0,2.5,0.0,0.0,3.0714285714285716,3.333333333333333,5.0,1.6666666666666667,4.525152921324615,1.5380445693635818,1.6666666666666667,2.8571428571428568,0.0,0.0,0.0,0.0,3.5,0.8333333333333334,1.6666666666666667,1.0,0.8333333333333334,0.0,2.058823529411765,1.0,0.0,1.0,0.0,1.0,0.0,0.0,0.0,0.0,0.0,0.0,0.0,0.0,0.0,1.0,0.0,0.0,0.0,1.0,0.0,1.0
Travel_Rarely,Research & Development,Life Sciences,1,Research Scientist,Married,0,0,4.894486044928523,3.9285714285714284,2.6129032258064515,0.0,2.5,0.0,3.333333333333333,4.7142857142857135,3.333333333333333,0.0,5.0,0.45190887998312584,4.243525396506725,0.5555555555555556,0.0,0.0,1.6666666666666667,0.0,0.0,0.125,0.0,1.6666666666666667,0.125,0.0,0.0,0.0,0.0,1.0,1.0,0.0,1.0,0.0,0.0,0.0,0.0,1.0,0.0,0.0,0.0,0.0,0.0,1.0,0.0,0.0,1.0,0.0,0.0
Travel_Rarely,Research & Development,Life Sciences,1,Laboratory Technician,Divorced,0,0,4.094622191967325,1.4285714285714284,4.494623655913979,4.107142857142857,0.0,0.0,5.0,2.642857142857143,3.333333333333333,0.0,3.333333333333333,0.44399915629614,2.256775747841799,0.5555555555555556,3.928571428571429,5.0,1.6666666666666667,0.0,1.6666666666666667,0.125,1.6666666666666667,3.333333333333333,0.125,0.0,0.0,0.0,0.0,1.0,1.0,0.0,1.0,0.0,0.0,0.0,0.0,1.0,0.0,1.0,0.0,0.0,0.0,0.0,0.0,0.0,0.0,0.0,0.0
Non-Travel,Sales,Medical,1,Sales Executive,Single,0,0,4.060585432266848,2.142857142857143,1.903225806451613,1.6071428571428572,3.75,0.0,1.6666666666666667,0.1428571428571428,3.333333333333333,2.5,5.0,2.3652710398650068,2.6548885765910457,0.5555555555555556,1.0714285714285712,0.0,5.0,0.0,0.0,1.25,2.5,1.6666666666666667,1.25,0.8333333333333334,3.0,2.058823529411765,0.0,0.0,0.0,1.0,0.0,0.0,1.0,0.0,0.0,1.0,0.0,0.0,0.0,0.0,0.0,0.0,1.0,0.0,0.0,1.0,0.0
Travel_Rarely,Research & Development,Medical,0,Healthcare Representative,Single,0,1,2.038801906058543,2.0238095238095233,2.028673835125448,1.6071428571428572,3.75,0.0,0.0,1.5,3.333333333333333,1.25,3.333333333333333,1.353353722843282,0.42742421200562136,1.6666666666666667,1.7857142857142856,0.0,3.333333333333333,0.0,0.0,1.25,3.3333333333333335,3.333333333333333,0.625,0.5555555555555556,0.0,1.1764705882352942,0.0,1.0,1.0,0.0,0.0,0.0,1.0,0.0,0.0,0.0,0.0,0.0,0.0,0.0,0.0,0.0,0.0,0.0,0.0,1.0,1.0
Travel_Frequently,Research & Development,Life Sciences,1,Research Scientist,Married,0,0,0.7726344452008168,1.5476190476190474,3.6594982078853047,0.0,2.5,0.0,5.0,1.2857142857142856,0.0,1.25,0.0,1.053047880194052,0.7382051796827946,0.5555555555555556,3.571428571428571,5.0,1.6666666666666667,0.0,0.0,1.25,5.0,3.333333333333333,1.25,2.2222222222222223,2.6666666666666665,2.058823529411765,1.0,0.0,1.0,0.0,1.0,0.0,0.0,0.0,0.0,1.0,0.0,0.0,0.0,0.0,0.0,1.0,0.0,0.0,1.0,0.0,0.0
Travel_Frequently,Sales,Life Sciences,0,Sales Representative,Single,0,0,4.867256637168142,1.5476190476190474,2.1469534050179213,0.17857142857142858,2.5,0.0,3.333333333333333,4.285714285714285,1.6666666666666667,0.0,5.0,0.46825564226956334,1.9650672555711706,3.8888888888888893,1.0714285714285712,0.0,3.333333333333333,0.0,0.0,0.375,2.5,5.0,0.125,0.0,0.0,0.0,1.0,0.0,0.0,1.0,1.0,0.0,0.0,0.0,0.0,0.0,0.0,0.0,0.0,0.0,0.0,0.0,0.0,1.0,0.0,1.0,0.0
Travel_Rarely,Research & Development,Life Sciences,1,Research Director,Married,0,0,4.812797821647379,3.5714285714285707,4.014336917562724,1.6071428571428572,2.5,0.0,5.0,4.357142857142858,1.6666666666666667,5.0,1.6666666666666667,4.918793503480278,2.3065649467978315,2.2222222222222223,0.35714285714285676,0.0,5.0,0.0,0.0,3.625,2.5,3.333333333333333,2.75,2.7777777777777777,4.0,2.6470588235294117,0.0,1.0,1.0,0.0,1.0,0.0,0.0,0.0,0.0,1.0,0.0,0.0,0.0,0.0,1.0,0.0,0.0,0.0,1.0,0.0,0.0
Travel_Rarely,Research & Development,Medical,1,Manufacturing Director,Married,0,1,3.1960517358747444,1.3095238095238093,2.2007168458781363,1.25,0.0,0.0,1.6666666666666667,3.4999999999999996,1.6666666666666667,1.25,5.0,1.0670217253743934,3.1308974101586027,0.5555555555555556,1.4285714285714288,0.0,3.333333333333333,0.0,1.6666666666666667,1.25,1.6666666666666667,1.6666666666666667,1.25,1.9444444444444446,0.3333333333333333,0.5882352941176471,0.0,1.0,1.0,0.0,0.0,0.0,1.0,0.0,0.0,1.0,0.0,0.0,0.0,1.0,0.0,0.0,0.0,0.0,1.0,0.0,1.0
Travel_Rarely,Research & Development,Technical Degree,1,Research Scientist,Single,0,0,3.914227365554799,1.3095238095238093,3.182795698924731,0.0,2.5,0.0,3.333333333333333,3.9285714285714284,3.333333333333333,0.0,3.333333333333333,0.2765766715882724,3.5460750853242318,0.0,1.0714285714285712,0.0,5.0,0.0,0.0,0.875,0.8333333333333334,1.6666666666666667,0.75,0.5555555555555556,0.3333333333333333,1.4705882352941178,0.0,1.0,1.0,0.0,0.0,0.0,0.0,0.0,1.0,1.0,0.0,0.0,0.0,0.0,0.0,1.0,0.0,0.0,0.0,1.0,0.0
Non-Travel,Sales,Life Sciences,1,Sales Representative,Divorced,0,0,0.22464261402314498,4.0476190476190474,1.7240143369175627,5.0,3.75,0.0,0.0,0.714285714285714,3.333333333333333,0.0,5.0,0.6520248892638683,3.552298735193736,1.1111111111111112,1.4285714285714288,0.0,1.6666666666666667,0.0,3.3333333333333335,2.0,2.5,1.6666666666666667,1.125,2.2222222222222223,0.0,0.0,0.0,0.0,0.0,1.0,1.0,0.0,0.0,0.0,0.0,1.0,0.0,0.0,0.0,0.0,0.0,0.0,0.0,1.0,0.0,0.0,0.0
Travel_Rarely,Research & Development,Medical,0,Manufacturing Director,Married,0,0,3.4240980258679374,1.5476190476190474,1.3476702508960574,1.0714285714285714,1.25,0.0,1.6666666666666667,0.07142857142857117,3.333333333333333,1.25,0.0,0.8692786331997469,0.41397309777153185,0.5555555555555556,0.35714285714285676,0.0,1.6666666666666667,0.0,1.6666666666666667,1.625,4.166666666666667,0.0,1.625,2.7777777777777777,1.0,3.5294117647058822,0.0,1.0,1.0,0.0,0.0,0.0,1.0,0.0,0.0,0.0,0.0,0.0,0.0,1.0,0.0,0.0,0.0,0.0,1.0,0.0,0.0
Travel_Frequently,Sales,Life Sciences,0,Sales Representative,Single,0,1,1.97072838665759,1.5476190476190474,3.4265232974910393,0.0,2.5,0.0,5.0,1.714285714285714,3.333333333333333,0.0,1.6666666666666667,0.3409090909090909,1.2497490463762297,0.5555555555555556,0.0,0.0,0.0,0.0,0.0,0.375,1.6666666666666667,5.0,0.375,0.5555555555555556,0.6666666666666666,0.5882352941176471,1.0,0.0,0.0,1.0,1.0,0.0,0.0,0.0,0.0,0.0,0.0,0.0,0.0,0.0,0.0,0.0,0.0,1.0,0.0,1.0,1.0
Travel_Rarely,Research & Development,Life Sciences,1,Research Scientist,Married,0,0,3.230088495575221,1.7857142857142856,2.7347670250896057,1.25,3.75,0.0,5.0,4.285714285714285,5.0,0.0,0.0,0.5626450116009281,0.7994378638827546,3.3333333333333335,2.8571428571428568,0.0,1.6666666666666667,0.0,1.6666666666666667,1.75,0.8333333333333334,3.333333333333333,1.25,2.2222222222222223,2.333333333333333,1.7647058823529411,0.0,1.0,1.0,0.0,1.0,0.0,0.0,0.0,0.0,1.0,0.0,0.0,0.0,0.0,0.0,1.0,0.0,0.0,1.0,0.0,0.0
Travel_Rarely,Sales,Medical,1,Sales Executive,Single,0,0,0.7181756296800544,0.9523809523809521,1.6774193548387095,1.6071428571428572,2.5,0.0,3.333333333333333,1.1428571428571428,3.333333333333333,1.25,5.0,0.9689411516557687,1.4115639429833369,0.5555555555555556,0.7142857142857144,0.0,0.0,0.0,0.0,0.625,3.3333333333333335,3.333333333333333,0.625,0.8333333333333334,0.3333333333333333,0.5882352941176471,0.0,1.0,0.0,1.0,0.0,0.0,1.0,0.0,0.0,1.0,0.0,0.0,0.0,0.0,0.0,0.0,1.0,0.0,0.0,1.0,0.0
Travel_Rarely,Research & Development,Life Sciences,0,Research Scientist,Married,0,0,3.359428182437032,3.0952380952380953,3.6308243727598564,0.17857142857142858,0.0,0.0,0.0,2.9999999999999996,5.0,0.0,5.0,0.26418477114532796,3.5912467376028907,0.5555555555555556,0.7142857142857144,0.0,5.0,0.0,1.6666666666666667,1.25,4.166666666666667,3.333333333333333,1.25,1.3888888888888888,2.333333333333333,2.058823529411765,0.0,1.0,1.0,0.0,1.0,0.0,0.0,0.0,0.0,0.0,0.0,0.0,0.0,0.0,0.0,1.0,0.0,0.0,1.0,0.0,0.0
Travel_Rarely,Research & Development,Life Sciences,1,Manufacturing Director,Divorced,0,0,3.14499659632403,3.3333333333333335,2.1577060931899643,0.17857142857142858,1.25,0.0,5.0,3.714285714285714,3.333333333333333,2.5,5.0,1.9956232862265344,3.5926520778960045,1.6666666666666667,1.0714285714285712,0.0,3.333333333333333,0.0,1.6666666666666667,1.5,3.3333333333333335,1.6666666666666667,1.125,2.2222222222222223,1.3333333333333333,2.058823529411765,0.0,1.0,1.0,0.0,1.0,0.0,0.0,0.0,0.0,1.0,0.0,0.0,0.0,1.0,0.0,0.0,0.0,0.0,0.0,0.0,0.0
Travel_Rarely,Sales,Marketing,0,Sales Executive,Single,0,0,1.824370319945541,1.7857142857142856,0.050179211469534024,2.678571428571429,2.5,0.0,0.0,2.785714285714285,3.333333333333333,1.25,0.0,1.1376819236448006,4.901224653683999,2.7777777777777777,1.4285714285714288,0.0,3.333333333333333,0.0,0.0,0.75,2.5,3.333333333333333,0.375,0.5555555555555556,0.0,0.5882352941176471,0.0,1.0,0.0,1.0,0.0,1.0,0.0,0.0,0.0,0.0,0.0,0.0,0.0,0.0,0.0,0.0,1.0,0.0,0.0,1.0,0.0
Travel_Rarely,Research & Development,Life Sciences,1,Research Scientist,Married,0,1,4.94213750850919,3.0952380952380953,1.9964157706093189,1.4285714285714286,1.25,0.0,1.6666666666666667,2.214285714285714,3.333333333333333,0.0,0.0,0.40866905716093643,1.0869303352740414,0.5555555555555556,0.7142857142857144,0.0,5.0,0.0,0.0,1.0,0.0,3.333333333333333,1.0,1.9444444444444446,2.333333333333333,0.29411764705882354,0.0,1.0,1.0,0.0,1.0,0.0,0.0,0.0,0.0,1.0,0.0,0.0,0.0,0.0,0.0,1.0,0.0,0.0,1.0,0.0,1.0
Travel_Rarely,Sales,Technical Degree,1,Sales Executive,Married,0,0,3.7168141592920354,1.4285714285714284,4.243727598566308,5.0,3.75,0.0,3.333333333333333,0.2142857142857144,3.333333333333333,2.5,1.6666666666666667,2.1728010968150175,3.1529813290503914,1.6666666666666667,0.35714285714285676,0.0,1.6666666666666667,0.0,1.6666666666666667,1.125,2.5,3.333333333333333,0.5,0.5555555555555556,0.3333333333333333,0.8823529411764706,0.0,1.0,0.0,1.0,0.0,0.0,0.0,0.0,1.0,1.0,0.0,0.0,0.0,0.0,0.0,0.0,1.0,0.0,1.0,0.0,0.0
Travel_Rarely,Research & Development,Medical,1,Healthcare Representative,Divorced,0,1,0.2893124574540504,3.214285714285714,3.347670250896057,3.3928571428571432,2.5,0.0,1.6666666666666667,4.642857142857142,0.0,2.5,0.0,2.59491668424383,3.567355952619956,1.1111111111111112,2.5,0.0,1.6666666666666667,0.0,1.6666666666666667,3.0,1.6666666666666667,3.333333333333333,0.875,1.9444444444444446,0.0,2.058823529411765,0.0,1.0,1.0,0.0,0.0,0.0,1.0,0.0,0.0,1.0,0.0,0.0,0.0,0.0,0.0,0.0,0.0,0.0,0.0,0.0,1.0
Travel_Frequently,Research & Development,Medical,0,Research Director,Single,0,0,4.499659632402995,2.619047619047619,1.752688172043011,1.4285714285714286,3.75,0.0,1.6666666666666667,4.142857142857142,3.333333333333333,2.5,3.333333333333333,3.293081628348449,2.3465167637020676,5.0,2.1428571428571423,0.0,3.333333333333333,0.0,0.0,2.5,2.5,1.6666666666666667,2.25,1.9444444444444446,0.6666666666666666,3.823529411764706,1.0,0.0,1.0,0.0,0.0,0.0,1.0,0.0,0.0,0.0,0.0,0.0,0.0,0.0,1.0,0.0,0.0,0.0,0.0,1.0,0.0
Travel_Rarely,Research & Development,Medical,1,Research Scientist,Divorced,0,0,4.298842750170183,2.619047619047619,2.838709677419355,0.17857142857142858,2.5,0.0,3.333333333333333,2.714285714285714,3.333333333333333,0.0,3.333333333333333,0.3522463615271039,1.194740012045774,1.1111111111111112,1.0714285714285712,0.0,3.333333333333333,0.0,1.6666666666666667,1.0,2.5,5.0,0.375,0.2777777777777778,0.3333333333333333,0.5882352941176471,0.0,1.0,1.0,0.0,0.0,0.0,1.0,0.0,0.0,1.0,0.0,0.0,0.0,0.0,0.0,1.0,0.0,0.0,0.0,0.0,0.0
Travel_Rarely,Research & Development,Medical,1,Research Scientist,Single,0,0,4.11504424778761,3.214285714285714,4.344086021505376,5.0,2.5,0.0,3.333333333333333,3.785714285714285,3.333333333333333,0.0,5.0,0.6441151655768824,1.5374422806665329,2.7777777777777777,0.7142857142857144,0.0,1.6666666666666667,0.0,0.0,1.125,1.6666666666666667,1.6666666666666667,0.75,1.3888888888888888,0.0,0.8823529411764706,0.0,1.0,1.0,0.0,0.0,0.0,1.0,0.0,0.0,1.0,0.0,0.0,0.0,0.0,0.0,1.0,0.0,0.0,0.0,1.0,0.0
Travel_Rarely,Research & Development,Medical,0,Manufacturing Director,Single,0,1,2.157930565010211,1.5476190476190474,4.043010752688172,1.0714285714285714,3.75,0.0,3.333333333333333,0.6428571428571428,3.333333333333333,2.5,5.0,1.617274836532377,4.741818911865087,0.5555555555555556,1.0714285714285712,0.0,3.333333333333333,0.0,0.0,1.375,1.6666666666666667,1.6666666666666667,1.375,2.5,1.3333333333333333,2.9411764705882355,0.0,1.0,1.0,0.0,0.0,0.0,1.0,0.0,0.0,0.0,0.0,0.0,0.0,1.0,0.0,0.0,0.0,0.0,0.0,1.0,1.0
Non-Travel,Research & Development,Life Sciences,0,Research Director,Married,0,0,4.503063308373043,2.142857142857143,1.157706093189964,1.25,2.5,0.0,0.0,2.357142857142857,5.0,2.5,0.0,2.822189411516557,3.662116040955631,5.0,1.0714285714285712,0.0,0.0,0.0,1.6666666666666667,1.25,1.6666666666666667,3.333333333333333,1.0,1.9444444444444446,0.0,1.4705882352941178,0.0,0.0,1.0,0.0,1.0,0.0,0.0,0.0,0.0,0.0,0.0,0.0,0.0,0.0,1.0,0.0,0.0,0.0,1.0,0.0,0.0
Travel_Rarely,Research & Development,Medical,1,Research Director,Married,0,1,3.781484002722941,4.166666666666666,3.4623655913978495,0.3571428571428571,3.75,0.0,3.333333333333333,1.0714285714285712,3.333333333333333,3.75,3.333333333333333,4.3701223370596916,3.7988355751857057,1.6666666666666667,1.7857142857142856,0.0,5.0,0.0,5.0,2.625,4.166666666666667,1.6666666666666667,0.625,0.8333333333333334,0.3333333333333333,0.8823529411764706,0.0,1.0,1.0,0.0,0.0,0.0,1.0,0.0,0.0,1.0,0.0,0.0,0.0,0.0,1.0,0.0,0.0,0.0,1.0,0.0,1.0
Travel_Rarely,Research & Development,Medical,1,Manufacturing Director,Married,0,0,4.669843430905377,3.9285714285714284,3.817204301075269,1.0714285714285714,3.75,0.0,1.6666666666666667,0.2857142857142856,1.6666666666666667,1.25,3.333333333333333,1.3507171482809532,2.3868701064043365,1.1111111111111112,2.1428571428571423,0.0,3.333333333333333,0.0,0.0,1.25,1.6666666666666667,3.333333333333333,0.125,0.0,0.0,0.0,0.0,1.0,1.0,0.0,0.0,0.0,1.0,0.0,0.0,1.0,0.0,0.0,0.0,1.0,0.0,0.0,0.0,0.0,1.0,0.0,0.0
Travel_Frequently,Sales,Marketing,0,Sales Executive,Married,0,0,4.530292716133424,4.166666666666666,0.07168458781362003,0.17857142857142858,2.5,0.0,3.333333333333333,0.5714285714285712,1.6666666666666667,2.5,1.6666666666666667,1.7179919848133305,4.304958843605702,1.1111111111111112,0.35714285714285676,0.0,0.0,0.0,1.6666666666666667,3.75,1.6666666666666667,3.333333333333333,1.875,1.9444444444444446,2.0,3.5294117647058822,1.0,0.0,0.0,1.0,0.0,1.0,0.0,0.0,0.0,0.0,0.0,0.0,0.0,0.0,0.0,0.0,1.0,0.0,1.0,0.0,0.0
Travel_Rarely,Research & Development,Life Sciences,1,Research Scientist,Married,0,0,0.9292035398230087,1.6666666666666665,1.5913978494623657,0.0,2.5,0.0,1.6666666666666667,2.5714285714285716,3.333333333333333,1.25,1.6666666666666667,1.3739190044294451,1.054406745633407,0.5555555555555556,2.1428571428571423,0.0,1.6666666666666667,0.0,3.3333333333333335,1.25,2.5,3.333333333333333,1.25,1.1111111111111112,0.0,2.6470588235294117,0.0,1.0,1.0,0.0,1.0,0.0,0.0,0.0,0.0,1.0,0.0,0.0,0.0,0.0,0.0,1.0,0.0,0.0,1.0,0.0,0.0
Travel_Rarely,Research & Development,Other,0,Laboratory Technician,Married,0,0,3.3628318584070795,3.6904761904761902,1.5161290322580645,1.25,1.25,0.0,0.0,1.5,3.333333333333333,2.5,1.6666666666666667,1.685825775152921,4.092150170648464,2.2222222222222223,0.0,0.0,3.333333333333333,0.0,1.6666666666666667,3.625,2.5,1.6666666666666667,3.25,2.5,0.3333333333333333,2.058823529411765,0.0,1.0,1.0,0.0,0.0,0.0,0.0,1.0,0.0,0.0,0.0,1.0,0.0,0.0,0.0,0.0,0.0,0.0,1.0,0.0,0.0
Travel_Rarely,Research & Development,Medical,0,Manager,Divorced,0,1,1.2321307011572495,4.404761904761905,2.6236559139784945,1.25,2.5,0.0,5.0,0.2142857142857144,3.333333333333333,3.75,3.333333333333333,3.624499050833157,3.540654487050793,1.1111111111111112,1.0714285714285712,0.0,3.333333333333333,0.0,5.0,2.625,1.6666666666666667,3.333333333333333,0.625,0.0,0.0,0.5882352941176471,0.0,1.0,1.0,0.0,0.0,0.0,1.0,0.0,0.0,0.0,0.0,0.0,1.0,0.0,0.0,0.0,0.0,0.0,0.0,0.0,1.0
Travel_Rarely,Research & Development,Medical,1,Laboratory Technician,Married,0,0,2.117086453369639,0.9523809523809521,0.31541218637992835,0.0,1.25,0.0,0.0,2.0714285714285716,1.6666666666666667,0.0,0.0,0.7767348660620121,1.8163019474001205,0.5555555555555556,1.7857142857142856,0.0,0.0,0.0,3.3333333333333335,0.75,1.6666666666666667,3.333333333333333,0.625,0.8333333333333334,0.3333333333333333,0.8823529411764706,0.0,1.0,1.0,0.0,0.0,0.0,1.0,0.0,0.0,1.0,0.0,1.0,0.0,0.0,0.0,0.0,0.0,0.0,1.0,0.0,0.0
Travel_Rarely,Research & Development,Life Sciences,1,Research Scientist,Married,0,1,0.006807351940095302,3.9285714285714284,4.369175627240144,0.5357142857142857,3.75,0.0,0.0,0.2857142857142856,3.333333333333333,0.0,3.333333333333333,0.38283062645011595,1.653884762095965,5.0,0.35714285714285676,0.0,3.333333333333333,0.0,5.0,2.25,1.6666666666666667,5.0,1.25,0.0,0.6666666666666666,2.058823529411765,0.0,1.0,1.0,0.0,1.0,0.0,0.0,0.0,0.0,1.0,0.0,0.0,0.0,0.0,0.0,1.0,0.0,0.0,1.0,0.0,1.0
Travel_Rarely,Sales,Medical,1,Sales Executive,Married,0,1,0.020422055820285907,2.619047619047619,3.655913978494624,0.0,1.25,0.0,1.6666666666666667,1.9285714285714284,0.0,1.25,5.0,1.7000632777894957,2.2443284481027903,1.1111111111111112,3.928571428571429,5.0,3.333333333333333,0.0,5.0,0.75,1.6666666666666667,1.6666666666666667,0.5,0.8333333333333334,0.0,0.5882352941176471,0.0,1.0,0.0,1.0,0.0,0.0,1.0,0.0,0.0,1.0,0.0,0.0,0.0,0.0,0.0,0.0,1.0,0.0,1.0,0.0,1.0
Travel_Rarely,Research & Development,Medical,0,Research Scientist,Married,0,0,1.0585432266848194,1.1904761904761902,3.989247311827957,0.0,2.5,0.0,3.333333333333333,2.642857142857143,3.333333333333333,0.0,0.0,0.6807635519932502,2.1331058020477816,0.5555555555555556,5.0,5.0,3.333333333333333,0.0,1.6666666666666667,0.375,2.5,3.333333333333333,0.375,0.5555555555555556,0.3333333333333333,0.5882352941176471,0.0,1.0,1.0,0.0,0.0,0.0,1.0,0.0,0.0,0.0,0.0,0.0,0.0,0.0,0.0,1.0,0.0,0.0,1.0,0.0,0.0
Travel_Rarely,Sales,Life Sciences,1,Sales Executive,Single,0,1,2.1647379169503065,4.0476190476190474,3.3189964157706093,0.7142857142857143,2.5,0.0,1.6666666666666667,2.4285714285714284,3.333333333333333,2.5,1.6666666666666667,1.9608205020037965,3.9028307568761296,5.0,2.8571428571428568,0.0,3.333333333333333,0.0,0.0,1.25,1.6666666666666667,1.6666666666666667,1.0,1.9444444444444446,2.333333333333333,2.058823529411765,0.0,1.0,0.0,1.0,1.0,0.0,0.0,0.0,0.0,1.0,0.0,0.0,0.0,0.0,0.0,0.0,1.0,0.0,0.0,1.0,1.0
Travel_Rarely,Research & Development,Medical,0,Manager,Married,0,0,3.063308373042886,2.619047619047619,3.172043010752688,0.5357142857142857,0.0,0.0,5.0,1.1428571428571428,3.333333333333333,5.0,3.333333333333333,4.75216199114111,0.8843605701666333,0.5555555555555556,1.0714285714285712,0.0,1.6666666666666667,0.0,1.6666666666666667,2.625,1.6666666666666667,3.333333333333333,2.5,2.2222222222222223,3.0,2.6470588235294117,0.0,1.0,1.0,0.0,0.0,0.0,1.0,0.0,0.0,0.0,0.0,0.0,1.0,0.0,0.0,0.0,0.0,0.0,1.0,0.0,0.0
Travel_Rarely,Sales,Life Sciences,0,Sales Executive,Single,0,0,4.928522804628999,2.380952380952381,1.1935483870967742,2.678571428571429,2.5,0.0,1.6666666666666667,4.285714285714285,3.333333333333333,1.25,1.6666666666666667,0.8408036279265978,2.8678980124472995,1.1111111111111112,0.35714285714285676,0.0,1.6666666666666667,0.0,0.0,1.0,4.166666666666667,5.0,0.375,0.5555555555555556,0.3333333333333333,0.5882352941176471,0.0,1.0,0.0,1.0,1.0,0.0,0.0,0.0,0.0,0.0,0.0,0.0,0.0,0.0,0.0,0.0,1.0,0.0,0.0,1.0,0.0
Travel_Rarely,Research & Development,Life Sciences,0,Research Scientist,Single,0,1,0.731790333560245,0.11904761904761907,0.5770609318996416,4.285714285714286,2.5,0.0,1.6666666666666667,1.9285714285714284,5.0,0.0,5.0,0.5233600506222316,3.839991969484039,0.5555555555555556,0.35714285714285676,0.0,5.0,0.0,0.0,0.125,1.6666666666666667,3.333333333333333,0.125,0.0,0.0,0.29411764705882354,0.0,1.0,1.0,0.0,1.0,0.0,0.0,0.0,0.0,0.0,0.0,0.0,0.0,0.0,0.0,1.0,0.0,0.0,0.0,1.0,1.0
Travel_Rarely,Research & Development,Life Sciences,0,Research Scientist,Divorced,0,0,3.1484002722940776,1.9047619047619047,3.3225806451612905,0.8928571428571428,3.75,0.0,3.333333333333333,1.0714285714285712,1.6666666666666667,1.25,1.6666666666666667,0.9217464669900863,2.5910459747038748,3.3333333333333335,1.4285714285714288,0.0,3.333333333333333,0.0,1.6666666666666667,1.5,2.5,3.333333333333333,0.125,0.0,0.0,0.0,0.0,1.0,1.0,0.0,1.0,0.0,0.0,0.0,0.0,0.0,0.0,0.0,0.0,0.0,0.0,1.0,0.0,0.0,0.0,0.0,0.0
Travel_Rarely,Research & Development,Medical,0,Manager,Divorced,0,1,0.09189925119128659,2.4999999999999996,1.103942652329749,2.1428571428571432,3.75,0.0,3.333333333333333,4.571428571428571,1.6666666666666667,3.75,1.6666666666666667,4.248576249736343,3.0596265810078296,3.3333333333333335,0.7142857142857144,0.0,5.0,0.0,3.3333333333333335,2.625,3.3333333333333335,3.333333333333333,2.375,2.5,5.0,0.5882352941176471,0.0,1.0,1.0,0.0,0.0,0.0,1.0,0.0,0.0,0.0,0.0,0.0,1.0,0.0,0.0,0.0,0.0,0.0,0.0,0.0,1.0
Travel_Rarely,Research & Development,Technical Degree,0,Research Scientist,Married,0,0,3.611300204220558,1.9047619047619047,4.358422939068101,3.3928571428571432,2.5,0.0,3.333333333333333,4.2142857142857135,5.0,0.0,3.333333333333333,0.41552415102299084,3.924713912868902,0.0,2.1428571428571423,0.0,5.0,0.0,0.0,0.25,4.166666666666667,1.6666666666666667,0.125,0.0,0.0,0.0,0.0,1.0,1.0,0.0,0.0,0.0,0.0,0.0,1.0,0.0,0.0,0.0,0.0,0.0,0.0,1.0,0.0,0.0,1.0,0.0,0.0
Travel_Rarely,Research & Development,Medical,1,Laboratory Technician,Divorced,0,1,2.821647379169503,0.9523809523809521,4.82078853046595,2.678571428571429,3.75,0.0,0.0,1.0714285714285712,3.333333333333333,0.0,1.6666666666666667,0.35962877030162405,2.42642039751054,1.1111111111111112,0.7142857142857144,0.0,5.0,0.0,1.6666666666666667,0.625,1.6666666666666667,3.333333333333333,0.375,0.5555555555555556,0.0,0.5882352941176471,0.0,1.0,1.0,0.0,0.0,0.0,1.0,0.0,0.0,1.0,0.0,1.0,0.0,0.0,0.0,0.0,0.0,0.0,0.0,0.0,1.0
Travel_Rarely,Research & Development,Life Sciences,1,Laboratory Technician,Single,0,0,2.2123893805309733,0.11904761904761907,0.7132616487455197,0.17857142857142858,2.5,0.0,1.6666666666666667,1.214285714285714,1.6666666666666667,0.0,5.0,0.024520143429656194,1.4348524392692232,0.5555555555555556,3.928571428571429,5.0,3.333333333333333,0.0,0.0,0.125,2.5,1.6666666666666667,0.125,0.0,0.3333333333333333,0.0,0.0,1.0,1.0,0.0,1.0,0.0,0.0,0.0,0.0,1.0,0.0,1.0,0.0,0.0,0.0,0.0,0.0,0.0,0.0,1.0,0.0
Travel_Rarely,Research & Development,Life Sciences,1,Research Scientist,Married,0,1,2.1715452688904016,2.2619047619047614,4.78494623655914,0.5357142857142857,0.0,0.0,3.333333333333333,1.714285714285714,3.333333333333333,0.0,3.333333333333333,0.5238873655346972,0.6199558321622165,3.8888888888888893,1.4285714285714288,0.0,5.0,0.0,0.0,1.0,1.6666666666666667,3.333333333333333,0.75,1.1111111111111112,0.3333333333333333,0.8823529411764706,0.0,1.0,1.0,0.0,1.0,0.0,0.0,0.0,0.0,1.0,0.0,0.0,0.0,0.0,0.0,1.0,0.0,0.0,1.0,0.0,1.0
Travel_Rarely,Research & Development,Life Sciences,1,Laboratory Technician,Divorced,0,0,2.4574540503744045,3.214285714285714,0.3225806451612903,1.4285714285714286,2.5,0.0,1.6666666666666667,2.142857142857143,3.333333333333333,1.25,1.6666666666666667,0.35303733389580255,1.7681188516362176,4.444444444444445,2.5,0.0,3.333333333333333,0.0,1.6666666666666667,2.5,1.6666666666666667,0.0,2.125,2.5,0.0,4.411764705882353,0.0,1.0,1.0,0.0,1.0,0.0,0.0,0.0,0.0,1.0,0.0,1.0,0.0,0.0,0.0,0.0,0.0,0.0,0.0,0.0,0.0
Travel_Rarely,Sales,Marketing,1,Manager,Married,0,0,3.6555479918311775,2.857142857142857,0.5770609318996416,0.7142857142857143,1.25,0.0,5.0,4.285714285714285,3.333333333333333,5.0,3.333333333333333,4.55969204809112,1.139530214816302,3.3333333333333335,0.7142857142857144,0.0,1.6666666666666667,0.0,0.0,2.625,2.5,5.0,0.125,0.0,0.0,0.0,0.0,1.0,0.0,1.0,0.0,1.0,0.0,0.0,0.0,1.0,0.0,0.0,1.0,0.0,0.0,0.0,0.0,0.0,1.0,0.0,0.0
Travel_Rarely,Research & Development,Other,1,Laboratory Technician,Single,0,0,2.1238938053097347,0.5952380952380953,1.6738351254480288,1.9642857142857142,1.25,0.0,5.0,3.4285714285714284,3.333333333333333,0.0,5.0,0.43187091330942834,2.324432844810279,0.5555555555555556,0.7142857142857144,0.0,3.333333333333333,0.0,0.0,0.625,5.0,5.0,0.625,0.5555555555555556,0.3333333333333333,1.1764705882352942,0.0,1.0,1.0,0.0,0.0,0.0,0.0,1.0,0.0,1.0,0.0,1.0,0.0,0.0,0.0,0.0,0.0,0.0,0.0,1.0,0.0
Travel_Rarely,Sales,Marketing,1,Sales Executive,Divorced,0,1,2.763784887678693,5.0,2.121863799283154,1.0714285714285714,3.75,0.0,1.6666666666666667,1.5714285714285712,5.0,1.25,5.0,1.110261548196583,1.7665127484440875,0.0,2.5,0.0,1.6666666666666667,0.0,1.6666666666666667,1.5,2.5,3.333333333333333,1.375,1.9444444444444446,0.3333333333333333,2.6470588235294117,0.0,1.0,0.0,1.0,0.0,1.0,0.0,0.0,0.0,1.0,0.0,0.0,0.0,0.0,0.0,0.0,1.0,0.0,0.0,0.0,1.0
Travel_Rarely,Sales,Life Sciences,1,Sales Executive,Divorced,0,1,0.8713410483321987,3.3333333333333335,4.204301075268817,0.17857142857142858,2.5,0.0,3.333333333333333,3.142857142857143,3.333333333333333,2.5,5.0,2.4675701328833575,0.7030716723549488,2.2222222222222223,0.35714285714285676,0.0,1.6666666666666667,0.0,1.6666666666666667,1.625,4.166666666666667,1.6666666666666667,1.25,1.6666666666666667,0.0,0.8823529411764706,0.0,1.0,0.0,1.0,1.0,0.0,0.0,0.0,0.0,1.0,0.0,0.0,0.0,0.0,0.0,0.0,1.0,0.0,0.0,0.0,1.0
Travel_Rarely,Research & Development,Life Sciences,0,Laboratory Technician,Married,0,0,0.08509189925119129,3.6904761904761902,2.2150537634408605,4.285714285714286,3.75,0.0,3.333333333333333,3.857142857142857,3.333333333333333,0.0,0.0,0.5805737186247626,4.016864083517366,0.5555555555555556,1.0714285714285712,0.0,5.0,0.0,1.6666666666666667,1.25,2.5,1.6666666666666667,1.125,1.6666666666666667,0.3333333333333333,1.1764705882352942,0.0,1.0,1.0,0.0,1.0,0.0,0.0,0.0,0.0,0.0,0.0,1.0,0.0,0.0,0.0,0.0,0.0,0.0,1.0,0.0,0.0
Travel_Frequently,Sales,Marketing,0,Sales Executive,Single,0,0,1.1436351259360107,1.6666666666666665,3.0931899641577063,1.25,2.5,0.0,1.6666666666666667,0.9285714285714284,3.333333333333333,2.5,5.0,2.1063594178443363,2.709295322224453,0.5555555555555556,1.0714285714285712,0.0,5.0,0.0,0.0,1.125,1.6666666666666667,3.333333333333333,1.125,2.2222222222222223,1.0,2.058823529411765,1.0,0.0,0.0,1.0,0.0,1.0,0.0,0.0,0.0,0.0,0.0,0.0,0.0,0.0,0.0,0.0,1.0,0.0,0.0,1.0,0.0
Travel_Rarely,Research & Development,Medical,1,Healthcare Representative,Married,0,1,1.9469026548672563,3.214285714285714,4.591397849462366,3.3928571428571432,1.25,0.0,3.333333333333333,3.4999999999999996,3.333333333333333,3.75,5.0,3.2922906559797505,1.0855249949809276,0.0,1.0714285714285712,0.0,1.6666666666666667,0.0,0.0,2.625,1.6666666666666667,3.333333333333333,2.5,1.9444444444444446,1.3333333333333333,2.9411764705882355,0.0,1.0,1.0,0.0,0.0,0.0,1.0,0.0,0.0,1.0,0.0,0.0,0.0,0.0,0.0,0.0,0.0,0.0,1.0,0.0,1.0
Travel_Rarely,Human Resources,Life Sciences,1,Human Resources,Divorced,0,0,0.1599727705922396,1.4285714285714284,0.8100358422939069,0.0,2.5,0.0,3.333333333333333,1.1428571428571428,3.333333333333333,0.0,3.333333333333333,0.2781586163256697,2.6769724954828344,0.0,3.571428571428571,5.0,0.0,0.0,1.6666666666666667,0.75,2.5,5.0,0.625,0.8333333333333334,0.3333333333333333,0.8823529411764706,0.0,1.0,0.0,0.0,1.0,0.0,0.0,0.0,0.0,1.0,1.0,0.0,0.0,0.0,0.0,0.0,0.0,0.0,0.0,0.0,0.0
Travel_Rarely,Research & Development,Technical Degree,0,Research Director,Married,0,0,0.36078965282505104,2.7380952380952377,4.50179211469534,1.9642857142857142,2.5,0.0,1.6666666666666667,1.3571428571428572,3.333333333333333,5.0,3.333333333333333,4.8871546087323345,2.8480224854446896,0.5555555555555556,0.35714285714285676,0.0,5.0,0.0,0.0,2.875,0.0,3.333333333333333,2.75,4.166666666666667,5.0,2.3529411764705883,0.0,1.0,1.0,0.0,0.0,0.0,0.0,0.0,1.0,0.0,0.0,0.0,0.0,0.0,1.0,0.0,0.0,0.0,1.0,0.0,0.0
Travel_Rarely,Sales,Marketing,0,Sales Executive,Married,0,1,1.1878829135466302,0.9523809523809521,4.799283154121864,3.9285714285714293,2.5,0.0,3.333333333333333,1.214285714285714,1.6666666666666667,1.25,5.0,0.8299936722210504,3.8831559927725356,3.8888888888888893,2.8571428571428568,0.0,3.333333333333333,0.0,1.6666666666666667,0.625,1.6666666666666667,1.6666666666666667,0.25,0.5555555555555556,0.0,0.0,0.0,1.0,0.0,1.0,0.0,1.0,0.0,0.0,0.0,0.0,0.0,0.0,0.0,0.0,0.0,0.0,1.0,0.0,1.0,0.0,1.0
Travel_Rarely,Research & Development,Medical,1,Research Scientist,Married,0,0,0.18720217835262082,1.4285714285714284,0.4910394265232975,1.0714285714285714,2.5,0.0,1.6666666666666667,1.2857142857142856,1.6666666666666667,0.0,1.6666666666666667,0.2984602404556,0.653282473398916,0.5555555555555556,0.35714285714285676,0.0,1.6666666666666667,0.0,1.6666666666666667,0.75,2.5,1.6666666666666667,0.75,1.1111111111111112,0.3333333333333333,0.29411764705882354,0.0,1.0,1.0,0.0,0.0,0.0,1.0,0.0,0.0,1.0,0.0,0.0,0.0,0.0,0.0,1.0,0.0,0.0,1.0,0.0,0.0
Travel_Rarely,Research & Development,Medical,0,Manufacturing Director,Divorced,0,0,2.634445200816882,1.1904761904761902,1.7060931899641578,4.642857142857142,2.5,0.0,1.6666666666666667,0.6428571428571428,0.0,1.25,0.0,1.019827040708711,3.6872114033326637,0.0,3.571428571428571,5.0,1.6666666666666667,0.0,1.6666666666666667,0.75,4.166666666666667,1.6666666666666667,0.625,0.8333333333333334,0.0,0.0,0.0,1.0,1.0,0.0,0.0,0.0,1.0,0.0,0.0,0.0,0.0,0.0,0.0,1.0,0.0,0.0,0.0,0.0,0.0,0.0,0.0
Travel_Rarely,Research & Development,Life Sciences,1,Research Scientist,Divorced,0,1,0.7249829816201497,1.6666666666666665,0.8243727598566308,0.7142857142857143,1.25,0.0,0.0,3.5714285714285707,5.0,0.0,1.6666666666666667,0.6035119173170216,2.6016864083517364,0.0,0.35714285714285676,0.0,5.0,0.0,3.3333333333333335,0.875,4.166666666666667,1.6666666666666667,0.75,0.5555555555555556,0.0,1.4705882352941178,0.0,1.0,1.0,0.0,1.0,0.0,0.0,0.0,0.0,1.0,0.0,0.0,0.0,0.0,0.0,1.0,0.0,0.0,0.0,0.0,1.0
Travel_Rarely,Sales,Marketing,0,Manager,Married,0,0,0.4084411164057182,4.0476190476190474,0.5806451612903225,0.17857142857142858,0.0,0.0,0.0,1.9285714285714284,0.0,5.0,5.0,4.966251845602193,4.76852037743425,0.5555555555555556,1.4285714285714288,0.0,5.0,0.0,1.6666666666666667,4.125,2.5,3.333333333333333,4.0,3.8888888888888893,2.0,2.6470588235294117,0.0,1.0,0.0,1.0,0.0,1.0,0.0,0.0,0.0,0.0,0.0,0.0,1.0,0.0,0.0,0.0,0.0,0.0,1.0,0.0,0.0
Travel_Rarely,Human Resources,Human Resources,1,Human Resources,Divorced,0,1,3.0599046970728385,1.3095238095238093,0.881720430107527,2.1428571428571432,2.5,0.0,0.0,1.8571428571428572,1.6666666666666667,0.0,0.0,0.34960978696477535,0.21341096165428625,2.2222222222222223,1.4285714285714288,0.0,5.0,0.0,5.0,0.5,2.5,3.333333333333333,0.25,0.5555555555555556,0.6666666666666666,0.0,0.0,1.0,0.0,0.0,0.0,0.0,0.0,0.0,0.0,1.0,1.0,0.0,0.0,0.0,0.0,0.0,0.0,0.0,0.0,0.0,1.0
Travel_Rarely,Sales,Marketing,0,Manager,Married,0,0,2.4063989108236896,3.3333333333333335,4.652329749103942,0.17857142857142858,2.5,0.0,3.333333333333333,2.785714285714285,3.333333333333333,3.75,0.0,4.228801940518878,4.417386067054808,4.444444444444445,4.2857142857142865,5.0,0.0,0.0,0.0,3.5,1.6666666666666667,3.333333333333333,3.25,4.166666666666667,5.0,2.6470588235294117,0.0,1.0,0.0,1.0,0.0,1.0,0.0,0.0,0.0,0.0,0.0,0.0,1.0,0.0,0.0,0.0,0.0,0.0,1.0,0.0,0.0
Travel_Rarely,Sales,Marketing,0,Sales Executive,Divorced,0,1,0.2450646698434309,3.0952380952380953,4.960573476702509,0.0,5.0,0.0,1.6666666666666667,3.214285714285714,3.333333333333333,1.25,0.0,1.1719573929550726,0.3844609516161413,2.7777777777777777,3.571428571428571,5.0,3.333333333333333,0.0,1.6666666666666667,1.125,1.6666666666666667,1.6666666666666667,0.5,0.8333333333333334,0.3333333333333333,0.8823529411764706,0.0,1.0,0.0,1.0,0.0,1.0,0.0,0.0,0.0,0.0,0.0,0.0,0.0,0.0,0.0,0.0,1.0,0.0,0.0,0.0,1.0
Travel_Rarely,Sales,Marketing,1,Sales Executive,Single,0,0,4.496255956432948,2.0238095238095233,2.4086021505376345,0.0,3.75,0.0,3.333333333333333,0.1428571428571428,1.6666666666666667,1.25,0.0,0.8708605779371441,4.200361373218229,0.0,1.0714285714285712,0.0,1.6666666666666667,0.0,0.0,2.0,1.6666666666666667,3.333333333333333,1.875,3.611111111111111,0.6666666666666666,2.3529411764705883,0.0,1.0,0.0,1.0,0.0,1.0,0.0,0.0,0.0,1.0,0.0,0.0,0.0,0.0,0.0,0.0,1.0,0.0,0.0,1.0,0.0
Travel_Rarely,Research & Development,Life Sciences,1,Research Scientist,Married,0,1,3.192648059904697,1.0714285714285712,3.5806451612903225,2.3214285714285716,2.5,0.0,0.0,0.8571428571428572,3.333333333333333,0.0,0.0,0.32324404134148904,2.4659706886167436,0.5555555555555556,1.0714285714285712,0.0,5.0,0.0,3.3333333333333335,1.125,2.5,1.6666666666666667,1.125,1.9444444444444446,2.0,2.3529411764705883,0.0,1.0,1.0,0.0,1.0,0.0,0.0,0.0,0.0,1.0,0.0,0.0,0.0,0.0,0.0,1.0,0.0,0.0,1.0,0.0,1.0
Travel_Rarely,Research & Development,Life Sciences,1,Healthcare Representative,Married,0,0,0.1531654186521443,1.4285714285714284,0.6594982078853047,0.17857142857142858,2.5,0.0,3.333333333333333,4.928571428571429,1.6666666666666667,1.25,5.0,0.828675384939886,2.7576791808873717,0.5555555555555556,2.8571428571428568,0.0,0.0,0.0,5.0,1.375,2.5,3.333333333333333,1.375,2.7777777777777777,3.333333333333333,2.3529411764705883,0.0,1.0,1.0,0.0,1.0,0.0,0.0,0.0,0.0,1.0,0.0,0.0,0.0,0.0,0.0,0.0,0.0,0.0,1.0,0.0,0.0
Non-Travel,Research & Development,Medical,1,Manager,Single,0,0,4.969366916269571,3.5714285714285707,4.150537634408602,0.0,3.75,0.0,0.0,0.3571428571428572,5.0,3.75,5.0,4.185825775152921,2.8227263601686405,1.1111111111111112,3.928571428571429,5.0,3.333333333333333,0.0,0.0,3.375,2.5,1.6666666666666667,0.625,1.1111111111111112,0.6666666666666666,0.29411764705882354,0.0,0.0,1.0,0.0,0.0,0.0,1.0,0.0,0.0,1.0,0.0,0.0,1.0,0.0,0.0,0.0,0.0,0.0,0.0,1.0,0.0
Travel_Rarely,Research & Development,Life Sciences,1,Laboratory Technician,Single,0,0,1.7801225323349215,2.619047619047619,2.0501792114695343,1.4285714285714286,3.75,0.0,5.0,3.9999999999999996,3.333333333333333,0.0,0.0,0.266030373338958,3.9624573378839587,1.6666666666666667,1.0714285714285712,0.0,1.6666666666666667,0.0,0.0,1.875,2.5,0.0,0.625,1.1111111111111112,0.3333333333333333,0.0,0.0,1.0,1.0,0.0,1.0,0.0,0.0,0.0,0.0,1.0,0.0,1.0,0.0,0.0,0.0,0.0,0.0,0.0,0.0,1.0,0.0
Travel_Rarely,Sales,Life Sciences,1,Sales Representative,Married,0,0,4.853641933287951,1.5476190476190474,0.17921146953405015,1.0714285714285714,3.75,0.0,1.6666666666666667,0.7857142857142856,1.6666666666666667,0.0,3.333333333333333,0.3480278422273781,1.9359566352138124,1.6666666666666667,1.4285714285714288,0.0,1.6666666666666667,0.0,0.0,1.625,1.6666666666666667,5.0,0.875,1.9444444444444446,1.6666666666666665,0.5882352941176471,0.0,1.0,0.0,1.0,1.0,0.0,0.0,0.0,0.0,1.0,0.0,0.0,0.0,0.0,0.0,0.0,0.0,1.0,1.0,0.0,0.0
Non-Travel,Research & Development,Medical,1,Healthcare Representative,Divorced,0,1,3.8801906058543225,4.404761904761905,0.26164874551971323,1.25,0.0,0.0,5.0,0.5,1.6666666666666667,3.75,1.6666666666666667,3.3136469099346124,4.71752660108412,0.5555555555555556,1.4285714285714288,0.0,5.0,0.0,1.6666666666666667,4.25,2.5,3.333333333333333,4.125,2.5,5.0,0.0,0.0,0.0,1.0,0.0,0.0,0.0,1.0,0.0,0.0,1.0,0.0,0.0,0.0,0.0,0.0,0.0,0.0,0.0,0.0,0.0,1.0
Travel_Rarely,Research & Development,Medical,0,Laboratory Technician,Divorced,0,0,2.81143635125936,2.4999999999999996,4.756272401433692,0.0,3.75,0.0,3.333333333333333,4.7142857142857135,3.333333333333333,0.0,3.333333333333333,0.3224530689727905,2.6747641035936556,3.8888888888888893,1.0714285714285712,0.0,3.333333333333333,0.0,5.0,0.875,0.8333333333333334,3.333333333333333,0.375,0.5555555555555556,0.3333333333333333,0.5882352941176471,0.0,1.0,1.0,0.0,0.0,0.0,1.0,0.0,0.0,0.0,0.0,1.0,0.0,0.0,0.0,0.0,0.0,0.0,0.0,0.0,0.0
Travel_Rarely,Research & Development,Medical,1,Laboratory Technician,Single,0,0,2.5936010891763104,1.4285714285714284,4.741935483870968,0.17857142857142858,0.0,0.0,1.6666666666666667,0.3571428571428572,1.6666666666666667,0.0,5.0,0.4511179076144273,1.8205179682794619,0.0,0.7142857142857144,0.0,5.0,0.0,0.0,0.75,2.5,3.333333333333333,0.625,0.8333333333333334,0.3333333333333333,0.5882352941176471,0.0,1.0,1.0,0.0,0.0,0.0,1.0,0.0,0.0,1.0,0.0,1.0,0.0,0.0,0.0,0.0,0.0,0.0,0.0,1.0,0.0
Travel_Rarely,Research & Development,Medical,1,Research Director,Single,0,0,1.814159292035398,2.619047619047619,4.315412186379929,2.3214285714285716,2.5,0.0,3.333333333333333,1.0,1.6666666666666667,5.0,3.333333333333333,4.908510862687197,3.1017867898012446,0.5555555555555556,1.0714285714285712,0.0,0.0,0.0,0.0,2.625,1.6666666666666667,5.0,2.5,1.9444444444444446,1.3333333333333333,2.6470588235294117,0.0,1.0,1.0,0.0,0.0,0.0,1.0,0.0,0.0,1.0,0.0,0.0,0.0,0.0,1.0,0.0,0.0,0.0,0.0,1.0,0.0
Travel_Rarely,Sales,Life Sciences,0,Sales Representative,Married,0,0,2.0524166099387338,2.0238095238095233,1.0035842293906811,1.25,3.75,0.0,0.0,2.9999999999999996,3.333333333333333,0.0,5.0,0.41209660409196364,3.658502308773339,0.5555555555555556,1.7857142857142856,0.0,1.6666666666666667,0.0,1.6666666666666667,0.375,0.8333333333333334,1.6666666666666667,0.375,0.5555555555555556,0.0,0.5882352941176471,0.0,1.0,0.0,1.0,1.0,0.0,0.0,0.0,0.0,0.0,0.0,0.0,0.0,0.0,0.0,0.0,0.0,1.0,1.0,0.0,0.0
Travel_Rarely,Research & Development,Medical,1,Research Scientist,Married,0,1,1.5827093260721576,2.142857142857143,0.7670250896057349,1.4285714285714286,2.5,0.0,5.0,3.4999999999999996,1.6666666666666667,0.0,3.333333333333333,0.6272410883779793,3.951616141337081,0.0,2.1428571428571423,0.0,0.0,0.0,1.6666666666666667,0.25,0.0,1.6666666666666667,0.125,0.0,0.0,0.0,0.0,1.0,1.0,0.0,0.0,0.0,1.0,0.0,0.0,1.0,0.0,0.0,0.0,0.0,0.0,1.0,0.0,0.0,1.0,0.0,1.0
Travel_Rarely,Research & Development,Life Sciences,1,Manufacturing Director,Single,0,0,2.6548672566371683,1.7857142857142856,1.6881720430107525,4.285714285714286,2.5,0.0,5.0,1.0,1.6666666666666667,1.25,1.6666666666666667,0.872969837587007,4.428428026500702,0.5555555555555556,0.7142857142857144,0.0,5.0,0.0,0.0,0.625,1.6666666666666667,3.333333333333333,0.625,0.8333333333333334,0.0,0.5882352941176471,0.0,1.0,1.0,0.0,1.0,0.0,0.0,0.0,0.0,1.0,0.0,0.0,0.0,1.0,0.0,0.0,0.0,0.0,0.0,1.0,0.0
Travel_Rarely,Research & Development,Medical,1,Research Scientist,Single,0,0,4.26140231449966,1.5476190476190474,3.5053763440860215,0.0,3.75,0.0,3.333333333333333,4.071428571428571,3.333333333333333,0.0,1.6666666666666667,0.3933769246994305,3.348925918490263,0.5555555555555556,2.1428571428571423,0.0,1.6666666666666667,0.0,0.0,0.125,3.3333333333333335,3.333333333333333,0.125,0.2777777777777778,0.3333333333333333,0.0,0.0,1.0,1.0,0.0,0.0,0.0,1.0,0.0,0.0,1.0,0.0,0.0,0.0,0.0,0.0,1.0,0.0,0.0,0.0,1.0,0.0
Travel_Rarely,Sales,Life Sciences,1,Sales Executive,Married,0,1,2.5357385976855005,1.9047619047619047,4.931899641577061,0.5357142857142857,2.5,0.0,3.333333333333333,2.4285714285714284,3.333333333333333,2.5,5.0,2.2948744990508327,4.487050793013451,1.1111111111111112,0.7142857142857144,0.0,5.0,0.0,5.0,1.125,2.5,3.333333333333333,0.625,0.8333333333333334,0.3333333333333333,0.0,0.0,1.0,0.0,1.0,1.0,0.0,0.0,0.0,0.0,1.0,0.0,0.0,0.0,0.0,0.0,0.0,1.0,0.0,1.0,0.0,1.0
Travel_Rarely,Sales,Marketing,0,Sales Executive,Married,0,0,3.0939414567733152,2.619047619047619,1.2186379928315412,0.17857142857142858,1.25,0.0,1.6666666666666667,4.428571428571429,3.333333333333333,1.25,1.6666666666666667,1.230753005695001,0.4344509134711905,1.6666666666666667,1.0714285714285712,0.0,3.333333333333333,0.0,1.6666666666666667,1.875,3.3333333333333335,3.333333333333333,1.375,2.2222222222222223,1.6666666666666665,2.9411764705882355,0.0,1.0,0.0,1.0,0.0,1.0,0.0,0.0,0.0,0.0,0.0,0.0,0.0,0.0,0.0,0.0,1.0,0.0,1.0,0.0,0.0
Travel_Rarely,Research & Development,Medical,0,Manufacturing Director,Divorced,0,0,0.2042205582028591,3.452380952380952,3.150537634408602,0.17857142857142858,1.25,0.0,0.0,2.4999999999999996,3.333333333333333,1.25,5.0,1.0707129297616536,1.0630395502911063,2.7777777777777777,0.7142857142857144,0.0,3.333333333333333,0.0,5.0,2.5,1.6666666666666667,3.333333333333333,0.625,0.0,0.0,1.1764705882352942,0.0,1.0,1.0,0.0,0.0,0.0,1.0,0.0,0.0,0.0,0.0,0.0,0.0,1.0,0.0,0.0,0.0,0.0,0.0,0.0,0.0
Travel_Rarely,Research & Development,Medical,1,Manufacturing Director,Divorced,0,0,3.5023825731790335,2.2619047619047614,3.8996415770609323,0.7142857142857143,1.25,0.0,5.0,2.214285714285714,3.333333333333333,1.25,5.0,1.4074035013710187,4.232684199959848,3.8888888888888893,1.7857142857142856,0.0,3.333333333333333,0.0,3.3333333333333335,1.0,1.6666666666666667,1.6666666666666667,0.75,0.5555555555555556,0.0,1.1764705882352942,0.0,1.0,1.0,0.0,0.0,0.0,1.0,0.0,0.0,1.0,0.0,0.0,0.0,1.0,0.0,0.0,0.0,0.0,0.0,0.0,0.0
Travel_Rarely,Sales,Life Sciences,1,Sales Executive,Married,0,0,0.3131381892443839,4.404761904761905,0.025089605734766984,0.0,1.25,0.0,0.0,2.857142857142857,3.333333333333333,2.5,5.0,2.4335583210293183,3.211804858462156,1.6666666666666667,1.0714285714285712,0.0,5.0,0.0,1.6666666666666667,3.0,3.3333333333333335,3.333333333333333,0.125,0.0,0.3333333333333333,0.0,0.0,1.0,0.0,1.0,1.0,0.0,0.0,0.0,0.0,1.0,0.0,0.0,0.0,0.0,0.0,0.0,1.0,0.0,1.0,0.0,0.0
Travel_Rarely,Research & Development,Life Sciences,1,Research Scientist,Single,0,0,2.2668481960517357,1.3095238095238093,4.225806451612903,3.9285714285714293,2.5,0.0,5.0,1.714285714285714,3.333333333333333,0.0,5.0,0.3142796878295718,3.227062838787392,5.0,1.7857142857142856,0.0,5.0,0.0,0.0,0.75,3.3333333333333335,3.333333333333333,0.375,0.5555555555555556,0.3333333333333333,0.5882352941176471,0.0,1.0,1.0,0.0,1.0,0.0,0.0,0.0,0.0,1.0,0.0,0.0,0.0,0.0,0.0,1.0,0.0,0.0,0.0,1.0,0.0
Travel_Rarely,Sales,Life Sciences,0,Manager,Married,0,0,2.3076923076923075,3.3333333333333335,0.4444444444444445,0.3571428571428571,2.5,0.0,3.333333333333333,1.5,3.333333333333333,3.75,1.6666666666666667,4.112265344863952,1.864284280265007,4.444444444444445,0.35714285714285676,0.0,5.0,0.0,1.6666666666666667,2.875,1.6666666666666667,5.0,1.625,3.3333333333333335,1.6666666666666665,0.29411764705882354,0.0,1.0,0.0,1.0,1.0,0.0,0.0,0.0,0.0,0.0,0.0,0.0,1.0,0.0,0.0,0.0,0.0,0.0,1.0,0.0,0.0
Travel_Rarely,Sales,Marketing,1,Sales Executive,Divorced,0,0,0.6603131381892443,1.4285714285714284,1.4229390681003584,4.642857142857142,5.0,0.0,3.333333333333333,4.928571428571429,3.333333333333333,1.25,5.0,1.1324087745201434,4.653884762095965,3.8888888888888893,4.2857142857142865,5.0,5.0,0.0,1.6666666666666667,1.25,1.6666666666666667,1.6666666666666667,1.0,1.9444444444444446,2.333333333333333,2.058823529411765,0.0,1.0,0.0,1.0,0.0,1.0,0.0,0.0,0.0,1.0,0.0,0.0,0.0,0.0,0.0,0.0,1.0,0.0,0.0,0.0,0.0
Travel_Rarely,Human Resources,Technical Degree,0,Human Resources,Married,0,0,0.9530292716133424,1.9047619047619047,3.5949820788530467,1.4285714285714286,3.75,0.0,0.0,1.5714285714285712,3.333333333333333,0.0,3.333333333333333,0.4569183716515502,0.19634611523790407,0.5555555555555556,1.4285714285714288,0.0,5.0,0.0,0.0,0.25,0.0,3.333333333333333,0.25,0.5555555555555556,0.6666666666666666,0.5882352941176471,0.0,1.0,0.0,0.0,0.0,0.0,0.0,0.0,1.0,0.0,1.0,0.0,0.0,0.0,0.0,0.0,0.0,0.0,1.0,0.0,0.0
Travel_Frequently,Research & Development,Medical,1,Laboratory Technician,Married,0,0,1.2219196732471067,2.976190476190476,0.7491039426523298,3.5714285714285716,2.5,0.0,5.0,2.214285714285714,3.333333333333333,0.0,5.0,0.32930816283484493,2.638827544669745,3.8888888888888893,3.2142857142857144,5.0,0.0,0.0,1.6666666666666667,1.0,0.8333333333333334,3.333333333333333,0.375,0.5555555555555556,0.3333333333333333,0.5882352941176471,1.0,0.0,1.0,0.0,0.0,0.0,1.0,0.0,0.0,1.0,0.0,1.0,0.0,0.0,0.0,0.0,0.0,0.0,1.0,0.0,0.0
Travel_Frequently,Sales,Other,1,Sales Executive,Single,0,1,1.7665078284547309,2.0238095238095233,2.781362007168459,1.9642857142857142,3.75,0.0,5.0,0.4285714285714284,3.333333333333333,1.25,5.0,0.941784433663784,1.670347319815298,1.6666666666666667,4.642857142857142,5.0,0.0,0.0,0.0,1.625,1.6666666666666667,5.0,1.375,2.5,2.0,2.058823529411765,1.0,0.0,0.0,1.0,0.0,0.0,0.0,1.0,0.0,1.0,0.0,0.0,0.0,0.0,0.0,0.0,1.0,0.0,0.0,1.0,1.0
Non-Travel,Research & Development,Medical,1,Laboratory Technician,Divorced,0,0,2.6480599046970728,1.4285714285714284,0.025089605734766984,1.4285714285714286,2.5,0.0,3.333333333333333,2.5714285714285716,3.333333333333333,1.25,0.0,0.5439253322083948,1.7904035334270227,0.5555555555555556,0.0,0.0,3.333333333333333,0.0,3.3333333333333335,1.5,3.3333333333333335,3.333333333333333,1.5,2.5,2.0,2.9411764705882355,0.0,0.0,1.0,0.0,0.0,0.0,1.0,0.0,0.0,1.0,0.0,1.0,0.0,0.0,0.0,0.0,0.0,0.0,0.0,0.0,0.0
Travel_Rarely,Research & Development,Other,1,Laboratory Technician,Single,0,0,2.5085091899251193,1.3095238095238093,2.272401433691756,1.4285714285714286,5.0,0.0,1.6666666666666667,0.0,1.6666666666666667,0.0,5.0,0.7841172748365324,1.109616542862879,0.0,2.1428571428571423,0.0,3.333333333333333,0.0,0.0,0.5,1.6666666666666667,3.333333333333333,0.375,0.5555555555555556,0.6666666666666666,0.5882352941176471,0.0,1.0,1.0,0.0,0.0,0.0,0.0,1.0,0.0,1.0,0.0,1.0,0.0,0.0,0.0,0.0,0.0,0.0,0.0,1.0,0.0
Travel_Rarely,Research & Development,Medical,0,Research Scientist,Single,0,0,0.6194690265486725,1.0714285714285712,3.4050179211469533,1.25,2.5,0.0,3.333333333333333,2.642857142857143,3.333333333333333,0.0,5.0,0.6422695633832525,0.8146958442079903,0.5555555555555556,0.0,0.0,3.333333333333333,0.0,0.0,0.75,4.166666666666667,1.6666666666666667,0.75,0.5555555555555556,0.3333333333333333,1.1764705882352942,0.0,1.0,1.0,0.0,0.0,0.0,1.0,0.0,0.0,0.0,0.0,0.0,0.0,0.0,0.0,1.0,0.0,0.0,0.0,1.0,0.0
Non-Travel,Research & Development,Medical,1,Laboratory Technician,Single,0,0,3.3832539142273657,3.0952380952380953,0.9928315412186379,4.107142857142857,2.5,0.0,0.0,1.3571428571428572,0.0,0.0,3.333333333333333,0.7116114743724953,0.002007628990162602,1.1111111111111112,1.0714285714285712,0.0,3.333333333333333,0.0,0.0,1.125,4.166666666666667,3.333333333333333,0.625,0.5555555555555556,0.3333333333333333,1.1764705882352942,0.0,0.0,1.0,0.0,0.0,0.0,1.0,0.0,0.0,1.0,0.0,1.0,0.0,0.0,0.0,0.0,0.0,0.0,0.0,1.0,0.0
Travel_Rarely,Research & Development,Medical,0,Research Scientist,Single,0,0,0.37440435670524164,1.0714285714285712,2.8315412186379927,1.4285714285714286,2.5,0.0,5.0,4.928571428571429,3.333333333333333,0.0,1.6666666666666667,0.334844969415735,1.944790202770528,0.5555555555555556,1.7857142857142856,0.0,5.0,0.0,0.0,0.875,1.6666666666666667,1.6666666666666667,0.875,1.9444444444444446,0.0,0.8823529411764706,0.0,1.0,1.0,0.0,0.0,0.0,1.0,0.0,0.0,0.0,0.0,0.0,0.0,0.0,0.0,1.0,0.0,0.0,0.0,1.0,0.0
Travel_Rarely,Research & Development,Medical,1,Laboratory Technician,Married,0,0,0.14295439074200136,2.0238095238095233,2.5268817204301075,2.678571428571429,2.5,0.0,0.0,3.857142857142857,5.0,0.0,1.6666666666666667,0.37360261548196577,2.8879743023489257,0.0,0.7142857142857144,0.0,3.333333333333333,0.0,1.6666666666666667,0.75,4.166666666666667,3.333333333333333,0.625,1.1111111111111112,0.0,0.8823529411764706,0.0,1.0,1.0,0.0,0.0,0.0,1.0,0.0,0.0,1.0,0.0,1.0,0.0,0.0,0.0,0.0,0.0,0.0,1.0,0.0,0.0
Non-Travel,Sales,Life Sciences,1,Sales Executive,Single,0,0,3.7508509189925117,3.3333333333333335,2.6702508960573477,4.464285714285714,1.25,0.0,1.6666666666666667,4.857142857142858,1.6666666666666667,1.25,1.6666666666666667,1.8408563594178442,4.632001606103192,4.444444444444445,1.4285714285714288,0.0,3.333333333333333,0.0,0.0,0.75,2.5,3.333333333333333,0.25,0.5555555555555556,0.6666666666666666,0.5882352941176471,0.0,0.0,0.0,1.0,1.0,0.0,0.0,0.0,0.0,1.0,0.0,0.0,0.0,0.0,0.0,0.0,1.0,0.0,0.0,1.0,0.0
Travel_Rarely,Research & Development,Life Sciences,1,Laboratory Technician,Single,0,0,0.6943498978897209,4.166666666666666,0.8673835125448028,0.8928571428571428,2.5,0.0,5.0,3.9999999999999996,3.333333333333333,1.25,5.0,0.37993039443155446,1.7717325838185103,1.1111111111111112,2.1428571428571423,0.0,5.0,0.0,0.0,2.375,3.3333333333333335,3.333333333333333,0.25,0.5555555555555556,0.6666666666666666,0.5882352941176471,0.0,1.0,1.0,0.0,1.0,0.0,0.0,0.0,0.0,1.0,0.0,1.0,0.0,0.0,0.0,0.0,0.0,0.0,0.0,1.0,0.0
Travel_Rarely,Research & Development,Medical,1,Research Director,Divorced,0,0,3.893805309734513,4.404761904761905,3.698924731182796,0.0,3.75,0.0,1.6666666666666667,3.642857142857143,5.0,3.75,5.0,3.6181712718835684,2.071873117847822,1.1111111111111112,0.7142857142857144,0.0,5.0,0.0,3.3333333333333335,3.875,3.3333333333333335,5.0,0.875,1.9444444444444446,0.0,0.0,0.0,1.0,1.0,0.0,0.0,0.0,1.0,0.0,0.0,1.0,0.0,0.0,0.0,0.0,1.0,0.0,0.0,0.0,0.0,0.0,0.0
Travel_Frequently,Research & Development,Life Sciences,1,Manufacturing Director,Divorced,0,0,0.17699115044247787,1.9047619047619047,1.1541218637992832,1.6071428571428572,3.75,0.0,3.333333333333333,0.8571428571428572,5.0,1.25,5.0,0.9794874499050832,2.9925717727363983,0.5555555555555556,0.7142857142857144,0.0,0.0,0.0,1.6666666666666667,1.125,2.5,3.333333333333333,1.125,1.9444444444444446,2.333333333333333,0.5882352941176471,1.0,0.0,1.0,0.0,1.0,0.0,0.0,0.0,0.0,1.0,0.0,0.0,0.0,1.0,0.0,0.0,0.0,0.0,0.0,0.0,0.0
Travel_Rarely,Sales,Life Sciences,1,Sales Executive,Married,0,0,1.8550034036759697,1.1904761904761902,2.2652329749103943,4.464285714285714,2.5,0.0,3.333333333333333,1.2857142857142856,1.6666666666666667,1.25,0.0,0.9794874499050832,4.444489058422003,0.5555555555555556,0.0,0.0,3.333333333333333,0.0,1.6666666666666667,0.625,0.0,3.333333333333333,0.625,0.8333333333333334,0.0,1.1764705882352942,0.0,1.0,0.0,1.0,1.0,0.0,0.0,0.0,0.0,1.0,0.0,0.0,0.0,0.0,0.0,0.0,1.0,0.0,1.0,0.0,0.0
Travel_Rarely,Sales,Medical,0,Sales Representative,Married,0,0,3.240299523485364,1.1904761904761902,3.827956989247312,0.3571428571428571,2.5,0.0,1.6666666666666667,3.4285714285714284,3.333333333333333,0.0,1.6666666666666667,0.4869753216620965,0.3208191126279864,0.5555555555555556,2.8571428571428568,0.0,5.0,0.0,1.6666666666666667,0.125,2.5,3.333333333333333,0.125,0.0,0.0,0.0,0.0,1.0,0.0,1.0,0.0,0.0,1.0,0.0,0.0,0.0,0.0,0.0,0.0,0.0,0.0,0.0,0.0,1.0,1.0,0.0,0.0
Travel_Rarely,Research & Development,Technical Degree,1,Laboratory Technician,Married,0,1,3.3934649421375083,0.833333333333333,3.9964157706093193,0.5357142857142857,0.0,0.0,5.0,0.1428571428571428,3.333333333333333,0.0,5.0,0.7071292976165364,0.5041156394298334,0.5555555555555556,1.4285714285714288,0.0,1.6666666666666667,0.0,1.6666666666666667,0.875,2.5,5.0,0.875,1.9444444444444446,1.6666666666666665,1.7647058823529411,0.0,1.0,1.0,0.0,0.0,0.0,0.0,0.0,1.0,1.0,0.0,1.0,0.0,0.0,0.0,0.0,0.0,0.0,1.0,0.0,1.0
Travel_Rarely,Research & Development,Life Sciences,1,Research Scientist,Married,0,0,2.7876106194690267,3.214285714285714,0.31541218637992835,1.6071428571428572,1.25,0.0,0.0,2.785714285714285,3.333333333333333,0.0,5.0,0.4337165155030584,1.5179682794619556,1.6666666666666667,3.571428571428571,5.0,5.0,0.0,3.3333333333333335,1.0,2.5,1.6666666666666667,0.25,0.5555555555555556,0.0,0.5882352941176471,0.0,1.0,1.0,0.0,1.0,0.0,0.0,0.0,0.0,1.0,0.0,0.0,0.0,0.0,0.0,1.0,0.0,0.0,1.0,0.0,0.0
Travel_Rarely,Research & Development,Medical,0,Healthcare Representative,Married,0,0,2.4642614023144995,4.761904761904761,0.1541218637992831,3.9285714285714293,3.75,0.0,5.0,4.571428571428571,3.333333333333333,2.5,5.0,2.4528053153343174,0.2752459345512949,0.5555555555555556,0.35714285714285676,0.0,5.0,0.0,1.6666666666666667,5.0,2.5,1.6666666666666667,5.0,2.7777777777777777,5.0,1.7647058823529411,0.0,1.0,1.0,0.0,0.0,0.0,1.0,0.0,0.0,0.0,0.0,0.0,0.0,0.0,0.0,0.0,0.0,0.0,1.0,0.0,0.0
Travel_Frequently,Sales,Life Sciences,1,Sales Executive,Single,0,0,0.6228727025187202,1.3095238095238093,1.2114695340501793,0.17857142857142858,1.25,0.0,1.6666666666666667,1.0,3.333333333333333,1.25,5.0,0.9346656823454966,3.6470588235294112,0.5555555555555556,2.5,0.0,0.0,0.0,0.0,1.25,2.5,1.6666666666666667,1.25,1.9444444444444446,0.0,2.6470588235294117,1.0,0.0,0.0,1.0,1.0,0.0,0.0,0.0,0.0,1.0,0.0,0.0,0.0,0.0,0.0,0.0,1.0,0.0,0.0,1.0,0.0
Travel_Rarely,Research & Development,Life Sciences,1,Research Scientist,Married,0,0,0.46630360789652825,1.0714285714285712,0.3405017921146953,0.8928571428571428,2.5,0.0,5.0,1.7857142857142856,1.6666666666666667,0.0,3.333333333333333,0.40339590803627917,1.175667536639229,0.5555555555555556,0.7142857142857144,0.0,3.333333333333333,0.0,1.6666666666666667,0.5,0.0,3.333333333333333,0.5,0.5555555555555556,0.6666666666666666,0.5882352941176471,0.0,1.0,1.0,0.0,1.0,0.0,0.0,0.0,0.0,1.0,0.0,0.0,0.0,0.0,0.0,1.0,0.0,0.0,1.0,0.0,0.0
Travel_Rarely,Human Resources,Technical Degree,1,Human Resources,Single,0,0,3.1688223281143633,0.11904761904761907,1.3799283154121864,0.17857142857142858,1.25,0.0,0.0,1.5714285714285712,1.6666666666666667,0.0,5.0,0.4099873444421008,3.2810680586227665,0.5555555555555556,0.35714285714285676,0.0,3.333333333333333,0.0,0.0,0.125,2.5,5.0,0.125,0.0,0.0,0.0,0.0,1.0,0.0,0.0,0.0,0.0,0.0,0.0,1.0,1.0,1.0,0.0,0.0,0.0,0.0,0.0,0.0,0.0,0.0,1.0,0.0
Travel_Rarely,Research & Development,Other,0,Research Scientist,Single,0,0,0.2722940776038121,0.3571428571428572,4.741935483870968,3.035714285714286,0.0,0.0,5.0,2.4999999999999996,3.333333333333333,0.0,5.0,0.44399915629614,1.36036940373419,0.5555555555555556,2.8571428571428568,0.0,0.0,0.0,0.0,0.125,2.5,1.6666666666666667,0.125,0.0,0.0,0.0,0.0,1.0,1.0,0.0,0.0,0.0,0.0,1.0,0.0,0.0,0.0,0.0,0.0,0.0,0.0,1.0,0.0,0.0,0.0,1.0,0.0
Non-Travel,Research & Development,Life Sciences,0,Laboratory Technician,Single,0,1,4.04356705241661,2.4999999999999996,1.7491039426523298,0.17857142857142858,2.5,0.0,0.0,1.714285714285714,1.6666666666666667,0.0,0.0,0.6952647120860578,3.0289098574583417,1.1111111111111112,4.2857142857142865,5.0,1.6666666666666667,0.0,0.0,1.375,1.6666666666666667,5.0,0.125,0.0,0.0,0.0,0.0,0.0,1.0,0.0,1.0,0.0,0.0,0.0,0.0,0.0,0.0,1.0,0.0,0.0,0.0,0.0,0.0,0.0,0.0,1.0,1.0
Travel_Rarely,Research & Development,Life Sciences,1,Laboratory Technician,Divorced,0,0,0.3573859768550034,2.142857142857143,2.913978494623656,0.8928571428571428,3.75,0.0,3.333333333333333,2.142857142857143,0.0,0.0,3.333333333333333,0.4566547141953174,0.957839791206585,0.5555555555555556,1.0714285714285712,0.0,3.333333333333333,0.0,1.6666666666666667,0.875,3.3333333333333335,3.333333333333333,0.875,1.9444444444444446,0.3333333333333333,2.058823529411765,0.0,1.0,1.0,0.0,1.0,0.0,0.0,0.0,0.0,1.0,0.0,1.0,0.0,0.0,0.0,0.0,0.0,0.0,0.0,0.0,0.0
Travel_Rarely,Research & Development,Life Sciences,1,Laboratory Technician,Divorced,0,0,1.8413886997957791,2.7380952380952377,1.5913978494623657,1.4285714285714286,3.75,0.0,3.333333333333333,4.571428571428571,3.333333333333333,0.0,0.0,0.3374815439780637,3.6992571772736396,0.5555555555555556,3.2142857142857144,5.0,1.6666666666666667,0.0,3.3333333333333335,0.625,1.6666666666666667,3.333333333333333,0.625,0.8333333333333334,0.0,1.1764705882352942,0.0,1.0,1.0,0.0,1.0,0.0,0.0,0.0,0.0,1.0,0.0,1.0,0.0,0.0,0.0,0.0,0.0,0.0,0.0,0.0,0.0
Travel_Frequently,Research & Development,Life Sciences,0,Laboratory Technician,Single,0,0,2.42001361470388,2.380952380952381,1.967741935483871,5.0,5.0,0.0,5.0,1.4285714285714284,3.333333333333333,1.25,5.0,0.3683294663573085,0.6749648664926722,0.5555555555555556,0.0,0.0,5.0,0.0,0.0,1.25,1.6666666666666667,3.333333333333333,1.25,0.8333333333333334,3.0,2.6470588235294117,1.0,0.0,1.0,0.0,1.0,0.0,0.0,0.0,0.0,0.0,0.0,1.0,0.0,0.0,0.0,0.0,0.0,0.0,0.0,1.0,0.0
Travel_Rarely,Research & Development,Life Sciences,1,Laboratory Technician,Married,0,1,1.6337644656228725,1.4285714285714284,2.6810035842293907,0.0,0.0,0.0,5.0,1.7857142857142856,1.6666666666666667,1.25,5.0,1.0854777473106938,2.791407347922104,0.5555555555555556,0.35714285714285676,0.0,3.333333333333333,0.0,3.3333333333333335,1.25,0.8333333333333334,1.6666666666666667,1.25,2.2222222222222223,1.0,0.0,0.0,1.0,1.0,0.0,1.0,0.0,0.0,0.0,0.0,1.0,0.0,1.0,0.0,0.0,0.0,0.0,0.0,0.0,1.0,0.0,1.0
Travel_Rarely,Sales,Medical,0,Sales Executive,Single,0,0,0.5616065350578625,1.9047619047619047,1.4444444444444444,2.5000000000000004,1.25,0.0,3.333333333333333,2.5714285714285716,3.333333333333333,1.25,0.0,1.3488715460873233,4.308171049989962,0.5555555555555556,0.35714285714285676,0.0,5.0,0.0,0.0,1.25,5.0,5.0,1.25,2.2222222222222223,3.0,1.7647058823529411,0.0,1.0,0.0,1.0,0.0,0.0,1.0,0.0,0.0,0.0,0.0,0.0,0.0,0.0,0.0,0.0,1.0,0.0,0.0,1.0,0.0
Travel_Rarely,Research & Development,Medical,1,Research Scientist,Single,0,0,0.8441116405718175,1.9047619047619047,2.132616487455197,0.8928571428571428,0.0,0.0,1.6666666666666667,3.785714285714285,3.333333333333333,0.0,0.0,0.5143956971103143,3.013049588436057,1.1111111111111112,0.0,0.0,3.333333333333333,0.0,0.0,1.0,1.6666666666666667,3.333333333333333,0.5,0.5555555555555556,0.3333333333333333,0.8823529411764706,0.0,1.0,1.0,0.0,0.0,0.0,1.0,0.0,0.0,1.0,0.0,0.0,0.0,0.0,0.0,1.0,0.0,0.0,0.0,1.0,0.0
Non-Travel,Research & Development,Life Sciences,1,Manager,Married,0,1,1.0449285228046288,3.452380952380952,2.014336917562724,5.0,3.75,0.0,0.0,4.142857142857142,3.333333333333333,2.5,1.6666666666666667,2.8580468255642266,1.641035936558924,0.5555555555555556,0.35714285714285676,0.0,5.0,0.0,1.6666666666666667,1.25,1.6666666666666667,1.6666666666666667,1.25,1.9444444444444446,3.0,2.6470588235294117,0.0,0.0,1.0,0.0,1.0,0.0,0.0,0.0,0.0,1.0,0.0,0.0,1.0,0.0,0.0,0.0,0.0,0.0,1.0,0.0,1.0
Travel_Rarely,Sales,Life Sciences,1,Sales Executive,Married,0,1,1.5180394826412524,2.142857142857143,2.953405017921147,0.0,1.25,0.0,1.6666666666666667,1.8571428571428572,3.333333333333333,1.25,5.0,1.3689095127610207,0.14635615338285485,0.5555555555555556,1.0714285714285712,0.0,5.0,0.0,1.6666666666666667,2.25,0.8333333333333334,1.6666666666666667,2.25,3.8888888888888893,1.3333333333333333,3.235294117647059,0.0,1.0,0.0,1.0,1.0,0.0,0.0,0.0,0.0,1.0,0.0,0.0,0.0,0.0,0.0,0.0,1.0,0.0,1.0,0.0,1.0
Travel_Rarely,Research & Development,Life Sciences,1,Research Scientist,Single,0,0,4.281824370319946,2.619047619047619,1.5017921146953406,0.17857142857142858,2.5,0.0,3.333333333333333,4.857142857142858,3.333333333333333,1.25,5.0,0.962877030162413,4.087733386870107,0.5555555555555556,0.7142857142857144,0.0,3.333333333333333,0.0,0.0,1.125,3.3333333333333335,3.333333333333333,1.125,2.2222222222222223,2.6666666666666665,2.3529411764705883,0.0,1.0,1.0,0.0,1.0,0.0,0.0,0.0,0.0,1.0,0.0,0.0,0.0,0.0,0.0,1.0,0.0,0.0,0.0,1.0,0.0
Travel_Rarely,Sales,Life Sciences,1,Sales Executive,Married,0,0,1.1368277739959154,0.833333333333333,4.544802867383512,3.035714285714286,0.0,0.0,0.0,4.5,5.0,1.25,3.333333333333333,1.3770828939042394,2.084521180485846,1.1111111111111112,0.0,0.0,1.6666666666666667,0.0,0.0,0.75,2.5,1.6666666666666667,0.375,0.5555555555555556,0.3333333333333333,0.5882352941176471,0.0,1.0,0.0,1.0,1.0,0.0,0.0,0.0,0.0,1.0,0.0,0.0,0.0,0.0,0.0,0.0,1.0,0.0,1.0,0.0,0.0
Travel_Rarely,Sales,Life Sciences,1,Sales Executive,Single,0,1,0.33015656909462215,4.166666666666666,3.8136200716845883,4.107142857142857,3.75,0.0,0.0,2.5714285714285716,3.333333333333333,2.5,0.0,2.4886627293819865,0.7526601084119655,3.3333333333333335,0.7142857142857144,0.0,1.6666666666666667,0.0,0.0,1.875,1.6666666666666667,1.6666666666666667,0.25,0.5555555555555556,0.6666666666666666,0.5882352941176471,0.0,1.0,0.0,1.0,1.0,0.0,0.0,0.0,0.0,1.0,0.0,0.0,0.0,0.0,0.0,0.0,1.0,0.0,0.0,1.0,1.0
Non-Travel,Sales,Marketing,0,Sales Executive,Single,0,0,4.720898570456092,1.7857142857142856,4.225806451612903,0.17857142857142858,2.5,0.0,5.0,2.285714285714285,3.333333333333333,1.25,1.6666666666666667,1.091014553891584,1.7271632202369005,4.444444444444445,1.4285714285714288,0.0,5.0,0.0,0.0,1.625,1.6666666666666667,1.6666666666666667,1.375,1.9444444444444446,0.3333333333333333,2.058823529411765,0.0,0.0,0.0,1.0,0.0,1.0,0.0,0.0,0.0,0.0,0.0,0.0,0.0,0.0,0.0,0.0,1.0,0.0,0.0,1.0,0.0
Travel_Rarely,Research & Development,Life Sciences,1,Laboratory Technician,Married,0,0,2.7195371000680733,2.0238095238095233,4.032258064516129,1.25,0.0,0.0,5.0,0.4285714285714284,5.0,0.0,5.0,0.3322083948534064,0.5617345914475005,0.5555555555555556,2.8571428571428568,0.0,5.0,0.0,0.0,0.125,1.6666666666666667,3.333333333333333,0.125,0.0,0.0,0.29411764705882354,0.0,1.0,1.0,0.0,1.0,0.0,0.0,0.0,0.0,1.0,0.0,1.0,0.0,0.0,0.0,0.0,0.0,0.0,1.0,0.0,0.0
Travel_Rarely,Sales,Other,1,Sales Executive,Married,0,1,3.0769230769230766,0.833333333333333,0.1326164874551971,0.3571428571428571,0.0,0.0,3.333333333333333,4.857142857142858,3.333333333333333,1.25,0.0,0.8397489981016664,2.463160008030516,0.5555555555555556,2.5,0.0,5.0,0.0,0.0,0.625,2.5,3.333333333333333,0.625,0.8333333333333334,0.0,0.8823529411764706,0.0,1.0,0.0,1.0,0.0,0.0,0.0,1.0,0.0,1.0,0.0,0.0,0.0,0.0,0.0,0.0,1.0,0.0,1.0,0.0,1.0
Travel_Rarely,Research & Development,Technical Degree,1,Research Scientist,Divorced,0,0,0.34717494894486045,4.404761904761905,4.792114695340501,3.7500000000000004,2.5,0.0,0.0,4.571428571428571,1.6666666666666667,0.0,1.6666666666666667,0.6665260493566758,4.345111423408954,2.7777777777777777,0.35714285714285676,0.0,5.0,0.0,1.6666666666666667,1.0,0.8333333333333334,3.333333333333333,0.5,0.5555555555555556,0.3333333333333333,0.5882352941176471,0.0,1.0,1.0,0.0,0.0,0.0,0.0,0.0,1.0,1.0,0.0,0.0,0.0,0.0,0.0,1.0,0.0,0.0,0.0,0.0,0.0
Travel_Frequently,Sales,Life Sciences,0,Sales Executive,Married,0,0,1.4771953710006804,1.7857142857142856,3.7168458781362004,0.0,2.5,0.0,3.333333333333333,0.8571428571428572,5.0,1.25,0.0,1.1513921113689094,0.22063842601887168,1.1111111111111112,2.8571428571428568,0.0,0.0,0.0,3.3333333333333335,1.25,2.5,3.333333333333333,0.625,0.8333333333333334,0.3333333333333333,0.8823529411764706,1.0,0.0,0.0,1.0,1.0,0.0,0.0,0.0,0.0,0.0,0.0,0.0,0.0,0.0,0.0,0.0,1.0,0.0,1.0,0.0,0.0
Travel_Frequently,Research & Development,Life Sciences,0,Laboratory Technician,Single,0,1,4.179714091218516,1.0714285714285712,4.275985663082437,0.7142857142857143,1.25,0.0,5.0,1.6428571428571428,3.333333333333333,0.0,5.0,0.3612107150390213,3.559927725356354,0.0,1.0714285714285712,0.0,3.333333333333333,0.0,0.0,0.75,2.5,1.6666666666666667,0.625,1.1111111111111112,0.0,0.5882352941176471,1.0,0.0,1.0,0.0,1.0,0.0,0.0,0.0,0.0,0.0,0.0,1.0,0.0,0.0,0.0,0.0,0.0,0.0,0.0,1.0,1.0
Travel_Rarely,Research & Development,Other,1,Laboratory Technician,Divorced,0,1,4.469026548672566,2.0238095238095233,1.8566308243727598,2.3214285714285716,3.75,0.0,3.333333333333333,0.6428571428571428,1.6666666666666667,0.0,1.6666666666666667,0.7208394853406455,1.6020879341497694,0.5555555555555556,4.642857142857142,5.0,5.0,0.0,1.6666666666666667,0.625,1.6666666666666667,0.0,0.5,0.5555555555555556,0.0,0.5882352941176471,0.0,1.0,1.0,0.0,0.0,0.0,0.0,1.0,0.0,1.0,0.0,1.0,0.0,0.0,0.0,0.0,0.0,0.0,0.0,0.0,1.0
Travel_Frequently,Research & Development,Life Sciences,1,Laboratory Technician,Divorced,0,0,2.8556841388699796,3.214285714285714,4.103942652329749,1.0714285714285714,2.5,0.0,0.0,4.785714285714285,3.333333333333333,2.5,0.0,1.1076249736342543,3.6566954426821923,0.5555555555555556,2.5,0.0,0.0,0.0,1.6666666666666667,3.0,1.6666666666666667,3.333333333333333,3.0,2.5,3.0,3.235294117647059,1.0,0.0,1.0,0.0,1.0,0.0,0.0,0.0,0.0,1.0,0.0,1.0,0.0,0.0,0.0,0.0,0.0,0.0,0.0,0.0,0.0
Travel_Frequently,Research & Development,Life Sciences,0,Research Scientist,Divorced,0,0,4.945541184479238,2.857142857142857,1.5340501792114696,5.0,1.25,0.0,0.0,4.428571428571429,3.333333333333333,1.25,3.333333333333333,0.9351929972579625,2.1758682995382452,1.1111111111111112,0.0,0.0,1.6666666666666667,0.0,1.6666666666666667,2.375,2.5,3.333333333333333,0.625,1.1111111111111112,0.0,0.5882352941176471,1.0,0.0,1.0,0.0,1.0,0.0,0.0,0.0,0.0,0.0,0.0,0.0,0.0,0.0,0.0,1.0,0.0,0.0,0.0,0.0,0.0
Travel_Rarely,Sales,Other,0,Sales Executive,Divorced,0,1,1.0279101429543906,0.833333333333333,4.580645161290323,1.25,1.25,0.0,0.0,3.9285714285714284,3.333333333333333,1.25,3.333333333333333,1.027736764395697,2.326841999598474,0.0,3.928571428571429,5.0,1.6666666666666667,0.0,1.6666666666666667,0.75,2.5,1.6666666666666667,0.625,0.8333333333333334,0.0,1.1764705882352942,0.0,1.0,0.0,1.0,0.0,0.0,0.0,1.0,0.0,0.0,0.0,0.0,0.0,0.0,0.0,0.0,1.0,0.0,0.0,0.0,1.0
Travel_Rarely,Sales,Life Sciences,0,Sales Executive,Married,0,0,4.210347174948945,4.285714285714285,3.5053763440860215,0.17857142857142858,3.75,0.0,3.333333333333333,0.7857142857142856,1.6666666666666667,2.5,3.333333333333333,2.551413203965408,1.2644047380044168,3.3333333333333335,0.0,0.0,1.6666666666666667,0.0,1.6666666666666667,1.625,3.3333333333333335,3.333333333333333,1.125,1.1111111111111112,2.333333333333333,0.0,0.0,1.0,0.0,1.0,1.0,0.0,0.0,0.0,0.0,0.0,0.0,0.0,0.0,0.0,0.0,0.0,1.0,0.0,1.0,0.0,0.0
Travel_Rarely,Sales,Marketing,1,Sales Executive,Single,0,1,4.081007488087134,4.404761904761905,0.5842293906810037,2.1428571428571432,3.75,0.0,0.0,3.9285714285714284,5.0,3.75,3.333333333333333,3.3447584897700904,1.4420799036338086,3.3333333333333335,2.1428571428571423,0.0,3.333333333333333,0.0,0.0,3.0,1.6666666666666667,1.6666666666666667,2.375,1.9444444444444446,1.0,2.3529411764705883,0.0,1.0,0.0,1.0,0.0,1.0,0.0,0.0,0.0,1.0,0.0,0.0,0.0,0.0,0.0,0.0,1.0,0.0,0.0,1.0,1.0
Travel_Rarely,Research & Development,Life Sciences,0,Laboratory Technician,Married,0,1,1.3206262763784886,0.9523809523809521,3.1792114695340503,0.8928571428571428,2.5,0.0,3.333333333333333,2.9285714285714284,3.333333333333333,0.0,5.0,0.43503480278422263,3.144950813089741,0.5555555555555556,0.7142857142857144,0.0,3.333333333333333,0.0,1.6666666666666667,0.375,1.6666666666666667,3.333333333333333,0.375,0.5555555555555556,0.0,0.5882352941176471,0.0,1.0,1.0,0.0,1.0,0.0,0.0,0.0,0.0,0.0,0.0,1.0,0.0,0.0,0.0,0.0,0.0,0.0,1.0,0.0,1.0
Travel_Rarely,Human Resources,Medical,1,Human Resources,Divorced,0,0,0.799863852961198,1.1904761904761902,3.817204301075269,1.25,1.25,0.0,1.6666666666666667,2.357142857142857,1.6666666666666667,0.0,5.0,1.03538283062645,4.390885364384662,0.5555555555555556,0.7142857142857144,0.0,5.0,0.0,1.6666666666666667,0.75,5.0,3.333333333333333,0.625,0.2777777777777778,0.0,1.1764705882352942,0.0,1.0,0.0,0.0,0.0,0.0,1.0,0.0,0.0,1.0,1.0,0.0,0.0,0.0,0.0,0.0,0.0,0.0,0.0,0.0,0.0
Travel_Rarely,Research & Development,Life Sciences,0,Laboratory Technician,Married,0,1,4.152484683458135,1.3095238095238093,2.5125448028673834,0.0,1.25,0.0,1.6666666666666667,0.4285714285714284,1.6666666666666667,0.0,0.0,0.3453912676650495,0.922505520979723,0.5555555555555556,0.0,0.0,5.0,0.0,1.6666666666666667,0.125,0.8333333333333334,3.333333333333333,0.125,0.0,0.0,0.0,0.0,1.0,1.0,0.0,1.0,0.0,0.0,0.0,0.0,0.0,0.0,1.0,0.0,0.0,0.0,0.0,0.0,0.0,1.0,0.0,1.0
Travel_Rarely,Sales,Life Sciences,0,Sales Executive,Married,0,1,0.9087814840027229,1.5476190476190474,1.5698924731182795,3.3928571428571432,2.5,0.0,1.6666666666666667,2.9285714285714284,0.0,1.25,3.333333333333333,0.935983969626661,4.556113230275045,1.6666666666666667,0.0,0.0,3.333333333333333,0.0,1.6666666666666667,0.5,1.6666666666666667,3.333333333333333,0.25,0.5555555555555556,0.6666666666666666,0.5882352941176471,0.0,1.0,0.0,1.0,1.0,0.0,0.0,0.0,0.0,0.0,0.0,0.0,0.0,0.0,0.0,0.0,1.0,0.0,1.0,0.0,1.0
Non-Travel,Research & Development,Medical,1,Research Scientist,Divorced,0,0,1.0381211708645335,1.0714285714285712,2.1039426523297493,1.4285714285714286,2.5,0.0,5.0,1.9285714285714284,3.333333333333333,0.0,1.6666666666666667,0.26761231807635516,0.7781569965870307,3.3333333333333335,2.5,0.0,5.0,0.0,1.6666666666666667,0.75,0.8333333333333334,0.0,0.25,0.5555555555555556,0.6666666666666666,0.5882352941176471,0.0,0.0,1.0,0.0,0.0,0.0,1.0,0.0,0.0,1.0,0.0,0.0,0.0,0.0,0.0,1.0,0.0,0.0,0.0,0.0,0.0
Travel_Rarely,Research & Development,Life Sciences,1,Healthcare Representative,Married,0,0,0.3982300884955752,1.4285714285714284,0.7204301075268817,2.678571428571429,2.5,0.0,3.333333333333333,1.9999999999999996,5.0,1.25,3.333333333333333,1.1297721999578147,1.4121662316803856,1.6666666666666667,1.7857142857142856,0.0,3.333333333333333,0.0,1.6666666666666667,1.25,2.5,3.333333333333333,0.875,0.0,0.3333333333333333,2.058823529411765,0.0,1.0,1.0,0.0,1.0,0.0,0.0,0.0,0.0,1.0,0.0,0.0,0.0,0.0,0.0,0.0,0.0,0.0,1.0,0.0,0.0
Non-Travel,Research & Development,Medical,0,Research Director,Married,0,0,4.0401633764465625,1.5476190476190474,2.1254480286738353,1.6071428571428572,2.5,0.0,3.333333333333333,0.714285714285714,3.333333333333333,2.5,3.333333333333333,2.642375026365745,4.9724954828347725,2.2222222222222223,3.2142857142857144,5.0,3.333333333333333,0.0,1.6666666666666667,1.625,1.6666666666666667,5.0,1.375,1.9444444444444446,1.3333333333333333,2.3529411764705883,0.0,0.0,1.0,0.0,0.0,0.0,1.0,0.0,0.0,0.0,0.0,0.0,0.0,0.0,1.0,0.0,0.0,0.0,1.0,0.0,0.0
Travel_Rarely,Research & Development,Medical,1,Manufacturing Director,Divorced,0,1,2.2906739278420694,2.142857142857143,2.899641577060932,1.4285714285714286,1.25,0.0,1.6666666666666667,1.2857142857142856,1.6666666666666667,1.25,1.6666666666666667,2.066547141953174,2.3770327243525395,1.1111111111111112,0.0,0.0,3.333333333333333,0.0,1.6666666666666667,1.625,1.6666666666666667,3.333333333333333,0.375,0.5555555555555556,0.0,0.5882352941176471,0.0,1.0,1.0,0.0,0.0,0.0,1.0,0.0,0.0,1.0,0.0,0.0,0.0,1.0,0.0,0.0,0.0,0.0,0.0,0.0,1.0
Travel_Rarely,Research & Development,Life Sciences,0,Manager,Married,0,0,0.8475153165418652,5.0,1.1397849462365592,1.0714285714285714,2.5,0.0,0.0,0.7857142857142856,3.333333333333333,5.0,0.0,4.892691415313225,0.3533427022686208,2.7777777777777777,0.0,0.0,5.0,0.0,0.0,4.125,4.166666666666667,0.0,3.625,2.2222222222222223,3.6666666666666665,2.9411764705882355,0.0,1.0,1.0,0.0,1.0,0.0,0.0,0.0,0.0,0.0,0.0,0.0,1.0,0.0,0.0,0.0,0.0,0.0,1.0,0.0,0.0
Travel_Frequently,Research & Development,Life Sciences,0,Research Scientist,Single,0,1,4.594962559564329,1.6666666666666665,4.344086021505376,0.17857142857142858,1.25,0.0,5.0,0.5714285714285712,3.333333333333333,1.25,3.333333333333333,1.0517295929128876,0.04898614735996787,2.2222222222222223,1.0714285714285712,0.0,5.0,0.0,0.0,1.25,1.6666666666666667,3.333333333333333,1.0,1.9444444444444446,0.0,2.058823529411765,1.0,0.0,1.0,0.0,1.0,0.0,0.0,0.0,0.0,0.0,0.0,0.0,0.0,0.0,0.0,1.0,0.0,0.0,0.0,1.0,1.0
Travel_Rarely,Research & Development,Other,1,Research Scientist,Single,0,0,3.601089176310415,3.0952380952380953,0.3440860215053763,5.0,3.75,0.0,5.0,0.1428571428571428,3.333333333333333,1.25,5.0,0.9312381354144694,1.1343103794418792,0.5555555555555556,5.0,5.0,1.6666666666666667,0.0,0.0,2.5,2.5,3.333333333333333,2.5,3.055555555555556,4.333333333333333,5.0,0.0,1.0,1.0,0.0,0.0,0.0,0.0,1.0,0.0,1.0,0.0,0.0,0.0,0.0,0.0,1.0,0.0,0.0,0.0,1.0,0.0
Travel_Rarely,Research & Development,Medical,0,Laboratory Technician,Married,0,0,0.24166099387338325,3.6904761904761902,0.5985663082437276,0.3571428571428571,1.25,0.0,3.333333333333333,0.9285714285714284,1.6666666666666667,1.25,0.0,0.9966251845602192,4.211202569765107,2.2222222222222223,5.0,5.0,0.0,0.0,1.6666666666666667,1.25,2.5,3.333333333333333,0.375,0.5555555555555556,0.3333333333333333,0.5882352941176471,0.0,1.0,1.0,0.0,0.0,0.0,1.0,0.0,0.0,0.0,0.0,1.0,0.0,0.0,0.0,0.0,0.0,0.0,1.0,0.0,0.0
Travel_Frequently,Research & Development,Life Sciences,1,Manufacturing Director,Married,0,0,0.3199455411844792,1.9047619047619047,3.4587813620071683,0.17857142857142858,0.0,0.0,5.0,1.0714285714285712,1.6666666666666667,1.25,3.333333333333333,2.2511073613161776,2.405139530214816,0.5555555555555556,2.1428571428571423,0.0,3.333333333333333,0.0,0.0,1.25,1.6666666666666667,1.6666666666666667,1.25,2.5,0.3333333333333333,2.6470588235294117,1.0,0.0,1.0,0.0,1.0,0.0,0.0,0.0,0.0,1.0,0.0,0.0,0.0,1.0,0.0,0.0,0.0,0.0,1.0,0.0,0.0
Travel_Rarely,Research & Development,Other,0,Healthcare Representative,Divorced,0,1,2.7569775357385975,2.976190476190476,4.906810035842294,1.25,3.75,0.0,3.333333333333333,3.142857142857143,3.333333333333333,1.25,3.333333333333333,0.9262286437460452,0.026701465569162808,2.2222222222222223,1.0714285714285712,0.0,5.0,0.0,0.0,1.0,2.5,3.333333333333333,0.625,0.5555555555555556,0.0,0.5882352941176471,0.0,1.0,1.0,0.0,0.0,0.0,0.0,1.0,0.0,0.0,0.0,0.0,0.0,0.0,0.0,0.0,0.0,0.0,0.0,0.0,1.0
Travel_Frequently,Sales,Technical Degree,1,Sales Representative,Married,0,0,0.11232130701157249,1.1904761904761902,4.989247311827957,0.0,2.5,0.0,0.0,4.428571428571429,3.333333333333333,0.0,3.333333333333333,0.5009491668424382,2.741015860269022,1.6666666666666667,1.4285714285714288,0.0,5.0,0.0,1.6666666666666667,0.625,2.5,5.0,0.375,0.5555555555555556,0.3333333333333333,0.5882352941176471,1.0,0.0,0.0,1.0,0.0,0.0,0.0,0.0,1.0,1.0,0.0,0.0,0.0,0.0,0.0,0.0,0.0,1.0,1.0,0.0,0.0
Travel_Rarely,Sales,Medical,1,Sales Executive,Single,0,0,3.669162695711368,1.1904761904761902,2.5698924731182795,0.7142857142857143,3.75,0.0,0.0,4.857142857142858,3.333333333333333,1.25,5.0,1.0280004218519299,4.448504316402329,0.5555555555555556,1.0714285714285712,0.0,1.6666666666666667,0.0,0.0,0.5,2.5,3.333333333333333,0.5,0.5555555555555556,0.0,0.5882352941176471,0.0,1.0,0.0,1.0,0.0,0.0,1.0,0.0,0.0,1.0,0.0,0.0,0.0,0.0,0.0,0.0,1.0,0.0,0.0,1.0,0.0
Travel_Rarely,Sales,Marketing,1,Sales Executive,Married,0,0,1.5248468345813477,1.5476190476190474,3.4946236559139785,2.678571428571429,3.75,0.0,0.0,2.857142857142857,3.333333333333333,2.5,3.333333333333333,1.885678126977431,3.394499096566954,1.1111111111111112,0.7142857142857144,0.0,0.0,0.0,5.0,1.25,1.6666666666666667,3.333333333333333,0.125,0.0,0.0,0.0,0.0,1.0,0.0,1.0,0.0,1.0,0.0,0.0,0.0,1.0,0.0,0.0,0.0,0.0,0.0,0.0,1.0,0.0,1.0,0.0,0.0
Travel_Rarely,Sales,Life Sciences,0,Sales Executive,Single,0,0,1.5146358066712047,4.880952380952381,0.7956989247311828,0.3571428571428571,2.5,0.0,3.333333333333333,1.2857142857142856,1.6666666666666667,1.25,5.0,1.0973423328411727,2.8901826942381046,2.7777777777777777,2.1428571428571423,0.0,5.0,0.0,0.0,1.625,1.6666666666666667,3.333333333333333,0.75,0.2777777777777778,0.0,1.4705882352941178,0.0,1.0,0.0,1.0,1.0,0.0,0.0,0.0,0.0,0.0,0.0,0.0,0.0,0.0,0.0,0.0,1.0,0.0,0.0,1.0,0.0
Non-Travel,Sales,Life Sciences,0,Sales Executive,Married,0,0,2.4370319945541183,2.4999999999999996,4.111111111111111,3.5714285714285716,3.75,0.0,0.0,0.1428571428571428,0.0,1.25,3.333333333333333,1.2463087956127399,0.38004416783778355,3.3333333333333335,2.8571428571428568,0.0,3.333333333333333,0.0,1.6666666666666667,1.25,0.8333333333333334,3.333333333333333,0.375,0.5555555555555556,0.3333333333333333,0.5882352941176471,0.0,0.0,0.0,1.0,1.0,0.0,0.0,0.0,0.0,0.0,0.0,0.0,0.0,0.0,0.0,0.0,1.0,0.0,1.0,0.0,0.0
Travel_Rarely,Research & Development,Medical,1,Research Scientist,Married,0,1,2.889720898570456,2.380952380952381,0.5878136200716846,0.17857142857142858,5.0,0.0,5.0,4.428571428571429,3.333333333333333,0.0,3.333333333333333,0.5399704703649018,3.689419795221843,3.3333333333333335,0.7142857142857144,0.0,1.6666666666666667,0.0,1.6666666666666667,0.75,0.0,0.0,0.125,0.0,0.0,0.29411764705882354,0.0,1.0,1.0,0.0,0.0,0.0,1.0,0.0,0.0,1.0,0.0,0.0,0.0,0.0,0.0,1.0,0.0,0.0,1.0,0.0,1.0
Travel_Rarely,Sales,Marketing,1,Sales Executive,Divorced,0,0,3.8121170864533696,3.5714285714285707,4.003584229390681,1.0714285714285714,2.5,0.0,3.333333333333333,4.7142857142857135,3.333333333333333,1.25,0.0,1.1803944315545243,4.557518570568159,2.2222222222222223,0.0,0.0,0.0,0.0,5.0,1.875,2.5,3.333333333333333,0.25,0.5555555555555556,0.6666666666666666,0.5882352941176471,0.0,1.0,0.0,1.0,0.0,1.0,0.0,0.0,0.0,1.0,0.0,0.0,0.0,0.0,0.0,0.0,1.0,0.0,0.0,0.0,0.0
Travel_Frequently,Research & Development,Technical Degree,1,Research Scientist,Married,0,1,4.251191286589517,2.976190476190476,2.5197132616487457,2.857142857142857,2.5,0.0,3.333333333333333,0.5714285714285712,1.6666666666666667,0.0,3.333333333333333,0.37650284750052726,2.70889379642642,5.0,1.7857142857142856,0.0,5.0,0.0,1.6666666666666667,0.75,3.3333333333333335,3.333333333333333,0.125,0.0,0.0,0.0,1.0,0.0,1.0,0.0,0.0,0.0,0.0,0.0,1.0,1.0,0.0,0.0,0.0,0.0,0.0,1.0,0.0,0.0,1.0,0.0,1.0
Travel_Rarely,Sales,Medical,1,Sales Executive,Divorced,0,0,3.417290673927842,1.7857142857142856,1.7275985663082438,0.0,2.5,0.0,0.0,1.2857142857142856,5.0,1.25,0.0,0.7983547774731068,3.9594458943987147,0.5555555555555556,3.928571428571429,5.0,0.0,0.0,1.6666666666666667,1.125,4.166666666666667,3.333333333333333,1.125,2.2222222222222223,0.0,2.3529411764705883,0.0,1.0,0.0,1.0,0.0,0.0,1.0,0.0,0.0,1.0,0.0,0.0,0.0,0.0,0.0,0.0,1.0,0.0,0.0,0.0,0.0
Travel_Rarely,Sales,Other,1,Sales Executive,Married,0,0,0.26208304969366913,3.214285714285714,1.6379928315412187,0.17857142857142858,2.5,0.0,5.0,2.214285714285714,3.333333333333333,1.25,1.6666666666666667,1.0008437038599451,2.8273439068460147,0.0,2.8571428571428568,0.0,1.6666666666666667,0.0,1.6666666666666667,1.125,2.5,5.0,1.0,1.9444444444444446,1.0,2.058823529411765,0.0,1.0,0.0,1.0,0.0,0.0,0.0,1.0,0.0,1.0,0.0,0.0,0.0,0.0,0.0,0.0,1.0,0.0,1.0,0.0,0.0
Travel_Rarely,Research & Development,Technical Degree,0,Research Scientist,Married,0,0,0.2859087814840027,2.7380952380952377,1.4516129032258065,1.0714285714285714,1.25,0.0,1.6666666666666667,0.9285714285714284,5.0,0.0,3.333333333333333,0.6240771989031848,3.366593053603694,0.5555555555555556,0.7142857142857144,0.0,3.333333333333333,0.0,0.0,1.25,2.5,3.333333333333333,1.25,1.6666666666666667,0.0,2.3529411764705883,0.0,1.0,1.0,0.0,0.0,0.0,0.0,0.0,1.0,0.0,0.0,0.0,0.0,0.0,0.0,1.0,0.0,0.0,1.0,0.0,0.0
Travel_Frequently,Human Resources,Life Sciences,1,Human Resources,Married,0,0,3.3424098025867934,1.9047619047619047,1.9498207885304661,1.7857142857142858,2.5,0.0,3.333333333333333,1.8571428571428572,1.6666666666666667,1.25,1.6666666666666667,0.9177916051465935,3.9628588636819915,2.2222222222222223,0.0,0.0,5.0,0.0,3.3333333333333335,1.75,4.166666666666667,5.0,1.25,2.5,0.3333333333333333,2.3529411764705883,1.0,0.0,0.0,0.0,1.0,0.0,0.0,0.0,0.0,1.0,1.0,0.0,0.0,0.0,0.0,0.0,0.0,0.0,1.0,0.0,0.0
Travel_Rarely,Research & Development,Life Sciences,0,Laboratory Technician,Single,0,0,0.27910142954390743,3.452380952380952,0.36917562724014336,1.4285714285714286,3.75,0.0,1.6666666666666667,2.4285714285714284,3.333333333333333,0.0,3.333333333333333,0.288968572031217,0.6659305360369405,2.2222222222222223,0.35714285714285676,0.0,3.333333333333333,0.0,0.0,0.875,1.6666666666666667,3.333333333333333,0.25,0.5555555555555556,0.6666666666666666,0.0,0.0,1.0,1.0,0.0,1.0,0.0,0.0,0.0,0.0,0.0,0.0,1.0,0.0,0.0,0.0,0.0,0.0,0.0,0.0,1.0,0.0
Travel_Rarely,Research & Development,Life Sciences,1,Healthcare Representative,Single,0,0,1.5554799183117765,3.5714285714285707,4.483870967741936,0.5357142857142857,3.75,0.0,3.333333333333333,3.4285714285714284,1.6666666666666667,2.5,3.333333333333333,2.6339379877662936,4.045573178076691,3.8888888888888893,1.0714285714285712,0.0,1.6666666666666667,0.0,0.0,3.375,2.5,3.333333333333333,1.875,3.055555555555556,1.3333333333333333,2.3529411764705883,0.0,1.0,1.0,0.0,1.0,0.0,0.0,0.0,0.0,1.0,0.0,0.0,0.0,0.0,0.0,0.0,0.0,0.0,0.0,1.0,0.0
Travel_Rarely,Research & Development,Technical Degree,0,Healthcare Representative,Single,0,0,3.934649421375085,1.9047619047619047,1.075268817204301,0.17857142857142858,3.75,0.0,3.333333333333333,4.857142857142858,3.333333333333333,1.25,5.0,1.4970470364901918,0.8169042360971692,0.5555555555555556,0.0,0.0,5.0,0.0,0.0,1.75,1.6666666666666667,5.0,1.75,3.055555555555556,1.3333333333333333,3.235294117647059,0.0,1.0,1.0,0.0,0.0,0.0,0.0,0.0,1.0,0.0,0.0,0.0,0.0,0.0,0.0,0.0,0.0,0.0,0.0,1.0,0.0
Travel_Frequently,Research & Development,Medical,0,Laboratory Technician,Single,0,0,2.3008849557522124,2.0238095238095233,0.1218637992831541,0.17857142857142858,2.5,0.0,1.6666666666666667,0.5,3.333333333333333,1.25,1.6666666666666667,0.9006538704914575,2.7889981931339087,2.7777777777777777,0.0,0.0,5.0,0.0,0.0,1.25,4.166666666666667,3.333333333333333,0.75,0.5555555555555556,0.3333333333333333,0.5882352941176471,1.0,0.0,1.0,0.0,0.0,0.0,1.0,0.0,0.0,0.0,0.0,1.0,0.0,0.0,0.0,0.0,0.0,0.0,0.0,1.0,0.0
Travel_Rarely,Sales,Marketing,0,Sales Representative,Single,0,1,3.213070115724983,1.7857142857142856,0.881720430107527,0.7142857142857143,2.5,0.0,5.0,0.2857142857142856,3.333333333333333,0.0,3.333333333333333,0.4856570343809323,1.4165830154587433,0.5555555555555556,0.7142857142857144,0.0,1.6666666666666667,0.0,0.0,0.125,1.6666666666666667,3.333333333333333,0.125,0.0,0.0,0.0,0.0,1.0,0.0,1.0,0.0,1.0,0.0,0.0,0.0,0.0,0.0,0.0,0.0,0.0,0.0,0.0,0.0,1.0,0.0,1.0,1.0
Travel_Frequently,Research & Development,Other,1,Laboratory Technician,Married,0,0,4.074200136147039,2.857142857142857,4.910394265232975,0.7142857142857143,1.25,0.0,1.6666666666666667,4.785714285714285,3.333333333333333,0.0,3.333333333333333,0.2858046825564226,1.438666934350532,2.2222222222222223,2.1428571428571423,0.0,5.0,0.0,1.6666666666666667,1.0,3.3333333333333335,3.333333333333333,0.25,0.5555555555555556,0.6666666666666666,0.0,1.0,0.0,1.0,0.0,0.0,0.0,0.0,1.0,0.0,1.0,0.0,1.0,0.0,0.0,0.0,0.0,0.0,0.0,1.0,0.0,0.0
Travel_Frequently,Research & Development,Life Sciences,1,Healthcare Representative,Married,0,1,1.4840027229407757,2.0238095238095233,3.924731182795699,3.035714285714286,3.75,0.0,3.333333333333333,3.5714285714285707,3.333333333333333,1.25,3.333333333333333,1.2339168951697954,4.51716522786589,0.5555555555555556,1.0714285714285712,0.0,5.0,0.0,3.3333333333333335,1.25,1.6666666666666667,5.0,1.25,0.5555555555555556,0.0,0.5882352941176471,1.0,0.0,1.0,0.0,1.0,0.0,0.0,0.0,0.0,1.0,0.0,0.0,0.0,0.0,0.0,0.0,0.0,0.0,1.0,0.0,1.0
Travel_Rarely,Research & Development,Medical,1,Laboratory Technician,Single,0,0,2.1919673247106877,2.857142857142857,0.3010752688172043,5.0,2.5,0.0,1.6666666666666667,1.8571428571428572,0.0,1.25,5.0,0.8603142796878296,1.498494278257378,2.2222222222222223,2.8571428571428568,0.0,0.0,0.0,0.0,2.0,2.5,3.333333333333333,0.125,0.0,0.0,0.0,0.0,1.0,1.0,0.0,0.0,0.0,1.0,0.0,0.0,1.0,0.0,1.0,0.0,0.0,0.0,0.0,0.0,0.0,0.0,1.0,0.0
Travel_Rarely,Research & Development,Medical,0,Laboratory Technician,Single,0,0,2.6718856364874064,1.6666666666666665,3.3297491039426523,1.4285714285714286,2.5,0.0,0.0,0.7857142857142856,3.333333333333333,0.0,0.0,0.8413309428390634,1.6322023690022085,3.8888888888888893,3.928571428571429,5.0,0.0,0.0,0.0,1.25,1.6666666666666667,5.0,0.625,1.1111111111111112,0.0,1.1764705882352942,0.0,1.0,1.0,0.0,0.0,0.0,1.0,0.0,0.0,0.0,0.0,1.0,0.0,0.0,0.0,0.0,0.0,0.0,0.0,1.0,0.0
Travel_Rarely,Sales,Marketing,1,Sales Executive,Married,0,0,2.9509870660313138,4.166666666666666,2.738351254480287,1.25,2.5,0.0,0.0,3.0714285714285716,3.333333333333333,3.75,5.0,2.854619278633199,4.1547881951415375,2.7777777777777777,1.0714285714285712,0.0,3.333333333333333,0.0,1.6666666666666667,3.5,2.5,3.333333333333333,0.25,0.0,0.6666666666666666,0.5882352941176471,0.0,1.0,0.0,1.0,0.0,1.0,0.0,0.0,0.0,1.0,0.0,0.0,0.0,0.0,0.0,0.0,1.0,0.0,1.0,0.0,0.0
Travel_Frequently,Research & Development,Life Sciences,1,Laboratory Technician,Married,0,1,3.982300884955752,2.380952380952381,4.967741935483871,0.17857142857142858,1.25,0.0,5.0,0.8571428571428572,3.333333333333333,0.0,5.0,0.18271461716937354,2.010038144950813,0.5555555555555556,4.2857142857142865,5.0,3.333333333333333,0.0,1.6666666666666667,0.125,2.5,3.333333333333333,0.125,0.0,0.0,0.0,1.0,0.0,1.0,0.0,1.0,0.0,0.0,0.0,0.0,1.0,0.0,1.0,0.0,0.0,0.0,0.0,0.0,0.0,1.0,0.0,1.0
Travel_Rarely,Research & Development,Other,0,Research Scientist,Married,0,0,1.375085091899251,0.9523809523809521,2.6415770609319,0.8928571428571428,2.5,0.0,3.333333333333333,1.1428571428571428,1.6666666666666667,0.0,1.6666666666666667,0.3583104830204598,4.257378036538848,0.5555555555555556,2.8571428571428568,0.0,3.333333333333333,0.0,0.0,0.625,2.5,1.6666666666666667,0.625,1.1111111111111112,1.3333333333333333,0.8823529411764706,0.0,1.0,1.0,0.0,0.0,0.0,0.0,1.0,0.0,0.0,0.0,0.0,0.0,0.0,0.0,1.0,0.0,0.0,1.0,0.0,0.0
Travel_Rarely,Research & Development,Medical,1,Manufacturing Director,Divorced,0,0,4.349897889720898,3.3333333333333335,1.6559139784946235,1.0714285714285714,1.25,0.0,5.0,3.214285714285714,3.333333333333333,2.5,3.333333333333333,2.593334739506433,4.4396707488456135,3.3333333333333335,0.7142857142857144,0.0,1.6666666666666667,0.0,1.6666666666666667,1.625,2.5,3.333333333333333,1.0,1.9444444444444446,0.0,2.058823529411765,0.0,1.0,1.0,0.0,0.0,0.0,1.0,0.0,0.0,1.0,0.0,0.0,0.0,1.0,0.0,0.0,0.0,0.0,0.0,0.0,0.0
Travel_Rarely,Research & Development,Medical,1,Healthcare Representative,Married,0,0,3.5500340367597003,2.4999999999999996,1.8243727598566308,0.8928571428571428,0.0,0.0,5.0,0.8571428571428572,1.6666666666666667,2.5,0.0,2.3681712718835684,3.887372013651877,2.2222222222222223,1.4285714285714288,0.0,0.0,0.0,1.6666666666666667,1.125,4.166666666666667,3.333333333333333,0.875,1.9444444444444446,0.3333333333333333,2.058823529411765,0.0,1.0,1.0,0.0,0.0,0.0,1.0,0.0,0.0,1.0,0.0,0.0,0.0,0.0,0.0,0.0,0.0,0.0,1.0,0.0,0.0
Travel_Rarely,Research & Development,Life Sciences,0,Manufacturing Director,Married,0,1,4.380530973451327,2.857142857142857,2.967741935483871,0.0,1.25,0.0,5.0,0.9285714285714284,1.6666666666666667,1.25,5.0,1.3322611263446529,0.39289299337482436,5.0,0.7142857142857144,0.0,5.0,0.0,1.6666666666666667,1.0,3.3333333333333335,3.333333333333333,0.5,0.8333333333333334,0.0,0.5882352941176471,0.0,1.0,1.0,0.0,1.0,0.0,0.0,0.0,0.0,0.0,0.0,0.0,0.0,1.0,0.0,0.0,0.0,0.0,1.0,0.0,1.0
Travel_Rarely,Sales,Technical Degree,0,Sales Executive,Divorced,0,0,0.35398230088495575,3.3333333333333335,4.354838709677419,0.3571428571428571,2.5,0.0,0.0,1.0714285714285712,5.0,3.75,0.0,3.220839485340645,1.133306564946798,1.1111111111111112,0.35714285714285676,0.0,5.0,0.0,1.6666666666666667,3.125,4.166666666666667,3.333333333333333,2.375,4.722222222222222,0.6666666666666666,2.3529411764705883,0.0,1.0,0.0,1.0,0.0,0.0,0.0,0.0,1.0,0.0,0.0,0.0,0.0,0.0,0.0,0.0,1.0,0.0,0.0,0.0,0.0
Travel_Rarely,Research & Development,Life Sciences,0,Laboratory Technician,Divorced,0,1,2.07283866575902,2.7380952380952377,3.5161290322580645,0.17857142857142858,3.75,0.0,1.6666666666666667,1.9285714285714284,0.0,0.0,5.0,0.4664100400759333,3.138124874523188,2.2222222222222223,0.7142857142857144,0.0,3.333333333333333,0.0,1.6666666666666667,1.25,0.8333333333333334,1.6666666666666667,0.875,1.9444444444444446,0.3333333333333333,0.0,0.0,1.0,1.0,0.0,1.0,0.0,0.0,0.0,0.0,0.0,0.0,1.0,0.0,0.0,0.0,0.0,0.0,0.0,0.0,0.0,1.0
Travel_Rarely,Sales,Life Sciences,1,Sales Representative,Single,0,0,3.0973451327433628,2.380952380952381,4.659498207885305,0.0,2.5,0.0,0.0,2.0714285714285716,1.6666666666666667,0.0,0.0,0.4875026365745622,1.8829552298735195,2.2222222222222223,1.0714285714285712,0.0,0.0,0.0,0.0,2.5,2.5,1.6666666666666667,0.125,0.0,0.0,0.0,0.0,1.0,0.0,1.0,1.0,0.0,0.0,0.0,0.0,1.0,0.0,0.0,0.0,0.0,0.0,0.0,0.0,1.0,0.0,1.0,0.0
Travel_Rarely,Human Resources,Human Resources,1,Manager,Married,0,1,3.4036759700476513,4.404761904761905,0.30465949820788524,4.464285714285714,3.75,0.0,3.333333333333333,2.9285714285714284,5.0,5.0,1.6666666666666667,4.911147437249525,4.761493675968681,2.2222222222222223,2.5,0.0,0.0,0.0,1.6666666666666667,4.375,0.0,3.333333333333333,1.25,2.5,0.3333333333333333,1.1764705882352942,0.0,1.0,0.0,0.0,0.0,0.0,0.0,0.0,0.0,1.0,0.0,0.0,1.0,0.0,0.0,0.0,0.0,0.0,1.0,0.0,1.0
Travel_Rarely,Research & Development,Life Sciences,1,Healthcare Representative,Divorced,0,0,3.039482641252553,2.142857142857143,3.3548387096774195,0.3571428571428571,1.25,0.0,5.0,3.4999999999999996,5.0,1.25,0.0,1.5379139422062855,4.861272836779763,3.3333333333333335,3.2142857142857144,5.0,0.0,0.0,1.6666666666666667,1.625,2.5,3.333333333333333,0.625,1.1111111111111112,0.0,1.1764705882352942,0.0,1.0,1.0,0.0,1.0,0.0,0.0,0.0,0.0,1.0,0.0,0.0,0.0,0.0,0.0,0.0,0.0,0.0,0.0,0.0,0.0
Travel_Rarely,Research & Development,Life Sciences,1,Laboratory Technician,Married,0,0,0.21102791014295438,1.4285714285714284,2.92831541218638,0.0,2.5,0.0,5.0,0.5714285714285712,0.0,0.0,3.333333333333333,0.744568656401603,4.473198152981329,1.6666666666666667,3.571428571428571,5.0,3.333333333333333,0.0,3.3333333333333335,0.875,1.6666666666666667,3.333333333333333,0.25,0.5555555555555556,0.0,0.5882352941176471,0.0,1.0,1.0,0.0,1.0,0.0,0.0,0.0,0.0,1.0,0.0,1.0,0.0,0.0,0.0,0.0,0.0,0.0,1.0,0.0,0.0
Travel_Rarely,Research & Development,Medical,0,Manufacturing Director,Single,0,0,0.95643294758339,2.142857142857143,2.4802867383512543,1.9642857142857142,5.0,0.0,5.0,1.5,1.6666666666666667,2.5,5.0,2.0694473739717356,2.7253563541457537,0.0,0.0,0.0,1.6666666666666667,0.0,0.0,1.875,1.6666666666666667,1.6666666666666667,1.75,2.2222222222222223,2.333333333333333,2.3529411764705883,0.0,1.0,1.0,0.0,0.0,0.0,1.0,0.0,0.0,0.0,0.0,0.0,0.0,1.0,0.0,0.0,0.0,0.0,0.0,1.0,0.0
Travel_Frequently,Sales,Technical Degree,0,Sales Representative,Single,0,0,5.0,0.11904761904761907,1.78494623655914,0.0,0.0,0.0,3.333333333333333,5.0,0.0,0.0,0.0,0.34697321240244666,3.793414976912267,0.0,3.571428571428571,5.0,0.0,0.0,0.0,0.125,4.166666666666667,5.0,0.0,0.0,0.0,0.0,1.0,0.0,0.0,1.0,0.0,0.0,0.0,0.0,1.0,0.0,0.0,0.0,0.0,0.0,0.0,0.0,0.0,1.0,0.0,1.0,0.0
Travel_Rarely,Sales,Medical,1,Sales Executive,Married,0,0,0.810074880871341,2.2619047619047614,0.4444444444444445,0.8928571428571428,3.75,0.0,3.333333333333333,4.857142857142858,3.333333333333333,1.25,5.0,1.4482704070871124,4.162015659506123,2.2222222222222223,1.0714285714285712,0.0,1.6666666666666667,0.0,1.6666666666666667,0.875,4.166666666666667,5.0,0.625,1.1111111111111112,0.0,0.29411764705882354,0.0,1.0,0.0,1.0,0.0,0.0,1.0,0.0,0.0,1.0,0.0,0.0,0.0,0.0,0.0,0.0,1.0,0.0,1.0,0.0,0.0
Travel_Rarely,Human Resources,Human Resources,1,Human Resources,Married,0,1,0.7590197413206262,1.4285714285714284,4.07168458781362,1.4285714285714286,2.5,0.0,3.333333333333333,1.2857142857142856,3.333333333333333,1.25,5.0,1.4074035013710187,2.38666934350532,0.0,2.8571428571428568,0.0,5.0,0.0,0.0,1.5,1.6666666666666667,0.0,1.375,2.5,1.3333333333333333,2.058823529411765,0.0,1.0,0.0,0.0,0.0,0.0,0.0,0.0,0.0,1.0,1.0,0.0,0.0,0.0,0.0,0.0,0.0,0.0,1.0,0.0,1.0
Travel_Rarely,Sales,Life Sciences,0,Sales Executive,Single,0,0,0.49353301565690944,2.380952380952381,2.14336917562724,0.0,3.75,0.0,0.0,2.0714285714285716,1.6666666666666667,1.25,5.0,2.024098291499683,2.1754667737402125,2.2222222222222223,3.928571428571429,5.0,3.333333333333333,0.0,0.0,1.5,1.6666666666666667,5.0,1.0,0.8333333333333334,0.0,2.058823529411765,0.0,1.0,0.0,1.0,1.0,0.0,0.0,0.0,0.0,0.0,0.0,0.0,0.0,0.0,0.0,0.0,1.0,0.0,0.0,1.0,0.0
Travel_Rarely,Research & Development,Life Sciences,1,Manufacturing Director,Single,0,0,4.66643975493533,4.523809523809524,4.645161290322581,1.0714285714285714,2.5,0.0,5.0,1.3571428571428572,0.0,2.5,5.0,1.6481227589116219,3.935755872314796,2.2222222222222223,0.0,0.0,0.0,0.0,0.0,4.625,2.5,1.6666666666666667,0.75,1.1111111111111112,0.0,0.5882352941176471,0.0,1.0,1.0,0.0,1.0,0.0,0.0,0.0,0.0,1.0,0.0,0.0,0.0,1.0,0.0,0.0,0.0,0.0,0.0,1.0,0.0
Non-Travel,Research & Development,Life Sciences,0,Laboratory Technician,Married,0,0,1.2695711368277738,2.142857142857143,3.587813620071685,4.107142857142857,3.75,0.0,1.6666666666666667,1.214285714285714,3.333333333333333,1.25,1.6666666666666667,1.2299620333263024,0.9702870909455934,3.8888888888888893,1.4285714285714288,0.0,3.333333333333333,0.0,1.6666666666666667,1.375,2.5,3.333333333333333,1.125,2.2222222222222223,0.0,2.3529411764705883,0.0,0.0,1.0,0.0,1.0,0.0,0.0,0.0,0.0,0.0,0.0,1.0,0.0,0.0,0.0,0.0,0.0,0.0,1.0,0.0,0.0
Non-Travel,Sales,Medical,1,Sales Executive,Divorced,0,0,0.4016337644656229,2.2619047619047614,0.13620071684587814,1.4285714285714286,3.75,0.0,0.0,2.785714285714285,3.333333333333333,2.5,1.6666666666666667,2.063119595022147,4.531620156595062,0.5555555555555556,0.7142857142857144,0.0,5.0,0.0,1.6666666666666667,1.125,5.0,3.333333333333333,1.125,1.3888888888888888,2.333333333333333,2.058823529411765,0.0,0.0,0.0,1.0,0.0,0.0,1.0,0.0,0.0,1.0,0.0,0.0,0.0,0.0,0.0,0.0,1.0,0.0,0.0,0.0,0.0
Travel_Frequently,Sales,Marketing,0,Sales Executive,Single,0,0,4.377127297481279,1.4285714285714284,0.8243727598566308,4.464285714285714,3.75,0.0,3.333333333333333,1.5714285714285712,1.6666666666666667,1.25,0.0,1.4994199535962875,4.190523991166432,2.7777777777777777,1.4285714285714288,0.0,3.333333333333333,0.0,0.0,1.125,4.166666666666667,1.6666666666666667,0.75,0.8333333333333334,0.0,0.29411764705882354,1.0,0.0,0.0,1.0,0.0,1.0,0.0,0.0,0.0,0.0,0.0,0.0,0.0,0.0,0.0,0.0,1.0,0.0,0.0,1.0,0.0
Travel_Rarely,Sales,Marketing,1,Sales Executive,Married,0,0,0.8509189925119128,1.6666666666666665,1.7813620071684588,1.0714285714285714,5.0,0.0,5.0,4.785714285714285,3.333333333333333,1.25,5.0,2.1606728538283058,4.266010841196547,2.2222222222222223,0.35714285714285676,0.0,3.333333333333333,0.0,1.6666666666666667,0.875,2.5,1.6666666666666667,0.5,0.8333333333333334,0.0,0.8823529411764706,0.0,1.0,0.0,1.0,0.0,1.0,0.0,0.0,0.0,1.0,0.0,0.0,0.0,0.0,0.0,0.0,1.0,0.0,1.0,0.0,0.0
Travel_Rarely,Research & Development,Technical Degree,1,Manufacturing Director,Married,0,0,4.816201497617427,2.0238095238095233,2.03584229390681,4.285714285714286,2.5,0.0,5.0,3.4285714285714284,1.6666666666666667,2.5,1.6666666666666667,2.608626871967939,1.4123669945794017,1.6666666666666667,1.7857142857142856,0.0,0.0,0.0,0.0,2.0,1.6666666666666667,3.333333333333333,1.625,2.7777777777777777,1.3333333333333333,2.3529411764705883,0.0,1.0,1.0,0.0,0.0,0.0,0.0,0.0,1.0,1.0,0.0,0.0,0.0,1.0,0.0,0.0,0.0,0.0,1.0,0.0,0.0
Travel_Rarely,Research & Development,Life Sciences,0,Research Director,Single,0,0,0.030633083730428858,1.6666666666666665,3.2759856630824373,0.3571428571428571,1.25,0.0,3.333333333333333,0.6428571428571428,3.333333333333333,2.5,5.0,2.6761231807635517,3.4689821321019876,1.6666666666666667,1.4285714285714288,0.0,5.0,0.0,0.0,1.25,5.0,3.333333333333333,0.875,1.9444444444444446,2.333333333333333,2.058823529411765,0.0,1.0,1.0,0.0,1.0,0.0,0.0,0.0,0.0,0.0,0.0,0.0,0.0,0.0,1.0,0.0,0.0,0.0,0.0,1.0,0.0
Travel_Rarely,Research & Development,Life Sciences,0,Research Scientist,Single,0,0,1.5282505105513953,1.1904761904761902,3.6308243727598564,1.25,1.25,0.0,5.0,2.5714285714285716,3.333333333333333,0.0,5.0,0.6066758067918161,0.4806263802449307,0.5555555555555556,3.571428571428571,5.0,5.0,0.0,0.0,0.625,2.5,3.333333333333333,0.625,0.8333333333333334,0.0,0.5882352941176471,0.0,1.0,1.0,0.0,1.0,0.0,0.0,0.0,0.0,0.0,0.0,0.0,0.0,0.0,0.0,1.0,0.0,0.0,0.0,1.0,0.0
Travel_Rarely,Research & Development,Life Sciences,1,Laboratory Technician,Married,0,0,2.409802586793737,2.0238095238095233,4.462365591397849,1.0714285714285714,1.25,0.0,3.333333333333333,2.357142857142857,1.6666666666666667,0.0,5.0,0.4432081839274414,1.128086729572375,0.5555555555555556,2.5,0.0,5.0,0.0,1.6666666666666667,0.125,4.166666666666667,1.6666666666666667,0.125,0.0,0.0,0.29411764705882354,0.0,1.0,1.0,0.0,1.0,0.0,0.0,0.0,0.0,1.0,0.0,1.0,0.0,0.0,0.0,0.0,0.0,0.0,1.0,0.0,0.0
Travel_Rarely,Human Resources,Human Resources,0,Manager,Married,0,0,0.8679373723621511,2.857142857142857,3.7383512544802864,1.6071428571428572,2.5,0.0,3.333333333333333,0.07142857142857117,3.333333333333333,3.75,0.0,4.163151233916895,2.9154788195141537,0.0,1.0714285714285712,0.0,3.333333333333333,0.0,1.6666666666666667,2.625,4.166666666666667,3.333333333333333,2.5,1.9444444444444446,0.0,2.6470588235294117,0.0,1.0,0.0,0.0,0.0,0.0,0.0,0.0,0.0,0.0,0.0,0.0,1.0,0.0,0.0,0.0,0.0,0.0,1.0,0.0,0.0
Travel_Rarely,Sales,Life Sciences,0,Sales Executive,Single,0,1,2.0183798502382575,0.833333333333333,2.8207885304659497,0.5357142857142857,1.25,0.0,1.6666666666666667,4.928571428571429,1.6666666666666667,1.25,5.0,0.917000632777895,2.0068259385665526,0.5555555555555556,0.0,0.0,1.6666666666666667,0.0,0.0,0.625,2.5,3.333333333333333,0.625,1.1111111111111112,0.3333333333333333,0.8823529411764706,0.0,1.0,0.0,1.0,1.0,0.0,0.0,0.0,0.0,0.0,0.0,0.0,0.0,0.0,0.0,0.0,1.0,0.0,0.0,1.0,1.0
Travel_Rarely,Sales,Marketing,0,Sales Representative,Married,0,1,1.3240299523485362,2.380952380952381,2.218637992831541,0.17857142857142858,3.75,0.0,1.6666666666666667,3.357142857142857,0.0,1.25,5.0,1.1590381775996625,0.43164023288496284,1.1111111111111112,3.2142857142857144,5.0,0.0,0.0,3.3333333333333335,2.5,3.3333333333333335,1.6666666666666667,0.5,0.5555555555555556,0.0,0.8823529411764706,0.0,1.0,0.0,1.0,0.0,1.0,0.0,0.0,0.0,0.0,0.0,0.0,0.0,0.0,0.0,0.0,0.0,1.0,1.0,0.0,1.0
Travel_Rarely,Sales,Life Sciences,1,Sales Executive,Divorced,0,0,3.124574540503744,2.0238095238095233,2.7885304659498207,0.3571428571428571,3.75,0.0,5.0,4.428571428571429,3.333333333333333,2.5,5.0,1.7965619067707232,0.9471993575587232,3.3333333333333335,0.7142857142857144,0.0,1.6666666666666667,0.0,1.6666666666666667,1.5,1.6666666666666667,3.333333333333333,1.25,2.5,0.0,2.3529411764705883,0.0,1.0,0.0,1.0,1.0,0.0,0.0,0.0,0.0,1.0,0.0,0.0,0.0,0.0,0.0,0.0,1.0,0.0,0.0,0.0,0.0
Travel_Rarely,Research & Development,Life Sciences,0,Research Scientist,Single,0,0,4.002722940776038,1.4285714285714284,1.1971326164874552,3.035714285714286,2.5,0.0,0.0,3.214285714285714,3.333333333333333,0.0,3.333333333333333,0.4279160514659354,4.379843404938767,0.5555555555555556,1.0714285714285712,0.0,3.333333333333333,0.0,0.0,0.625,3.3333333333333335,1.6666666666666667,0.625,1.1111111111111112,0.0,1.1764705882352942,0.0,1.0,1.0,0.0,1.0,0.0,0.0,0.0,0.0,0.0,0.0,0.0,0.0,0.0,0.0,1.0,0.0,0.0,0.0,1.0,0.0
Travel_Rarely,Research & Development,Medical,1,Research Scientist,Single,0,1,1.8958475153165417,1.7857142857142856,3.272401433691756,4.285714285714286,2.5,0.0,0.0,1.7857142857142856,1.6666666666666667,0.0,1.6666666666666667,0.34380932292765237,0.18048584621561942,2.2222222222222223,3.2142857142857144,5.0,1.6666666666666667,0.0,0.0,0.625,0.0,3.333333333333333,0.25,0.5555555555555556,0.6666666666666666,0.5882352941176471,0.0,1.0,1.0,0.0,0.0,0.0,1.0,0.0,0.0,1.0,0.0,0.0,0.0,0.0,0.0,1.0,0.0,0.0,0.0,1.0,1.0
Travel_Frequently,Sales,Marketing,1,Sales Executive,Married,0,0,4.295439074200136,3.9285714285714284,1.5663082437275986,0.17857142857142858,2.5,0.0,1.6666666666666667,1.5714285714285712,3.333333333333333,2.5,1.6666666666666667,2.52768403290445,2.670347319815298,1.1111111111111112,0.0,0.0,1.6666666666666667,0.0,0.0,1.75,4.166666666666667,3.333333333333333,0.5,0.5555555555555556,1.0,0.5882352941176471,1.0,0.0,0.0,1.0,0.0,1.0,0.0,0.0,0.0,1.0,0.0,0.0,0.0,0.0,0.0,0.0,1.0,0.0,1.0,0.0,0.0
Travel_Frequently,Research & Development,Life Sciences,1,Research Scientist,Divorced,0,0,2.7297481279782163,1.4285714285714284,3.2544802867383513,0.7142857142857143,3.75,0.0,1.6666666666666667,3.214285714285714,1.6666666666666667,0.0,5.0,0.7255853195528368,0.05601284882553703,5.0,0.35714285714285676,0.0,1.6666666666666667,0.0,1.6666666666666667,1.25,2.5,1.6666666666666667,0.625,1.1111111111111112,0.0,0.8823529411764706,1.0,0.0,1.0,0.0,1.0,0.0,0.0,0.0,0.0,1.0,0.0,0.0,0.0,0.0,0.0,1.0,0.0,0.0,0.0,0.0,0.0
Non-Travel,Research & Development,Life Sciences,1,Healthcare Representative,Married,0,0,1.5656909462219195,2.619047619047619,3.752688172043011,1.4285714285714286,5.0,0.0,5.0,2.357142857142857,1.6666666666666667,1.25,5.0,1.0195633832524784,2.438867697249548,5.0,1.0714285714285712,0.0,5.0,0.0,1.6666666666666667,0.625,4.166666666666667,0.0,0.375,0.5555555555555556,0.0,0.5882352941176471,0.0,0.0,1.0,0.0,1.0,0.0,0.0,0.0,0.0,1.0,0.0,0.0,0.0,0.0,0.0,0.0,0.0,0.0,1.0,0.0,0.0
Non-Travel,Research & Development,Medical,1,Research Scientist,Married,0,0,2.460857726344452,4.0476190476190474,2.1899641577060933,3.2142857142857144,3.75,0.0,5.0,0.7857142857142856,3.333333333333333,0.0,5.0,0.8566230753005695,4.917687211403333,0.0,2.5,0.0,0.0,0.0,1.6666666666666667,0.625,2.5,3.333333333333333,0.5,0.8333333333333334,0.3333333333333333,0.5882352941176471,0.0,0.0,1.0,0.0,0.0,0.0,1.0,0.0,0.0,1.0,0.0,0.0,0.0,0.0,0.0,1.0,0.0,0.0,1.0,0.0,0.0
Travel_Frequently,Research & Development,Other,1,Research Scientist,Divorced,0,0,4.60857726344452,1.9047619047619047,1.6344086021505375,0.0,3.75,0.0,5.0,4.357142857142858,3.333333333333333,0.0,0.0,0.5238873655346972,3.6518771331058018,2.7777777777777777,1.0714285714285712,0.0,3.333333333333333,0.0,3.3333333333333335,1.25,1.6666666666666667,3.333333333333333,0.5,0.8333333333333334,0.3333333333333333,0.8823529411764706,1.0,0.0,1.0,0.0,0.0,0.0,0.0,1.0,0.0,1.0,0.0,0.0,0.0,0.0,0.0,1.0,0.0,0.0,0.0,0.0,0.0
Travel_Frequently,Research & Development,Life Sciences,1,Healthcare Representative,Divorced,0,0,0.4901293396868618,1.7857142857142856,4.297491039426523,1.0714285714285714,1.25,0.0,5.0,0.4285714285714284,3.333333333333333,1.25,3.333333333333333,1.307477325458764,3.2091949407749447,0.5555555555555556,3.2142857142857144,5.0,3.333333333333333,0.0,5.0,1.125,1.6666666666666667,3.333333333333333,1.125,1.9444444444444446,0.6666666666666666,2.3529411764705883,1.0,0.0,1.0,0.0,1.0,0.0,0.0,0.0,0.0,1.0,0.0,0.0,0.0,0.0,0.0,0.0,0.0,0.0,0.0,0.0,0.0
Travel_Rarely,Research & Development,Medical,1,Laboratory Technician,Single,0,1,1.7052416609938732,0.5952380952380953,4.358422939068101,1.25,0.0,0.0,5.0,4.5,1.6666666666666667,0.0,3.333333333333333,0.7856992195739294,3.712507528608713,0.5555555555555556,0.0,0.0,0.0,0.0,0.0,0.625,1.6666666666666667,3.333333333333333,0.625,1.1111111111111112,0.3333333333333333,0.5882352941176471,0.0,1.0,1.0,0.0,0.0,0.0,1.0,0.0,0.0,1.0,0.0,1.0,0.0,0.0,0.0,0.0,0.0,0.0,0.0,1.0,1.0
Non-Travel,Research & Development,Life Sciences,1,Manufacturing Director,Divorced,0,1,3.7644656228727023,3.6904761904761902,3.218637992831541,3.035714285714286,3.75,0.0,5.0,4.428571428571429,3.333333333333333,1.25,5.0,1.5278949588694368,4.356354145753865,0.5555555555555556,1.4285714285714288,0.0,0.0,0.0,3.3333333333333335,0.875,0.0,3.333333333333333,0.875,1.9444444444444446,0.3333333333333333,2.058823529411765,0.0,0.0,1.0,0.0,1.0,0.0,0.0,0.0,0.0,1.0,0.0,0.0,0.0,1.0,0.0,0.0,0.0,0.0,0.0,0.0,1.0
Travel_Rarely,Sales,Life Sciences,1,Sales Executive,Married,0,0,2.5153165418652144,0.9523809523809521,2.971326164874552,0.0,2.5,0.0,3.333333333333333,1.9285714285714284,3.333333333333333,1.25,3.333333333333333,1.1302995148702804,3.626179482031721,0.5555555555555556,2.1428571428571423,0.0,1.6666666666666667,0.0,1.6666666666666667,1.0,2.5,3.333333333333333,1.0,1.9444444444444446,2.333333333333333,2.058823529411765,0.0,1.0,0.0,1.0,1.0,0.0,0.0,0.0,0.0,1.0,0.0,0.0,0.0,0.0,0.0,0.0,1.0,0.0,1.0,0.0,0.0
Travel_Rarely,Research & Development,Medical,1,Healthcare Representative,Married,0,1,4.6187882913546625,2.380952380952381,2.6129032258064515,3.035714285714286,2.5,0.0,1.6666666666666667,2.142857142857143,0.0,1.25,5.0,1.2660831048302046,4.506123268419996,1.6666666666666667,1.7857142857142856,0.0,3.333333333333333,0.0,1.6666666666666667,1.875,1.6666666666666667,3.333333333333333,0.125,0.0,0.3333333333333333,0.0,0.0,1.0,1.0,0.0,0.0,0.0,1.0,0.0,0.0,1.0,0.0,0.0,0.0,0.0,0.0,0.0,0.0,0.0,1.0,0.0,1.0
Travel_Frequently,Research & Development,Technical Degree,0,Manufacturing Director,Single,0,0,2.488087134104833,1.5476190476190474,0.21146953405017915,4.107142857142857,0.0,0.0,5.0,0.0,3.333333333333333,1.25,5.0,1.1150073824087745,0.918691025898414,1.1111111111111112,3.2142857142857144,5.0,5.0,0.0,0.0,1.125,2.5,1.6666666666666667,0.625,1.1111111111111112,0.3333333333333333,1.1764705882352942,1.0,0.0,1.0,0.0,0.0,0.0,0.0,0.0,1.0,0.0,0.0,0.0,0.0,1.0,0.0,0.0,0.0,0.0,0.0,1.0,0.0
Non-Travel,Research & Development,Medical,0,Manufacturing Director,Single,0,1,1.8345813478556838,1.4285714285714284,2.7777777777777777,1.4285714285714286,1.25,0.0,3.333333333333333,2.9999999999999996,3.333333333333333,1.25,3.333333333333333,0.9718413836743303,2.161011845011042,3.8888888888888893,2.5,0.0,3.333333333333333,0.0,0.0,1.25,2.5,3.333333333333333,1.0,1.1111111111111112,0.3333333333333333,2.058823529411765,0.0,0.0,1.0,0.0,0.0,0.0,1.0,0.0,0.0,0.0,0.0,0.0,0.0,1.0,0.0,0.0,0.0,0.0,0.0,1.0,1.0
Travel_Rarely,Research & Development,Life Sciences,1,Laboratory Technician,Divorced,0,0,0.6024506466984343,1.1904761904761902,2.835125448028674,2.5000000000000004,1.25,0.0,0.0,1.4285714285714284,3.333333333333333,0.0,3.333333333333333,0.3158616325669689,4.0931539851435454,0.5555555555555556,1.7857142857142856,0.0,5.0,0.0,1.6666666666666667,0.5,4.166666666666667,1.6666666666666667,0.5,0.5555555555555556,0.6666666666666666,0.5882352941176471,0.0,1.0,1.0,0.0,1.0,0.0,0.0,0.0,0.0,1.0,0.0,1.0,0.0,0.0,0.0,0.0,0.0,0.0,0.0,0.0,0.0
Travel_Rarely,Research & Development,Life Sciences,1,Healthcare Representative,Divorced,0,0,4.823008849557522,1.7857142857142856,1.9713261648745521,0.7142857142857143,2.5,0.0,5.0,0.2857142857142856,1.6666666666666667,2.5,5.0,1.6109470575827882,3.8385866291909254,2.2222222222222223,1.4285714285714288,0.0,3.333333333333333,0.0,1.6666666666666667,1.125,1.6666666666666667,3.333333333333333,0.375,0.5555555555555556,0.3333333333333333,0.5882352941176471,0.0,1.0,1.0,0.0,1.0,0.0,0.0,0.0,0.0,1.0,0.0,0.0,0.0,0.0,0.0,0.0,0.0,0.0,0.0,0.0,0.0
Travel_Frequently,Sales,Medical,0,Sales Representative,Single,0,1,2.372362151123213,0.0,1.5770609318996416,0.3571428571428571,1.25,0.0,1.6666666666666667,2.857142857142857,3.333333333333333,0.0,5.0,0.14764817549040282,3.27765508933949,0.5555555555555556,0.35714285714285676,0.0,3.333333333333333,0.0,0.0,0.0,1.6666666666666667,5.0,0.0,0.0,0.0,0.0,1.0,0.0,0.0,1.0,0.0,0.0,1.0,0.0,0.0,0.0,0.0,0.0,0.0,0.0,0.0,0.0,0.0,1.0,0.0,1.0,1.0
Travel_Frequently,Sales,Marketing,0,Sales Representative,Divorced,0,0,4.509870660313138,1.5476190476190474,1.2186379928315412,0.7142857142857143,2.5,0.0,5.0,3.857142857142857,3.333333333333333,0.0,1.6666666666666667,0.4693102720944948,0.36438466171451517,0.5555555555555556,0.0,0.0,3.333333333333333,0.0,1.6666666666666667,0.25,4.166666666666667,1.6666666666666667,0.25,0.5555555555555556,0.6666666666666666,0.5882352941176471,1.0,0.0,0.0,1.0,0.0,1.0,0.0,0.0,0.0,0.0,0.0,0.0,0.0,0.0,0.0,0.0,0.0,1.0,0.0,0.0,0.0
Travel_Rarely,Research & Development,Life Sciences,1,Research Director,Married,0,0,4.560925799863853,2.976190476190476,4.254480286738351,2.5000000000000004,1.25,0.0,3.333333333333333,2.4999999999999996,1.6666666666666667,3.75,3.333333333333333,4.375131828728116,0.28729170849227065,0.5555555555555556,4.642857142857142,5.0,0.0,0.0,1.6666666666666667,1.75,2.5,3.333333333333333,1.75,2.7777777777777777,2.0,3.235294117647059,0.0,1.0,1.0,0.0,1.0,0.0,0.0,0.0,0.0,1.0,0.0,0.0,0.0,0.0,1.0,0.0,0.0,0.0,1.0,0.0,0.0
Travel_Rarely,Sales,Life Sciences,0,Manager,Married,0,0,2.8522804628999316,2.619047619047619,4.637992831541219,0.17857142857142858,3.75,0.0,3.333333333333333,3.4999999999999996,3.333333333333333,5.0,3.333333333333333,4.49061379455811,2.193936960449709,0.0,1.0714285714285712,0.0,5.0,0.0,0.0,2.625,1.6666666666666667,3.333333333333333,2.5,4.166666666666667,0.3333333333333333,3.5294117647058822,0.0,1.0,0.0,1.0,1.0,0.0,0.0,0.0,0.0,0.0,0.0,0.0,1.0,0.0,0.0,0.0,0.0,0.0,1.0,0.0,0.0
Travel_Rarely,Research & Development,Technical Degree,1,Research Scientist,Single,0,0,2.9305650102110277,1.6666666666666665,1.5232974910394266,0.17857142857142858,2.5,0.0,5.0,3.4285714285714284,3.333333333333333,0.0,0.0,0.377030162412993,1.845814093555511,0.5555555555555556,1.0714285714285712,0.0,5.0,0.0,0.0,0.5,3.3333333333333335,3.333333333333333,0.5,0.5555555555555556,0.3333333333333333,0.5882352941176471,0.0,1.0,1.0,0.0,0.0,0.0,0.0,0.0,1.0,1.0,0.0,0.0,0.0,0.0,0.0,1.0,0.0,0.0,0.0,1.0,0.0
Travel_Rarely,Sales,Life Sciences,1,Sales Executive,Single,0,1,4.976174268209666,2.7380952380952377,3.9498207885304657,3.9285714285714293,1.25,0.0,5.0,3.5714285714285707,3.333333333333333,2.5,3.333333333333333,1.6011917317021724,1.9066452519574384,1.6666666666666667,1.7857142857142856,0.0,5.0,0.0,0.0,2.625,1.6666666666666667,3.333333333333333,0.25,0.0,0.0,0.5882352941176471,0.0,1.0,0.0,1.0,1.0,0.0,0.0,0.0,0.0,1.0,0.0,0.0,0.0,0.0,0.0,0.0,1.0,0.0,0.0,1.0,1.0
Travel_Rarely,Research & Development,Medical,1,Manager,Married,0,1,0.02382573179033356,4.404761904761905,2.2258064516129035,0.17857142857142858,2.5,0.0,5.0,3.4285714285714284,3.333333333333333,5.0,0.0,4.969943049989453,3.8355751857056815,2.7777777777777777,0.7142857142857144,0.0,5.0,0.0,1.6666666666666667,3.0,1.6666666666666667,3.333333333333333,0.625,0.5555555555555556,0.3333333333333333,1.1764705882352942,0.0,1.0,1.0,0.0,0.0,0.0,1.0,0.0,0.0,1.0,0.0,0.0,1.0,0.0,0.0,0.0,0.0,0.0,1.0,0.0,1.0
Travel_Rarely,Research & Development,Medical,1,Research Scientist,Married,0,1,3.464942137508509,2.7380952380952377,4.225806451612903,0.7142857142857143,5.0,0.0,1.6666666666666667,4.285714285714285,5.0,0.0,3.333333333333333,0.29476903606834,0.6960449708893797,1.1111111111111112,0.35714285714285676,0.0,0.0,0.0,0.0,0.875,4.166666666666667,1.6666666666666667,0.5,0.5555555555555556,0.0,0.8823529411764706,0.0,1.0,1.0,0.0,0.0,0.0,1.0,0.0,0.0,1.0,0.0,0.0,0.0,0.0,0.0,1.0,0.0,0.0,1.0,0.0,1.0
Travel_Rarely,Sales,Life Sciences,0,Sales Executive,Single,0,0,2.2702518720217837,0.714285714285714,2.111111111111111,0.3571428571428571,1.25,0.0,0.0,2.4999999999999996,3.333333333333333,1.25,3.333333333333333,0.9407298038388525,4.555510941577996,5.0,1.0714285714285712,0.0,0.0,0.0,0.0,0.5,2.5,3.333333333333333,0.25,0.5555555555555556,0.6666666666666666,0.0,0.0,1.0,0.0,1.0,1.0,0.0,0.0,0.0,0.0,0.0,0.0,0.0,0.0,0.0,0.0,0.0,1.0,0.0,0.0,1.0,0.0
Travel_Rarely,Research & Development,Life Sciences,0,Research Scientist,Married,0,0,3.8699795779441795,4.523809523809524,4.125448028673835,0.0,1.25,0.0,0.0,4.285714285714285,3.333333333333333,0.0,0.0,0.2786859312381354,1.6864083517365993,1.1111111111111112,3.928571428571429,5.0,5.0,0.0,1.6666666666666667,0.625,2.5,5.0,0.375,0.5555555555555556,0.3333333333333333,0.0,0.0,1.0,1.0,0.0,1.0,0.0,0.0,0.0,0.0,0.0,0.0,0.0,0.0,0.0,0.0,1.0,0.0,0.0,1.0,0.0,0.0
Travel_Rarely,Research & Development,Medical,0,Manufacturing Director,Married,0,0,1.2151123213070114,3.6904761904761902,1.3118279569892473,3.3928571428571432,3.75,0.0,3.333333333333333,4.7142857142857135,3.333333333333333,1.25,0.0,1.4654081417422484,0.6936358161011846,0.5555555555555556,1.0714285714285712,0.0,3.333333333333333,0.0,0.0,2.0,1.6666666666666667,1.6666666666666667,1.875,3.055555555555556,1.6666666666666665,3.235294117647059,0.0,1.0,1.0,0.0,0.0,0.0,1.0,0.0,0.0,0.0,0.0,0.0,0.0,1.0,0.0,0.0,0.0,0.0,1.0,0.0,0.0
Non-Travel,Sales,Technical Degree,1,Sales Executive,Divorced,0,0,2.665078284547311,2.142857142857143,4.032258064516129,1.25,3.75,0.0,0.0,3.857142857142857,3.333333333333333,1.25,5.0,1.0730858468677493,4.789801244729974,2.2222222222222223,0.7142857142857144,0.0,5.0,0.0,3.3333333333333335,1.5,2.5,3.333333333333333,0.875,1.9444444444444446,0.0,2.058823529411765,0.0,0.0,0.0,1.0,0.0,0.0,0.0,0.0,1.0,1.0,0.0,0.0,0.0,0.0,0.0,0.0,1.0,0.0,0.0,0.0,0.0
Non-Travel,Research & Development,Medical,1,Research Scientist,Single,0,0,3.7712729748127978,1.1904761904761902,3.5806451612903225,2.678571428571429,2.5,0.0,3.333333333333333,1.3571428571428572,3.333333333333333,0.0,3.333333333333333,0.2992512128242986,0.005621361172455319,0.5555555555555556,1.0714285714285712,0.0,3.333333333333333,0.0,0.0,0.625,2.5,1.6666666666666667,0.625,0.8333333333333334,0.3333333333333333,1.1764705882352942,0.0,0.0,1.0,0.0,0.0,0.0,1.0,0.0,0.0,1.0,0.0,0.0,0.0,0.0,0.0,1.0,0.0,0.0,0.0,1.0,0.0
Travel_Rarely,Sales,Other,1,Sales Executive,Divorced,0,0,1.1198093941456773,1.4285714285714284,0.4551971326164875,1.25,1.25,0.0,3.333333333333333,2.285714285714285,3.333333333333333,2.5,3.333333333333333,1.6491773887365533,1.5826139329451918,2.7777777777777777,0.0,0.0,0.0,0.0,1.6666666666666667,1.25,1.6666666666666667,5.0,1.0,1.1111111111111112,2.333333333333333,2.058823529411765,0.0,1.0,0.0,1.0,0.0,0.0,0.0,1.0,0.0,1.0,0.0,0.0,0.0,0.0,0.0,0.0,1.0,0.0,0.0,0.0,0.0
Travel_Rarely,Sales,Marketing,1,Sales Executive,Divorced,0,0,3.5194009530292716,1.5476190476190474,2.1039426523297493,1.0714285714285714,2.5,0.0,5.0,3.0714285714285716,3.333333333333333,1.25,5.0,1.7237924488504535,1.0136518771331058,2.2222222222222223,0.35714285714285676,0.0,5.0,0.0,5.0,1.625,2.5,3.333333333333333,0.875,1.9444444444444446,0.3333333333333333,2.058823529411765,0.0,1.0,0.0,1.0,0.0,1.0,0.0,0.0,0.0,1.0,0.0,0.0,0.0,0.0,0.0,0.0,1.0,0.0,0.0,0.0,0.0
Non-Travel,Sales,Technical Degree,0,Sales Executive,Married,0,1,3.8291354663036077,1.4285714285714284,1.924731182795699,4.285714285714286,1.25,0.0,5.0,3.9285714285714284,3.333333333333333,1.25,3.333333333333333,0.9826513393798777,0.7980325235896406,3.8888888888888893,0.35714285714285676,0.0,1.6666666666666667,0.0,1.6666666666666667,0.5,1.6666666666666667,5.0,0.25,0.5555555555555556,0.6666666666666666,0.5882352941176471,0.0,0.0,0.0,1.0,0.0,0.0,0.0,0.0,1.0,0.0,0.0,0.0,0.0,0.0,0.0,0.0,1.0,0.0,1.0,0.0,1.0
Non-Travel,Research & Development,Technical Degree,1,Healthcare Representative,Single,0,0,4.982981620149761,1.1904761904761902,4.523297491039426,4.107142857142857,1.25,0.0,1.6666666666666667,2.9999999999999996,1.6666666666666667,2.5,0.0,2.033589959924066,2.0600281068058623,0.5555555555555556,0.35714285714285676,0.0,0.0,0.0,0.0,1.25,1.6666666666666667,1.6666666666666667,1.25,1.9444444444444446,0.3333333333333333,2.6470588235294117,0.0,0.0,1.0,0.0,0.0,0.0,0.0,0.0,1.0,1.0,0.0,0.0,0.0,0.0,0.0,0.0,0.0,0.0,0.0,1.0,0.0
Travel_Rarely,Research & Development,Other,1,Research Scientist,Divorced,0,0,0.878148400272294,2.4999999999999996,2.620071684587814,3.2142857142857144,3.75,0.0,5.0,0.7857142857142856,3.333333333333333,1.25,5.0,0.7627610208816704,0.6117245533025497,4.444444444444445,1.0714285714285712,0.0,1.6666666666666667,0.0,5.0,0.875,1.6666666666666667,3.333333333333333,0.25,0.5555555555555556,0.6666666666666666,0.5882352941176471,0.0,1.0,1.0,0.0,0.0,0.0,0.0,1.0,0.0,1.0,0.0,0.0,0.0,0.0,0.0,1.0,0.0,0.0,0.0,0.0,0.0
Travel_Frequently,Sales,Life Sciences,1,Sales Executive,Single,0,0,4.656228727025187,1.0714285714285712,2.4695340501792113,0.17857142857142858,0.0,0.0,5.0,0.9285714285714284,0.0,1.25,5.0,1.0709765872178865,3.6735595261995586,1.6666666666666667,3.2142857142857144,5.0,1.6666666666666667,0.0,0.0,1.0,2.5,3.333333333333333,0.75,0.5555555555555556,0.0,0.0,1.0,0.0,0.0,1.0,1.0,0.0,0.0,0.0,0.0,1.0,0.0,0.0,0.0,0.0,0.0,0.0,1.0,0.0,0.0,1.0,0.0
Travel_Frequently,Sales,Medical,1,Sales Executive,Married,0,0,1.2661674608577262,2.619047619047619,3.870967741935484,0.17857142857142858,3.75,0.0,1.6666666666666667,2.285714285714285,3.333333333333333,1.25,1.6666666666666667,0.8748154397806369,4.687010640433647,2.7777777777777777,0.35714285714285676,0.0,5.0,0.0,5.0,0.625,1.6666666666666667,3.333333333333333,0.0,0.0,0.0,0.0,1.0,0.0,0.0,1.0,0.0,0.0,1.0,0.0,0.0,1.0,0.0,0.0,0.0,0.0,0.0,0.0,1.0,0.0,1.0,0.0,0.0
Travel_Rarely,Research & Development,Medical,1,Laboratory Technician,Divorced,0,0,3.6861810755616062,2.857142857142857,2.6917562724014337,1.9642857142857142,2.5,0.0,1.6666666666666667,1.9285714285714284,3.333333333333333,0.0,1.6666666666666667,0.463246150601139,1.3768319614535234,4.444444444444445,3.928571428571429,5.0,1.6666666666666667,0.0,5.0,0.875,5.0,1.6666666666666667,0.625,0.8333333333333334,0.0,1.1764705882352942,0.0,1.0,1.0,0.0,0.0,0.0,1.0,0.0,0.0,1.0,0.0,1.0,0.0,0.0,0.0,0.0,0.0,0.0,0.0,0.0,0.0
Travel_Rarely,Research & Development,Medical,1,Healthcare Representative,Married,0,1,3.0190605854322667,2.380952380952381,3.8566308243727603,5.0,0.0,0.0,1.6666666666666667,2.857142857142857,3.333333333333333,1.25,0.0,1.4933558321029317,1.8590644448905842,3.8888888888888893,2.8571428571428568,0.0,1.6666666666666667,0.0,0.0,2.125,1.6666666666666667,3.333333333333333,0.125,0.0,0.0,0.0,0.0,1.0,1.0,0.0,0.0,0.0,1.0,0.0,0.0,1.0,0.0,0.0,0.0,0.0,0.0,0.0,0.0,0.0,1.0,0.0,1.0
Travel_Rarely,Research & Development,Life Sciences,0,Manufacturing Director,Married,0,0,0.4833219877467665,2.2619047619047614,3.129032258064516,0.0,2.5,0.0,5.0,1.8571428571428572,1.6666666666666667,1.25,5.0,1.4408879983125922,1.5794017265609317,0.5555555555555556,0.7142857142857144,0.0,1.6666666666666667,0.0,1.6666666666666667,1.75,1.6666666666666667,1.6666666666666667,1.75,2.2222222222222223,1.0,3.235294117647059,0.0,1.0,1.0,0.0,1.0,0.0,0.0,0.0,0.0,0.0,0.0,0.0,0.0,1.0,0.0,0.0,0.0,0.0,1.0,0.0,0.0
Travel_Rarely,Research & Development,Medical,1,Manager,Married,0,0,1.7869298842750168,2.857142857142857,1.3082437275985663,0.17857142857142858,1.25,0.0,5.0,0.3571428571428572,3.333333333333333,3.75,0.0,4.391478591014554,2.4703874723951014,0.0,2.1428571428571423,0.0,5.0,0.0,1.6666666666666667,2.875,2.5,3.333333333333333,2.75,1.6666666666666667,4.333333333333333,2.058823529411765,0.0,1.0,1.0,0.0,0.0,0.0,1.0,0.0,0.0,1.0,0.0,0.0,1.0,0.0,0.0,0.0,0.0,0.0,1.0,0.0,0.0
Travel_Frequently,Sales,Life Sciences,1,Sales Executive,Married,0,0,3.82573179033356,1.7857142857142856,3.609318996415771,0.7142857142857143,0.0,0.0,1.6666666666666667,2.214285714285714,3.333333333333333,1.25,5.0,2.3700168740771983,3.4529211001806863,3.3333333333333335,0.7142857142857144,0.0,0.0,0.0,0.0,1.0,1.6666666666666667,5.0,0.625,1.1111111111111112,0.3333333333333333,0.5882352941176471,1.0,0.0,0.0,1.0,1.0,0.0,0.0,0.0,0.0,1.0,0.0,0.0,0.0,0.0,0.0,0.0,1.0,0.0,1.0,0.0,0.0
Travel_Rarely,Research & Development,Life Sciences,0,Laboratory Technician,Married,0,0,3.291354663036079,4.0476190476190474,4.376344086021505,1.7857142857142858,3.75,0.0,5.0,3.714285714285714,3.333333333333333,1.25,3.333333333333333,0.5642269563383251,3.9604497088937967,4.444444444444445,3.2142857142857144,5.0,1.6666666666666667,0.0,1.6666666666666667,1.125,2.5,3.333333333333333,0.625,0.5555555555555556,0.3333333333333333,1.1764705882352942,0.0,1.0,1.0,0.0,1.0,0.0,0.0,0.0,0.0,0.0,0.0,1.0,0.0,0.0,0.0,0.0,0.0,0.0,1.0,0.0,0.0
Travel_Rarely,Research & Development,Life Sciences,1,Laboratory Technician,Married,0,0,3.740639891082369,2.619047619047619,1.5734767025089607,0.0,3.75,0.0,0.0,3.785714285714285,3.333333333333333,0.0,5.0,0.3683294663573085,0.3946998594659707,4.444444444444445,2.8571428571428568,0.0,3.333333333333333,0.0,3.3333333333333335,1.0,2.5,1.6666666666666667,0.125,0.0,0.0,0.0,0.0,1.0,1.0,0.0,1.0,0.0,0.0,0.0,0.0,1.0,0.0,1.0,0.0,0.0,0.0,0.0,0.0,0.0,1.0,0.0,0.0
Travel_Rarely,Research & Development,Medical,1,Research Scientist,Single,0,1,4.959155888359428,1.3095238095238093,2.838709677419355,3.035714285714286,0.0,0.0,3.333333333333333,3.9999999999999996,1.6666666666666667,0.0,5.0,0.3638472896013499,2.5832162216422403,0.5555555555555556,0.7142857142857144,0.0,3.333333333333333,0.0,0.0,0.5,2.5,1.6666666666666667,0.5,0.8333333333333334,0.0,0.29411764705882354,0.0,1.0,1.0,0.0,0.0,0.0,1.0,0.0,0.0,1.0,0.0,0.0,0.0,0.0,0.0,1.0,0.0,0.0,0.0,1.0,1.0
Travel_Rarely,Research & Development,Technical Degree,1,Laboratory Technician,Single,0,0,1.4976174268209665,1.6666666666666665,0.08602150537634407,0.17857142857142858,0.0,0.0,5.0,3.857142857142857,1.6666666666666667,1.25,0.0,0.30768825142375017,3.542059827343907,2.2222222222222223,0.7142857142857144,0.0,5.0,0.0,0.0,1.125,4.166666666666667,3.333333333333333,0.75,0.5555555555555556,0.0,1.1764705882352942,0.0,1.0,1.0,0.0,0.0,0.0,0.0,0.0,1.0,1.0,0.0,1.0,0.0,0.0,0.0,0.0,0.0,0.0,0.0,1.0,0.0
Travel_Rarely,Research & Development,Life Sciences,1,Research Director,Single,0,1,1.8073519400953026,4.761904761904761,0.6523297491039426,0.17857142857142858,3.75,0.0,5.0,0.07142857142857117,3.333333333333333,5.0,1.6666666666666667,4.808321029318709,4.751455531017868,3.8888888888888893,0.35714285714285676,0.0,5.0,0.0,0.0,5.0,1.6666666666666667,3.333333333333333,3.875,4.166666666666667,4.333333333333333,2.3529411764705883,0.0,1.0,1.0,0.0,1.0,0.0,0.0,0.0,0.0,1.0,0.0,0.0,0.0,0.0,1.0,0.0,0.0,0.0,0.0,1.0,1.0
Travel_Frequently,Research & Development,Life Sciences,1,Research Scientist,Divorced,0,1,4.006126616746085,1.1904761904761902,2.3978494623655915,0.8928571428571428,2.5,0.0,3.333333333333333,0.6428571428571428,1.6666666666666667,0.0,3.333333333333333,0.4466357308584686,4.014053402931138,0.5555555555555556,1.0714285714285712,0.0,5.0,0.0,1.6666666666666667,0.375,1.6666666666666667,3.333333333333333,0.375,0.2777777777777778,0.0,0.5882352941176471,1.0,0.0,1.0,0.0,1.0,0.0,0.0,0.0,0.0,1.0,0.0,0.0,0.0,0.0,0.0,1.0,0.0,0.0,0.0,0.0,1.0
Travel_Frequently,Research & Development,Medical,0,Research Scientist,Divorced,0,0,0.7692307692307692,1.4285714285714284,0.20071684587813615,0.3571428571428571,2.5,0.0,3.333333333333333,2.9285714285714284,3.333333333333333,0.0,3.333333333333333,0.28316810799409403,4.127484440875326,0.5555555555555556,3.2142857142857144,5.0,3.333333333333333,0.0,1.6666666666666667,0.125,1.6666666666666667,3.333333333333333,0.125,0.0,0.0,0.0,1.0,0.0,1.0,0.0,0.0,0.0,1.0,0.0,0.0,0.0,0.0,0.0,0.0,0.0,0.0,1.0,0.0,0.0,0.0,0.0,0.0
Travel_Rarely,Sales,Life Sciences,1,Sales Executive,Married,0,0,3.427501701837985,1.7857142857142856,4.078853046594982,1.25,3.75,0.0,0.0,1.1428571428571428,3.333333333333333,1.25,0.0,1.4192680869014975,1.705480827143144,1.1111111111111112,0.7142857142857144,0.0,5.0,0.0,1.6666666666666667,1.0,5.0,0.0,0.25,0.5555555555555556,0.6666666666666666,0.5882352941176471,0.0,1.0,0.0,1.0,1.0,0.0,0.0,0.0,0.0,1.0,0.0,0.0,0.0,0.0,0.0,0.0,1.0,0.0,1.0,0.0,0.0
Travel_Rarely,Sales,Marketing,1,Sales Representative,Married,0,1,0.7760381211708645,0.833333333333333,2.7347670250896057,3.2142857142857144,1.25,0.0,3.333333333333333,0.4285714285714284,1.6666666666666667,0.0,1.6666666666666667,0.37017506855093857,3.353543465167637,0.5555555555555556,2.5,0.0,3.333333333333333,0.0,5.0,0.125,1.6666666666666667,3.333333333333333,0.125,0.0,0.0,0.0,0.0,1.0,0.0,1.0,0.0,1.0,0.0,0.0,0.0,1.0,0.0,0.0,0.0,0.0,0.0,0.0,0.0,1.0,1.0,0.0,1.0
Non-Travel,Human Resources,Human Resources,0,Manager,Married,0,0,4.445200816882233,4.880952380952381,4.7168458781362,0.17857142857142858,3.75,0.0,3.333333333333333,0.1428571428571428,1.6666666666666667,5.0,5.0,4.702330731913098,3.980726761694439,5.0,3.571428571428571,5.0,5.0,0.0,1.6666666666666667,3.75,2.5,3.333333333333333,0.375,0.5555555555555556,0.6666666666666666,0.5882352941176471,0.0,0.0,0.0,0.0,0.0,0.0,0.0,0.0,0.0,0.0,0.0,0.0,1.0,0.0,0.0,0.0,0.0,0.0,1.0,0.0,0.0
Travel_Rarely,Sales,Life Sciences,0,Manager,Married,0,0,4.329475833900612,3.214285714285714,4.050179211469534,1.7857142857142858,1.25,0.0,5.0,4.285714285714285,3.333333333333333,3.75,5.0,4.387523729171061,0.6645251957438265,1.6666666666666667,0.7142857142857144,0.0,1.6666666666666667,0.0,1.6666666666666667,3.25,3.3333333333333335,5.0,1.125,0.8333333333333334,0.3333333333333333,0.29411764705882354,0.0,1.0,0.0,1.0,1.0,0.0,0.0,0.0,0.0,0.0,0.0,0.0,1.0,0.0,0.0,0.0,0.0,0.0,1.0,0.0,0.0
Travel_Frequently,Research & Development,Medical,1,Research Scientist,Married,0,0,0.7215793056501021,2.0238095238095233,2.007168458781362,0.0,2.5,0.0,1.6666666666666667,3.4999999999999996,3.333333333333333,0.0,0.0,0.3124340856359417,0.7576791808873722,2.2222222222222223,0.7142857142857144,0.0,5.0,0.0,1.6666666666666667,0.625,1.6666666666666667,1.6666666666666667,0.375,0.5555555555555556,0.3333333333333333,0.5882352941176471,1.0,0.0,1.0,0.0,0.0,0.0,1.0,0.0,0.0,1.0,0.0,0.0,0.0,0.0,0.0,1.0,0.0,0.0,1.0,0.0,0.0
Travel_Rarely,Research & Development,Life Sciences,0,Research Scientist,Divorced,0,0,0.26889040163376443,1.9047619047619047,3.67741935483871,0.3571428571428571,2.5,0.0,5.0,2.5714285714285716,3.333333333333333,1.25,1.6666666666666667,1.1664205863741826,3.460750853242321,0.5555555555555556,0.35714285714285676,0.0,3.333333333333333,0.0,1.6666666666666667,1.375,1.6666666666666667,3.333333333333333,1.375,2.2222222222222223,2.333333333333333,2.6470588235294117,0.0,1.0,1.0,0.0,1.0,0.0,0.0,0.0,0.0,0.0,0.0,0.0,0.0,0.0,0.0,1.0,0.0,0.0,0.0,0.0,0.0
Travel_Rarely,Research & Development,Other,0,Research Scientist,Single,0,0,0.5037440435670524,1.1904761904761902,2.6989247311827955,1.6071428571428572,2.5,0.0,3.333333333333333,2.0714285714285716,3.333333333333333,1.25,3.333333333333333,0.6989559164733177,1.1674362577795625,1.6666666666666667,0.7142857142857144,0.0,5.0,0.0,0.0,1.25,3.3333333333333335,5.0,1.0,1.9444444444444446,0.3333333333333333,2.058823529411765,0.0,1.0,1.0,0.0,0.0,0.0,0.0,1.0,0.0,0.0,0.0,0.0,0.0,0.0,0.0,1.0,0.0,0.0,0.0,1.0,0.0
Travel_Rarely,Research & Development,Medical,1,Research Scientist,Married,0,0,2.770592239618788,0.833333333333333,4.21505376344086,1.0714285714285714,0.0,0.0,5.0,2.4285714285714284,1.6666666666666667,0.0,5.0,0.49567601771778097,4.979522184300341,0.5555555555555556,0.0,0.0,3.333333333333333,0.0,3.3333333333333335,0.25,1.6666666666666667,3.333333333333333,0.25,0.5555555555555556,0.6666666666666666,0.29411764705882354,0.0,1.0,1.0,0.0,0.0,0.0,1.0,0.0,0.0,1.0,0.0,0.0,0.0,0.0,0.0,1.0,0.0,0.0,1.0,0.0,0.0
Travel_Frequently,Research & Development,Technical Degree,0,Research Scientist,Single,0,0,2.9441797140912183,1.4285714285714284,4.329749103942652,0.17857142857142858,3.75,0.0,5.0,3.4285714285714284,1.6666666666666667,0.0,0.0,1.0438198692259018,4.885163621762699,0.0,1.7857142857142856,0.0,5.0,0.0,0.0,1.25,1.6666666666666667,3.333333333333333,1.125,1.9444444444444446,0.0,2.058823529411765,1.0,0.0,1.0,0.0,0.0,0.0,0.0,0.0,1.0,0.0,0.0,0.0,0.0,0.0,0.0,1.0,0.0,0.0,0.0,1.0,0.0
Travel_Rarely,Research & Development,Life Sciences,0,Research Scientist,Married,0,0,2.9748127978216474,2.0238095238095233,0.6559139784946237,0.0,3.75,0.0,3.333333333333333,2.285714285714285,0.0,0.0,5.0,0.5188778738662729,1.3768319614535234,0.5555555555555556,0.35714285714285676,0.0,5.0,0.0,1.6666666666666667,0.5,4.166666666666667,3.333333333333333,0.5,0.8333333333333334,0.3333333333333333,0.29411764705882354,0.0,1.0,1.0,0.0,1.0,0.0,0.0,0.0,0.0,0.0,0.0,0.0,0.0,0.0,0.0,1.0,0.0,0.0,1.0,0.0,0.0
Travel_Rarely,Research & Development,Life Sciences,0,Manager,Divorced,0,0,2.2838665759019743,2.0238095238095233,4.340501792114695,3.7500000000000004,2.5,0.0,1.6666666666666667,2.9285714285714284,5.0,2.5,1.6666666666666667,2.8968044716304573,3.414173860670548,3.8888888888888893,2.5,0.0,1.6666666666666667,0.0,1.6666666666666667,1.25,5.0,1.6666666666666667,0.875,1.9444444444444446,2.0,0.5882352941176471,0.0,1.0,1.0,0.0,1.0,0.0,0.0,0.0,0.0,0.0,0.0,0.0,1.0,0.0,0.0,0.0,0.0,0.0,0.0,0.0,0.0
Travel_Rarely,Research & Development,Medical,1,Laboratory Technician,Married,0,0,3.8529611980939413,2.0238095238095233,0.2903225806451613,3.9285714285714293,3.75,0.0,1.6666666666666667,4.357142857142858,0.0,0.0,3.333333333333333,0.4471630457709343,1.5261995583216224,0.0,1.7857142857142856,0.0,1.6666666666666667,0.0,1.6666666666666667,0.75,1.6666666666666667,5.0,0.625,1.1111111111111112,0.0,0.8823529411764706,0.0,1.0,1.0,0.0,0.0,0.0,1.0,0.0,0.0,1.0,0.0,1.0,0.0,0.0,0.0,0.0,0.0,0.0,1.0,0.0,0.0
Travel_Rarely,Research & Development,Medical,1,Manager,Married,0,1,1.8890401633764464,1.7857142857142856,4.204301075268817,2.5000000000000004,0.0,0.0,1.6666666666666667,1.8571428571428572,3.333333333333333,2.5,3.333333333333333,3.3223476059902968,4.522184300341297,3.8888888888888893,0.35714285714285676,0.0,5.0,0.0,0.0,1.875,1.6666666666666667,5.0,0.875,1.6666666666666667,2.333333333333333,2.058823529411765,0.0,1.0,1.0,0.0,0.0,0.0,1.0,0.0,0.0,1.0,0.0,0.0,1.0,0.0,0.0,0.0,0.0,0.0,1.0,0.0,1.0
Travel_Rarely,Human Resources,Life Sciences,0,Human Resources,Divorced,0,1,2.957794417971409,3.0952380952380953,1.5197132616487457,0.0,2.5,0.0,3.333333333333333,1.0,3.333333333333333,0.0,5.0,0.5763551993250369,0.4161814896607107,2.2222222222222223,2.5,0.0,0.0,0.0,5.0,1.0,1.6666666666666667,3.333333333333333,0.25,0.5555555555555556,0.6666666666666666,0.5882352941176471,0.0,1.0,0.0,0.0,1.0,0.0,0.0,0.0,0.0,0.0,1.0,0.0,0.0,0.0,0.0,0.0,0.0,0.0,0.0,0.0,1.0
Travel_Rarely,Research & Development,Life Sciences,0,Research Scientist,Single,0,1,0.4526889040163376,1.0714285714285712,0.1111111111111111,2.857142857142857,3.75,0.0,5.0,1.5,3.333333333333333,0.0,3.333333333333333,0.3651655768825142,4.735394499096567,0.5555555555555556,0.7142857142857144,0.0,5.0,0.0,0.0,1.0,1.6666666666666667,3.333333333333333,1.0,0.5555555555555556,2.333333333333333,2.058823529411765,0.0,1.0,1.0,0.0,1.0,0.0,0.0,0.0,0.0,0.0,0.0,0.0,0.0,0.0,0.0,1.0,0.0,0.0,0.0,1.0,1.0
Travel_Rarely,Research & Development,Life Sciences,1,Research Scientist,Married,0,0,4.649421375085092,1.9047619047619047,4.469534050179211,0.0,3.75,0.0,1.6666666666666667,1.0714285714285712,3.333333333333333,1.25,5.0,1.1798671166420585,2.191126279863481,5.0,2.1428571428571423,0.0,1.6666666666666667,0.0,1.6666666666666667,1.125,2.5,1.6666666666666667,0.25,0.5555555555555556,0.6666666666666666,0.29411764705882354,0.0,1.0,1.0,0.0,1.0,0.0,0.0,0.0,0.0,1.0,0.0,0.0,0.0,0.0,0.0,1.0,0.0,0.0,1.0,0.0,0.0
Travel_Frequently,Research & Development,Medical,0,Laboratory Technician,Single,0,0,2.8012253233492173,2.857142857142857,2.3082437275985663,1.4285714285714286,1.25,0.0,0.0,3.142857142857143,3.333333333333333,0.0,5.0,0.7023834634043451,2.8837582814695844,0.5555555555555556,0.7142857142857144,0.0,3.333333333333333,0.0,0.0,1.5,2.5,3.333333333333333,1.5,2.5,1.6666666666666665,2.3529411764705883,1.0,0.0,1.0,0.0,0.0,0.0,1.0,0.0,0.0,0.0,0.0,1.0,0.0,0.0,0.0,0.0,0.0,0.0,0.0,1.0,0.0
Travel_Rarely,Research & Development,Life Sciences,1,Laboratory Technician,Married,0,1,1.3886997957794416,0.5952380952380953,4.082437275985663,0.8928571428571428,2.5,0.0,3.333333333333333,2.357142857142857,5.0,0.0,0.0,0.15608521408985443,0.2712306765709697,0.5555555555555556,3.571428571428571,5.0,3.333333333333333,0.0,3.3333333333333335,0.125,1.6666666666666667,3.333333333333333,0.0,0.0,0.0,0.0,0.0,1.0,1.0,0.0,1.0,0.0,0.0,0.0,0.0,1.0,0.0,1.0,0.0,0.0,0.0,0.0,0.0,0.0,1.0,0.0,1.0
Travel_Frequently,Research & Development,Medical,1,Research Scientist,Divorced,0,1,3.366235534377127,2.857142857142857,2.971326164874552,3.2142857142857144,2.5,0.0,3.333333333333333,1.9285714285714284,5.0,0.0,3.333333333333333,0.46140054840750894,3.6683396908251353,3.3333333333333335,0.35714285714285676,0.0,5.0,0.0,0.0,0.875,1.6666666666666667,3.333333333333333,0.25,0.5555555555555556,0.6666666666666666,0.5882352941176471,1.0,0.0,1.0,0.0,0.0,0.0,1.0,0.0,0.0,1.0,0.0,0.0,0.0,0.0,0.0,1.0,0.0,0.0,0.0,0.0,1.0
Travel_Rarely,Research & Development,Medical,1,Research Scientist,Married,0,0,1.725663716814159,0.4761904761904763,1.7921146953405018,0.8928571428571428,0.0,0.0,0.0,2.785714285714285,3.333333333333333,0.0,3.333333333333333,0.46509175279476894,2.0178678980124474,0.0,3.2142857142857144,5.0,5.0,0.0,0.0,0.375,2.5,3.333333333333333,0.25,0.5555555555555556,0.6666666666666666,0.5882352941176471,0.0,1.0,1.0,0.0,0.0,0.0,1.0,0.0,0.0,1.0,0.0,0.0,0.0,0.0,0.0,1.0,0.0,0.0,1.0,0.0,0.0
Travel_Rarely,Research & Development,Life Sciences,0,Laboratory Technician,Married,0,1,4.084411164057181,2.857142857142857,4.161290322580645,0.3571428571428571,2.5,0.0,3.333333333333333,4.642857142857142,5.0,1.25,5.0,1.1131617802151443,4.342903031519775,1.1111111111111112,0.7142857142857144,0.0,1.6666666666666667,0.0,1.6666666666666667,2.125,0.8333333333333334,1.6666666666666667,0.625,0.8333333333333334,0.3333333333333333,0.8823529411764706,0.0,1.0,1.0,0.0,1.0,0.0,0.0,0.0,0.0,0.0,0.0,1.0,0.0,0.0,0.0,0.0,0.0,0.0,1.0,0.0,1.0
Travel_Rarely,Sales,Marketing,1,Sales Representative,Single,0,1,1.715452688904016,0.11904761904761907,1.5197132616487457,3.7500000000000004,0.0,0.0,5.0,1.4285714285714284,3.333333333333333,0.0,3.333333333333333,0.17559586585108622,4.964063441076089,0.5555555555555556,2.8571428571428568,0.0,5.0,0.0,0.0,0.0,1.6666666666666667,1.6666666666666667,0.0,0.0,0.0,0.0,0.0,1.0,0.0,1.0,0.0,1.0,0.0,0.0,0.0,1.0,0.0,0.0,0.0,0.0,0.0,0.0,0.0,1.0,0.0,1.0,1.0
Travel_Rarely,Research & Development,Life Sciences,1,Healthcare Representative,Divorced,0,0,3.3798502382573177,1.3095238095238093,2.229390681003584,5.0,0.0,0.0,5.0,4.5,0.0,1.25,3.333333333333333,1.4171588272516347,3.824332463360771,4.444444444444445,2.1428571428571423,0.0,5.0,0.0,3.3333333333333335,1.375,2.5,3.333333333333333,0.875,0.0,0.3333333333333333,1.7647058823529411,0.0,1.0,1.0,0.0,1.0,0.0,0.0,0.0,0.0,1.0,0.0,0.0,0.0,0.0,0.0,0.0,0.0,0.0,0.0,0.0,0.0
Travel_Rarely,Research & Development,Life Sciences,1,Manufacturing Director,Married,0,0,1.181075561606535,2.2619047619047614,2.032258064516129,3.2142857142857144,2.5,0.0,3.333333333333333,3.9285714285714284,3.333333333333333,1.25,3.333333333333333,1.2547458342121915,4.898413973097772,1.6666666666666667,2.1428571428571423,0.0,0.0,0.0,5.0,1.125,1.6666666666666667,1.6666666666666667,0.5,0.8333333333333334,0.0,0.5882352941176471,0.0,1.0,1.0,0.0,1.0,0.0,0.0,0.0,0.0,1.0,0.0,0.0,0.0,1.0,0.0,0.0,0.0,0.0,1.0,0.0,0.0
Travel_Rarely,Research & Development,Life Sciences,1,Laboratory Technician,Married,0,0,1.3138189244383933,2.0238095238095233,2.315412186379928,4.821428571428571,2.5,0.0,1.6666666666666667,1.1428571428571428,5.0,1.25,3.333333333333333,0.6322505800464036,4.668540453724152,0.5555555555555556,2.1428571428571423,0.0,5.0,0.0,3.3333333333333335,1.25,2.5,1.6666666666666667,1.25,2.5,2.0,2.3529411764705883,0.0,1.0,1.0,0.0,1.0,0.0,0.0,0.0,0.0,1.0,0.0,1.0,0.0,0.0,0.0,0.0,0.0,0.0,1.0,0.0,0.0
Travel_Frequently,Human Resources,Other,1,Human Resources,Married,0,1,0.0,2.380952380952381,4.802867383512545,0.0,3.75,0.0,5.0,4.142857142857142,3.333333333333333,0.0,1.6666666666666667,0.522569078253533,0.6283878739208995,0.0,0.0,0.0,1.6666666666666667,0.0,1.6666666666666667,0.875,1.6666666666666667,3.333333333333333,0.75,0.5555555555555556,0.3333333333333333,0.5882352941176471,1.0,0.0,0.0,0.0,0.0,0.0,0.0,1.0,0.0,1.0,1.0,0.0,0.0,0.0,0.0,0.0,0.0,0.0,1.0,0.0,1.0
Travel_Rarely,Research & Development,Life Sciences,1,Research Scientist,Single,0,0,1.2253233492171542,0.4761904761904763,1.7096774193548385,0.0,1.25,0.0,5.0,2.357142857142857,3.333333333333333,0.0,3.333333333333333,0.6238135414469521,3.1178478217225454,0.0,0.35714285714285676,0.0,5.0,0.0,0.0,0.5,1.6666666666666667,5.0,0.375,0.5555555555555556,0.3333333333333333,0.5882352941176471,0.0,1.0,1.0,0.0,1.0,0.0,0.0,0.0,0.0,1.0,0.0,0.0,0.0,0.0,0.0,1.0,0.0,0.0,0.0,1.0,0.0
Travel_Rarely,Research & Development,Life Sciences,0,Manufacturing Director,Single,0,1,2.8182437031994554,2.619047619047619,1.2329749103942653,2.678571428571429,2.5,0.0,3.333333333333333,3.857142857142857,3.333333333333333,2.5,5.0,1.8287281164311324,3.584420799036338,3.3333333333333335,1.4285714285714288,0.0,5.0,0.0,0.0,2.25,1.6666666666666667,1.6666666666666667,0.5,0.5555555555555556,1.0,0.8823529411764706,0.0,1.0,1.0,0.0,1.0,0.0,0.0,0.0,0.0,0.0,0.0,0.0,0.0,1.0,0.0,0.0,0.0,0.0,0.0,1.0,1.0
Travel_Rarely,Research & Development,Medical,0,Research Scientist,Married,0,0,4.72430224642614,1.7857142857142856,2.96415770609319,2.3214285714285716,2.5,0.0,5.0,2.9999999999999996,3.333333333333333,0.0,1.6666666666666667,0.4606095760388103,0.5177675165629392,0.5555555555555556,0.7142857142857144,0.0,5.0,0.0,1.6666666666666667,1.0,4.166666666666667,3.333333333333333,1.0,1.9444444444444446,0.3333333333333333,1.7647058823529411,0.0,1.0,1.0,0.0,0.0,0.0,1.0,0.0,0.0,0.0,0.0,0.0,0.0,0.0,0.0,1.0,0.0,0.0,1.0,0.0,0.0
Travel_Rarely,Research & Development,Medical,0,Laboratory Technician,Divorced,0,0,1.6167460857726343,1.3095238095238093,3.5197132616487457,1.0714285714285714,0.0,0.0,0.0,2.285714285714285,1.6666666666666667,0.0,5.0,0.4015503058426492,0.7950210801043969,3.3333333333333335,1.0714285714285712,0.0,3.333333333333333,0.0,5.0,1.0,4.166666666666667,3.333333333333333,0.5,0.8333333333333334,0.0,0.8823529411764706,0.0,1.0,1.0,0.0,0.0,0.0,1.0,0.0,0.0,0.0,0.0,1.0,0.0,0.0,0.0,0.0,0.0,0.0,0.0,0.0,0.0
Travel_Rarely,Research & Development,Life Sciences,0,Manufacturing Director,Married,0,1,4.271613342409802,2.142857142857143,1.6308243727598568,1.9642857142857142,3.75,0.0,3.333333333333333,3.285714285714285,3.333333333333333,1.25,3.333333333333333,0.9634043450748786,2.0732784581409356,5.0,0.35714285714285676,0.0,1.6666666666666667,0.0,3.3333333333333335,0.875,1.6666666666666667,3.333333333333333,0.375,0.5555555555555556,0.3333333333333333,0.29411764705882354,0.0,1.0,1.0,0.0,1.0,0.0,0.0,0.0,0.0,0.0,0.0,0.0,0.0,1.0,0.0,0.0,0.0,0.0,1.0,0.0,1.0
Travel_Rarely,Sales,Marketing,1,Sales Executive,Single,0,0,0.19400953029271611,1.6666666666666665,2.956989247311828,1.6071428571428572,2.5,0.0,5.0,1.7857142857142856,3.333333333333333,1.25,5.0,1.1566652604935668,3.9367596868098778,0.5555555555555556,0.35714285714285676,0.0,5.0,0.0,0.0,1.25,1.6666666666666667,1.6666666666666667,1.25,1.9444444444444446,0.0,2.3529411764705883,0.0,1.0,0.0,1.0,0.0,1.0,0.0,0.0,0.0,1.0,0.0,0.0,0.0,0.0,0.0,0.0,1.0,0.0,0.0,1.0,0.0
Travel_Rarely,Research & Development,Medical,1,Research Scientist,Married,0,0,2.168141592920354,1.1904761904761902,3.7777777777777777,1.4285714285714286,2.5,0.0,5.0,4.571428571428571,3.333333333333333,0.0,5.0,0.27974056106306683,0.10419594458943987,0.5555555555555556,4.2857142857142865,5.0,5.0,0.0,1.6666666666666667,0.625,2.5,1.6666666666666667,0.625,0.5555555555555556,0.0,1.1764705882352942,0.0,1.0,1.0,0.0,0.0,0.0,1.0,0.0,0.0,1.0,0.0,0.0,0.0,0.0,0.0,1.0,0.0,0.0,1.0,0.0,0.0
Travel_Rarely,Sales,Marketing,0,Sales Executive,Divorced,0,0,4.360108917631042,3.3333333333333335,1.5125448028673836,0.0,1.25,0.0,1.6666666666666667,4.428571428571429,3.333333333333333,2.5,0.0,2.4899810166631506,0.008632804657699278,0.5555555555555556,5.0,5.0,3.333333333333333,0.0,5.0,3.0,1.6666666666666667,3.333333333333333,3.0,3.611111111111111,5.0,2.058823529411765,0.0,1.0,0.0,1.0,0.0,1.0,0.0,0.0,0.0,0.0,0.0,0.0,0.0,0.0,0.0,0.0,1.0,0.0,0.0,0.0,0.0
Travel_Frequently,Human Resources,Medical,1,Human Resources,Married,0,0,3.512593601089176,0.714285714285714,2.8422939068100357,1.6071428571428572,2.5,0.0,0.0,2.0714285714285716,3.333333333333333,0.0,5.0,0.29951487028053153,0.0006022886970488139,0.0,1.0714285714285712,0.0,5.0,0.0,1.6666666666666667,0.375,1.6666666666666667,3.333333333333333,0.25,0.5555555555555556,0.6666666666666666,0.29411764705882354,1.0,0.0,0.0,0.0,0.0,0.0,1.0,0.0,0.0,1.0,1.0,0.0,0.0,0.0,0.0,0.0,0.0,0.0,1.0,0.0,0.0
Travel_Frequently,Sales,Life Sciences,1,Sales Executive,Married,0,1,3.287950987066031,1.1904761904761902,2.4336917562724016,0.0,1.25,0.0,3.333333333333333,0.8571428571428572,1.6666666666666667,1.25,5.0,1.5358046825564227,3.4452921100180687,0.5555555555555556,0.35714285714285676,0.0,3.333333333333333,0.0,1.6666666666666667,0.875,1.6666666666666667,3.333333333333333,0.875,1.9444444444444446,0.0,2.058823529411765,1.0,0.0,0.0,1.0,1.0,0.0,0.0,0.0,0.0,1.0,0.0,0.0,0.0,0.0,0.0,0.0,1.0,0.0,1.0,0.0,1.0
Non-Travel,Research & Development,Technical Degree,1,Research Scientist,Married,0,0,0.585432266848196,2.857142857142857,0.8996415770609318,1.6071428571428572,3.75,0.0,3.333333333333333,0.5714285714285712,3.333333333333333,0.0,3.333333333333333,0.5080679181607255,0.8165027102991369,1.6666666666666667,3.928571428571429,5.0,1.6666666666666667,0.0,3.3333333333333335,1.25,0.8333333333333334,1.6666666666666667,0.75,0.8333333333333334,1.0,0.8823529411764706,0.0,0.0,1.0,0.0,0.0,0.0,0.0,0.0,1.0,1.0,0.0,0.0,0.0,0.0,0.0,1.0,0.0,0.0,1.0,0.0,0.0
Travel_Rarely,Research & Development,Life Sciences,1,Research Director,Divorced,0,1,1.531654186521443,3.6904761904761902,4.089605734767025,3.035714285714286,3.75,0.0,5.0,1.9999999999999996,1.6666666666666667,5.0,3.333333333333333,4.875817338114322,0.006223649869504133,0.5555555555555556,2.1428571428571423,0.0,3.333333333333333,0.0,1.6666666666666667,3.875,4.166666666666667,3.333333333333333,3.875,2.5,0.0,2.6470588235294117,0.0,1.0,1.0,0.0,1.0,0.0,0.0,0.0,0.0,1.0,0.0,0.0,0.0,0.0,1.0,0.0,0.0,0.0,0.0,0.0,1.0
Non-Travel,Sales,Other,1,Sales Executive,Married,0,0,0.4254594962559564,1.6666666666666665,4.910394265232975,1.7857142857142858,3.75,0.0,5.0,2.142857142857143,5.0,1.25,3.333333333333333,0.9750052731491246,4.380646456534833,4.444444444444445,0.35714285714285676,0.0,5.0,0.0,0.0,0.75,1.6666666666666667,3.333333333333333,0.5,0.5555555555555556,0.3333333333333333,0.5882352941176471,0.0,0.0,0.0,1.0,0.0,0.0,0.0,1.0,0.0,1.0,0.0,0.0,0.0,0.0,0.0,0.0,1.0,0.0,1.0,0.0,0.0
Travel_Rarely,Research & Development,Medical,1,Laboratory Technician,Married,0,0,3.1994554118447924,3.809523809523809,0.8028673835125448,0.0,2.5,0.0,3.333333333333333,3.9999999999999996,1.6666666666666667,0.0,3.333333333333333,0.7068656401603037,0.2672154185906445,1.1111111111111112,1.4285714285714288,0.0,5.0,0.0,1.6666666666666667,0.625,1.6666666666666667,1.6666666666666667,0.375,0.5555555555555556,0.0,0.5882352941176471,0.0,1.0,1.0,0.0,0.0,0.0,1.0,0.0,0.0,1.0,0.0,1.0,0.0,0.0,0.0,0.0,0.0,0.0,1.0,0.0,0.0
Travel_Rarely,Research & Development,Medical,1,Research Director,Divorced,0,0,1.803948264125255,2.619047619047619,4.702508960573477,0.17857142857142858,1.25,0.0,0.0,1.3571428571428572,3.333333333333333,5.0,3.333333333333333,4.858415946002952,0.7739409757076894,0.0,2.8571428571428568,0.0,5.0,0.0,1.6666666666666667,2.75,4.166666666666667,3.333333333333333,2.625,1.9444444444444446,1.0,2.6470588235294117,0.0,1.0,1.0,0.0,0.0,0.0,1.0,0.0,0.0,1.0,0.0,0.0,0.0,0.0,1.0,0.0,0.0,0.0,0.0,0.0,0.0
Travel_Rarely,Research & Development,Life Sciences,0,Manufacturing Director,Single,0,1,2.916950306330837,4.880952380952381,2.1899641577060933,0.17857142857142858,2.5,0.0,3.333333333333333,2.785714285714285,1.6666666666666667,3.75,5.0,3.352931870913309,3.962055812085927,1.6666666666666667,0.7142857142857144,0.0,0.0,0.0,0.0,3.75,3.3333333333333335,3.333333333333333,0.625,0.8333333333333334,1.3333333333333333,0.8823529411764706,0.0,1.0,1.0,0.0,1.0,0.0,0.0,0.0,0.0,0.0,0.0,0.0,0.0,1.0,0.0,0.0,0.0,0.0,0.0,1.0,1.0
Travel_Frequently,Human Resources,Human Resources,0,Human Resources,Married,0,0,2.4268209666439753,1.0714285714285712,4.419354838709677,3.7500000000000004,2.5,0.0,0.0,1.9999999999999996,1.6666666666666667,0.0,1.6666666666666667,0.48882092385572656,3.505520979722947,0.5555555555555556,0.35714285714285676,0.0,0.0,0.0,0.0,0.125,1.6666666666666667,3.333333333333333,0.125,0.0,0.0,0.0,1.0,0.0,0.0,0.0,0.0,0.0,0.0,0.0,0.0,0.0,1.0,0.0,0.0,0.0,0.0,0.0,0.0,0.0,1.0,0.0,0.0
Travel_Rarely,Research & Development,Medical,1,Laboratory Technician,Married,0,0,0.3063308373042886,1.9047619047619047,3.774193548387097,0.7142857142857143,1.25,0.0,1.6666666666666667,1.9285714285714284,1.6666666666666667,1.25,5.0,0.7849082472052309,1.9710901425416585,0.5555555555555556,1.0714285714285712,0.0,3.333333333333333,0.0,1.6666666666666667,1.875,2.5,5.0,1.875,2.7777777777777777,1.3333333333333333,3.823529411764706,0.0,1.0,1.0,0.0,0.0,0.0,1.0,0.0,0.0,1.0,0.0,1.0,0.0,0.0,0.0,0.0,0.0,0.0,1.0,0.0,0.0
Travel_Rarely,Sales,Life Sciences,1,Sales Executive,Married,0,0,4.836623553437713,0.833333333333333,3.064516129032258,4.821428571428571,2.5,0.0,0.0,0.7857142857142856,1.6666666666666667,1.25,3.333333333333333,2.0117063910567388,4.56554908652881,1.1111111111111112,2.5,0.0,5.0,0.0,0.0,0.75,2.5,3.333333333333333,0.25,0.5555555555555556,0.6666666666666666,0.5882352941176471,0.0,1.0,0.0,1.0,1.0,0.0,0.0,0.0,0.0,1.0,0.0,0.0,0.0,0.0,0.0,0.0,1.0,0.0,1.0,0.0,0.0
Non-Travel,Research & Development,Life Sciences,1,Healthcare Representative,Married,0,0,0.6160653505786249,2.4999999999999996,4.949820788530466,4.285714285714286,1.25,0.0,3.333333333333333,2.9285714285714284,3.333333333333333,2.5,3.333333333333333,2.6131090487238975,0.2720337281670347,1.6666666666666667,3.571428571428571,5.0,1.6666666666666667,0.0,1.6666666666666667,1.625,1.6666666666666667,3.333333333333333,0.75,1.1111111111111112,0.0,1.4705882352941178,0.0,0.0,1.0,0.0,1.0,0.0,0.0,0.0,0.0,1.0,0.0,0.0,0.0,0.0,0.0,0.0,0.0,0.0,1.0,0.0,0.0
Travel_Frequently,Research & Development,Life Sciences,1,Research Scientist,Married,0,1,2.978216473791695,0.9523809523809521,0.8530465949820789,0.17857142857142858,2.5,0.0,0.0,1.9285714285714284,3.333333333333333,0.0,0.0,0.2723581522885467,2.6605099377635013,3.3333333333333335,1.0714285714285712,0.0,1.6666666666666667,0.0,1.6666666666666667,0.75,1.6666666666666667,3.333333333333333,0.375,0.5555555555555556,0.3333333333333333,0.5882352941176471,1.0,0.0,1.0,0.0,1.0,0.0,0.0,0.0,0.0,1.0,0.0,0.0,0.0,0.0,0.0,1.0,0.0,0.0,1.0,0.0,1.0
Travel_Rarely,Research & Development,Technical Degree,1,Healthcare Representative,Married,0,0,3.2947583390061266,2.619047619047619,4.974910394265233,3.3928571428571432,3.75,0.0,0.0,2.214285714285714,3.333333333333333,2.5,5.0,2.4554418898966457,4.908251355149568,2.2222222222222223,3.2142857142857144,5.0,5.0,0.0,1.6666666666666667,1.75,5.0,3.333333333333333,1.375,2.7777777777777777,3.6666666666666665,0.29411764705882354,0.0,1.0,1.0,0.0,0.0,0.0,0.0,0.0,1.0,1.0,0.0,0.0,0.0,0.0,0.0,0.0,0.0,0.0,1.0,0.0,0.0
Travel_Rarely,Sales,Life Sciences,0,Sales Executive,Married,0,0,2.675289312457454,2.4999999999999996,4.39068100358423,0.5357142857142857,3.75,0.0,5.0,1.214285714285714,1.6666666666666667,1.25,3.333333333333333,1.290075933347395,2.5087331861072073,2.2222222222222223,1.0714285714285712,0.0,3.333333333333333,0.0,1.6666666666666667,2.125,0.8333333333333334,5.0,1.875,3.055555555555556,1.6666666666666665,2.6470588235294117,0.0,1.0,0.0,1.0,1.0,0.0,0.0,0.0,0.0,0.0,0.0,0.0,0.0,0.0,0.0,0.0,1.0,0.0,1.0,0.0,0.0
Travel_Rarely,Sales,Marketing,0,Sales Executive,Married,0,0,1.4091218515997275,3.6904761904761902,3.870967741935484,1.7857142857142858,2.5,0.0,3.333333333333333,0.9285714285714284,3.333333333333333,2.5,5.0,1.7520037966673698,0.756073077695242,0.5555555555555556,2.5,0.0,0.0,0.0,3.3333333333333335,1.125,2.5,5.0,1.125,2.2222222222222223,2.333333333333333,2.058823529411765,0.0,1.0,0.0,1.0,0.0,1.0,0.0,0.0,0.0,0.0,0.0,0.0,0.0,0.0,0.0,0.0,1.0,0.0,1.0,0.0,0.0
Travel_Rarely,Sales,Marketing,0,Sales Executive,Single,0,1,0.8543226684819605,1.1904761904761902,4.913978494623656,2.1428571428571432,1.25,0.0,5.0,3.857142857142857,3.333333333333333,1.25,3.333333333333333,2.3320502003796664,4.267817707287693,1.6666666666666667,0.0,0.0,5.0,0.0,0.0,0.75,0.0,3.333333333333333,0.25,0.0,0.6666666666666666,0.5882352941176471,0.0,1.0,0.0,1.0,0.0,1.0,0.0,0.0,0.0,0.0,0.0,0.0,0.0,0.0,0.0,0.0,1.0,0.0,0.0,1.0,1.0
Travel_Rarely,Sales,Medical,0,Sales Representative,Married,0,0,0.23485364193328795,1.0714285714285712,2.2365591397849465,3.9285714285714293,0.0,0.0,1.6666666666666667,0.4285714285714284,1.6666666666666667,1.25,3.333333333333333,0.6673170217253743,0.9885565147560731,0.5555555555555556,3.571428571428571,5.0,5.0,0.0,1.6666666666666667,1.125,4.166666666666667,3.333333333333333,1.125,2.2222222222222223,1.6666666666666665,2.3529411764705883,0.0,1.0,0.0,1.0,0.0,0.0,1.0,0.0,0.0,0.0,0.0,0.0,0.0,0.0,0.0,0.0,0.0,1.0,1.0,0.0,0.0
Travel_Rarely,Research & Development,Life Sciences,0,Research Scientist,Divorced,0,0,2.733151803948264,1.3095238095238093,3.5949820788530467,4.821428571428571,3.75,0.0,3.333333333333333,4.5,3.333333333333333,0.0,5.0,0.3968044716304577,4.993776350130496,2.2222222222222223,3.928571428571429,5.0,0.0,0.0,1.6666666666666667,1.375,0.8333333333333334,3.333333333333333,0.875,1.3888888888888888,0.3333333333333333,2.058823529411765,0.0,1.0,1.0,0.0,1.0,0.0,0.0,0.0,0.0,0.0,0.0,0.0,0.0,0.0,0.0,1.0,0.0,0.0,0.0,0.0,0.0
Travel_Frequently,Research & Development,Medical,1,Healthcare Representative,Single,0,0,0.4458815520762423,3.214285714285714,4.275985663082437,0.0,3.75,0.0,1.6666666666666667,1.0,3.333333333333333,1.25,3.333333333333333,1.1574562328622653,2.4928729170849224,2.2222222222222223,0.35714285714285676,0.0,3.333333333333333,0.0,0.0,1.5,2.5,3.333333333333333,0.5,0.5555555555555556,0.0,0.8823529411764706,1.0,0.0,1.0,0.0,0.0,0.0,1.0,0.0,0.0,1.0,0.0,0.0,0.0,0.0,0.0,0.0,0.0,0.0,0.0,1.0,0.0
Travel_Rarely,Research & Development,Life Sciences,1,Research Scientist,Single,0,1,1.0211027910142954,3.0952380952380953,3.5591397849462365,1.6071428571428572,3.75,0.0,3.333333333333333,4.7142857142857135,3.333333333333333,0.0,3.333333333333333,0.5080679181607255,1.7530616342099983,0.5555555555555556,0.0,0.0,3.333333333333333,0.0,0.0,0.75,3.3333333333333335,3.333333333333333,0.75,1.1111111111111112,0.0,0.5882352941176471,0.0,1.0,1.0,0.0,1.0,0.0,0.0,0.0,0.0,1.0,0.0,0.0,0.0,0.0,0.0,1.0,0.0,0.0,0.0,1.0,1.0
Non-Travel,Research & Development,Medical,0,Healthcare Representative,Divorced,0,0,3.3526208304969365,1.6666666666666665,3.7347670250896057,2.5000000000000004,3.75,0.0,3.333333333333333,0.2857142857142856,3.333333333333333,1.25,5.0,1.4917738873655346,2.9006223649869503,2.7777777777777777,2.5,0.0,1.6666666666666667,0.0,1.6666666666666667,1.125,5.0,3.333333333333333,0.625,0.2777777777777778,0.3333333333333333,0.5882352941176471,0.0,0.0,1.0,0.0,0.0,0.0,1.0,0.0,0.0,0.0,0.0,0.0,0.0,0.0,0.0,0.0,0.0,0.0,0.0,0.0,0.0
Travel_Frequently,Sales,Life Sciences,0,Sales Executive,Married,0,0,1.1095983662355342,3.214285714285714,0.7240143369175627,4.464285714285714,3.75,0.0,0.0,5.0,3.333333333333333,1.25,0.0,0.8640054840750897,0.7098976109215018,1.1111111111111112,1.0714285714285712,0.0,5.0,0.0,3.3333333333333335,0.625,3.3333333333333335,3.333333333333333,0.125,0.2777777777777778,0.0,0.0,1.0,0.0,0.0,1.0,1.0,0.0,0.0,0.0,0.0,0.0,0.0,0.0,0.0,0.0,0.0,0.0,1.0,0.0,1.0,0.0,0.0
Travel_Frequently,Research & Development,Life Sciences,1,Laboratory Technician,Divorced,0,1,4.884275017018379,4.761904761904761,2.4265232974910393,0.17857142857142858,0.0,0.0,5.0,1.9285714285714284,1.6666666666666667,0.0,5.0,0.3614743724952541,2.2666131298935954,5.0,1.0714285714285712,0.0,5.0,0.0,1.6666666666666667,0.375,2.5,1.6666666666666667,0.125,0.0,0.0,0.0,1.0,0.0,1.0,0.0,1.0,0.0,0.0,0.0,0.0,1.0,0.0,1.0,0.0,0.0,0.0,0.0,0.0,0.0,0.0,0.0,1.0
Travel_Rarely,Research & Development,Medical,1,Research Scientist,Single,0,0,3.7134104833219874,0.9523809523809521,2.075268817204301,0.17857142857142858,0.0,0.0,0.0,0.4285714285714284,1.6666666666666667,0.0,5.0,0.7632883357941362,0.3926922304758081,0.0,0.35714285714285676,0.0,5.0,0.0,0.0,0.625,1.6666666666666667,3.333333333333333,0.5,0.8333333333333334,0.3333333333333333,0.29411764705882354,0.0,1.0,1.0,0.0,0.0,0.0,1.0,0.0,0.0,1.0,0.0,0.0,0.0,0.0,0.0,1.0,0.0,0.0,0.0,1.0,0.0
Travel_Rarely,Research & Development,Technical Degree,1,Research Scientist,Divorced,0,1,1.698434309053778,4.0476190476190474,3.053763440860215,0.8928571428571428,1.25,0.0,5.0,3.4285714285714284,3.333333333333333,1.25,0.0,1.2043872600717147,4.013852640032122,1.6666666666666667,0.35714285714285676,0.0,1.6666666666666667,0.0,3.3333333333333335,2.25,2.5,3.333333333333333,1.25,2.5,2.0,2.6470588235294117,0.0,1.0,1.0,0.0,0.0,0.0,0.0,0.0,1.0,1.0,0.0,0.0,0.0,0.0,0.0,1.0,0.0,0.0,0.0,0.0,1.0
Travel_Frequently,Sales,Marketing,0,Sales Executive,Divorced,0,0,4.877467665078284,2.7380952380952377,3.2759856630824373,0.0,2.5,0.0,3.333333333333333,2.5714285714285716,3.333333333333333,1.25,0.0,0.8157561695844757,0.4422806665328248,0.0,2.1428571428571423,0.0,5.0,0.0,1.6666666666666667,1.25,1.6666666666666667,3.333333333333333,1.125,0.8333333333333334,0.3333333333333333,2.058823529411765,1.0,0.0,0.0,1.0,0.0,1.0,0.0,0.0,0.0,0.0,0.0,0.0,0.0,0.0,0.0,0.0,1.0,0.0,0.0,0.0,0.0
Travel_Rarely,Research & Development,Technical Degree,1,Healthcare Representative,Divorced,0,0,2.831858407079646,3.214285714285714,1.5555555555555556,0.0,3.75,0.0,0.0,2.5714285714285716,3.333333333333333,2.5,1.6666666666666667,1.69584475848977,3.7821722545673557,0.5555555555555556,0.35714285714285676,0.0,0.0,0.0,5.0,1.25,3.3333333333333335,3.333333333333333,1.25,2.2222222222222223,2.333333333333333,2.058823529411765,0.0,1.0,1.0,0.0,0.0,0.0,0.0,0.0,1.0,1.0,0.0,0.0,0.0,0.0,0.0,0.0,0.0,0.0,0.0,0.0,0.0
Travel_Frequently,Research & Development,Medical,1,Healthcare Representative,Single,0,0,1.2389380530973448,1.9047619047619047,2.025089605734767,0.0,2.5,0.0,5.0,4.785714285714285,1.6666666666666667,1.25,0.0,1.142691415313225,4.7502509536237705,0.0,3.2142857142857144,5.0,3.333333333333333,0.0,0.0,1.75,2.5,3.333333333333333,1.625,2.5,1.3333333333333333,2.6470588235294117,1.0,0.0,1.0,0.0,0.0,0.0,1.0,0.0,0.0,1.0,0.0,0.0,0.0,0.0,0.0,0.0,0.0,0.0,0.0,1.0,0.0
Travel_Rarely,Research & Development,Medical,1,Research Scientist,Divorced,0,1,1.6848196051735873,2.2619047619047614,4.354838709677419,0.8928571428571428,2.5,0.0,3.333333333333333,1.5,5.0,1.25,0.0,1.309059270196161,2.9927725356354147,2.2222222222222223,0.7142857142857144,0.0,0.0,0.0,3.3333333333333335,1.625,1.6666666666666667,3.333333333333333,0.875,1.9444444444444446,2.0,2.058823529411765,0.0,1.0,1.0,0.0,0.0,0.0,1.0,0.0,0.0,1.0,0.0,0.0,0.0,0.0,0.0,1.0,0.0,0.0,0.0,0.0,1.0
Travel_Frequently,Research & Development,Medical,1,Laboratory Technician,Divorced,0,0,4.809394145677332,1.1904761904761902,3.2437275985663083,0.0,2.5,0.0,0.0,1.0714285714285712,1.6666666666666667,0.0,1.6666666666666667,0.41842438304155233,1.0170648464163823,0.5555555555555556,1.4285714285714288,0.0,0.0,0.0,3.3333333333333335,0.125,1.6666666666666667,3.333333333333333,0.125,0.0,0.0,0.0,1.0,0.0,1.0,0.0,0.0,0.0,1.0,0.0,0.0,1.0,0.0,1.0,0.0,0.0,0.0,0.0,0.0,0.0,0.0,0.0,0.0
Travel_Rarely,Research & Development,Technical Degree,1,Laboratory Technician,Married,0,1,1.150442477876106,4.404761904761905,0.1541218637992831,3.3928571428571432,1.25,0.0,1.6666666666666667,0.5,3.333333333333333,1.25,5.0,1.161674752161991,2.786187512547681,1.6666666666666667,2.8571428571428568,0.0,5.0,0.0,1.6666666666666667,1.5,3.3333333333333335,3.333333333333333,1.25,1.9444444444444446,0.0,2.3529411764705883,0.0,1.0,1.0,0.0,0.0,0.0,0.0,0.0,1.0,1.0,0.0,1.0,0.0,0.0,0.0,0.0,0.0,0.0,1.0,0.0,1.0
Travel_Rarely,Research & Development,Life Sciences,0,Research Scientist,Married,0,1,1.4329475833900611,1.4285714285714284,0.1218637992831541,3.7500000000000004,2.5,0.0,0.0,1.2857142857142856,3.333333333333333,0.0,3.333333333333333,0.2960873233495043,1.8962055812085927,2.2222222222222223,0.0,0.0,1.6666666666666667,0.0,0.0,0.875,1.6666666666666667,3.333333333333333,0.625,0.5555555555555556,0.0,0.29411764705882354,0.0,1.0,1.0,0.0,1.0,0.0,0.0,0.0,0.0,0.0,0.0,0.0,0.0,0.0,0.0,1.0,0.0,0.0,1.0,0.0,1.0
Travel_Rarely,Sales,Medical,1,Sales Executive,Single,0,0,0.5582028590878149,4.404761904761905,1.1899641577060933,0.17857142857142858,0.0,0.0,3.333333333333333,0.5,3.333333333333333,1.25,5.0,1.0944421008226113,3.8998193133908856,2.2222222222222223,1.7857142857142856,0.0,3.333333333333333,0.0,0.0,1.5,2.5,1.6666666666666667,1.125,1.9444444444444446,2.333333333333333,0.8823529411764706,0.0,1.0,0.0,1.0,0.0,0.0,1.0,0.0,0.0,1.0,0.0,0.0,0.0,0.0,0.0,0.0,1.0,0.0,0.0,1.0,0.0
Travel_Rarely,Human Resources,Medical,1,Human Resources,Married,0,0,0.09530292716133423,4.880952380952381,2.5591397849462365,0.8928571428571428,1.25,0.0,1.6666666666666667,1.5714285714285712,3.333333333333333,0.0,3.333333333333333,0.3316810799409407,4.7305761895201766,4.444444444444445,2.1428571428571423,0.0,5.0,0.0,0.0,0.875,1.6666666666666667,1.6666666666666667,0.25,0.5555555555555556,0.6666666666666666,0.5882352941176471,0.0,1.0,0.0,0.0,0.0,0.0,1.0,0.0,0.0,1.0,1.0,0.0,0.0,0.0,0.0,0.0,0.0,0.0,1.0,0.0,0.0
Travel_Frequently,Research & Development,Medical,1,Laboratory Technician,Divorced,0,1,1.756296800544588,2.976190476190476,3.2150537634408605,1.4285714285714286,5.0,0.0,5.0,2.9999999999999996,3.333333333333333,1.25,3.333333333333333,1.2312803206074667,3.519975908452118,1.6666666666666667,0.7142857142857144,0.0,1.6666666666666667,0.0,1.6666666666666667,1.25,2.5,3.333333333333333,1.0,1.9444444444444446,1.3333333333333333,2.058823529411765,1.0,0.0,1.0,0.0,0.0,0.0,1.0,0.0,0.0,1.0,0.0,1.0,0.0,0.0,0.0,0.0,0.0,0.0,0.0,0.0,1.0
Travel_Frequently,Sales,Life Sciences,1,Sales Representative,Married,0,0,0.6569094622191967,1.5476190476190474,2.4695340501792113,3.3928571428571432,2.5,0.0,3.333333333333333,2.642857142857143,5.0,0.0,5.0,0.4698375870069605,3.9925717727363983,0.0,0.35714285714285676,0.0,0.0,0.0,1.6666666666666667,0.375,3.3333333333333335,3.333333333333333,0.25,0.5555555555555556,0.6666666666666666,0.5882352941176471,1.0,0.0,0.0,1.0,1.0,0.0,0.0,0.0,0.0,1.0,0.0,0.0,0.0,0.0,0.0,0.0,0.0,1.0,1.0,0.0,0.0
Travel_Rarely,Research & Development,Medical,0,Research Scientist,Married,0,0,3.1722260040844112,1.6666666666666665,1.913978494623656,1.25,1.25,0.0,3.333333333333333,4.357142857142858,5.0,1.25,3.333333333333333,1.098396962666104,4.028909857458341,2.7777777777777777,0.35714285714285676,0.0,3.333333333333333,0.0,1.6666666666666667,1.125,2.5,1.6666666666666667,0.625,0.8333333333333334,0.3333333333333333,0.8823529411764706,0.0,1.0,1.0,0.0,0.0,0.0,1.0,0.0,0.0,0.0,0.0,0.0,0.0,0.0,0.0,1.0,0.0,0.0,1.0,0.0,0.0
Travel_Rarely,Research & Development,Life Sciences,1,Laboratory Technician,Married,0,0,4.5405037440435665,1.0714285714285712,4.562724014336918,1.7857142857142858,0.0,0.0,1.6666666666666667,4.357142857142858,3.333333333333333,0.0,0.0,0.28738662729381986,1.121260791005822,0.0,1.0714285714285712,0.0,1.6666666666666667,0.0,0.0,0.75,2.5,5.0,0.625,0.0,0.3333333333333333,1.1764705882352942,0.0,1.0,1.0,0.0,1.0,0.0,0.0,0.0,0.0,1.0,0.0,1.0,0.0,0.0,0.0,0.0,0.0,0.0,1.0,0.0,0.0
Travel_Rarely,Research & Development,Medical,0,Research Scientist,Single,0,0,4.537100068073519,2.0238095238095233,4.440860215053763,4.642857142857142,0.0,0.0,3.333333333333333,1.6428571428571428,1.6666666666666667,0.0,0.0,0.40866905716093643,3.1636217626982535,0.5555555555555556,0.0,0.0,5.0,0.0,0.0,0.75,2.5,1.6666666666666667,0.75,1.3888888888888888,0.3333333333333333,0.29411764705882354,0.0,1.0,1.0,0.0,0.0,0.0,1.0,0.0,0.0,0.0,0.0,0.0,0.0,0.0,0.0,1.0,0.0,0.0,0.0,1.0,0.0
Travel_Rarely,Sales,Marketing,1,Sales Executive,Married,0,0,0.5752212389380531,2.857142857142857,2.1039426523297493,1.25,3.75,0.0,3.333333333333333,1.2857142857142856,3.333333333333333,1.25,1.6666666666666667,1.533431765450327,3.830355350331259,0.0,0.0,0.0,5.0,0.0,1.6666666666666667,1.25,1.6666666666666667,3.333333333333333,1.125,1.9444444444444446,1.3333333333333333,0.5882352941176471,0.0,1.0,0.0,1.0,0.0,1.0,0.0,0.0,0.0,1.0,0.0,0.0,0.0,0.0,0.0,0.0,1.0,0.0,1.0,0.0,0.0
Travel_Rarely,Sales,Life Sciences,1,Manager,Single,0,0,0.5684138869979578,2.7380952380952377,0.8243727598566308,0.17857142857142858,3.75,0.0,5.0,4.142857142857142,3.333333333333333,3.75,1.6666666666666667,3.9564437882303305,2.770929532222445,0.5555555555555556,2.8571428571428568,0.0,1.6666666666666667,0.0,0.0,2.75,1.6666666666666667,3.333333333333333,2.75,2.7777777777777777,0.0,1.1764705882352942,0.0,1.0,0.0,1.0,1.0,0.0,0.0,0.0,0.0,1.0,0.0,0.0,1.0,0.0,0.0,0.0,0.0,0.0,0.0,1.0,0.0
Travel_Rarely,Research & Development,Life Sciences,0,Research Scientist,Single,0,0,2.219196732471069,3.214285714285714,0.5304659498207884,0.17857142857142858,2.5,0.0,1.6666666666666667,4.642857142857142,1.6666666666666667,0.0,3.333333333333333,0.33352668213457076,0.8148966071070067,0.5555555555555556,1.0714285714285712,0.0,5.0,0.0,0.0,0.125,2.5,3.333333333333333,0.125,0.0,0.0,0.0,0.0,1.0,1.0,0.0,1.0,0.0,0.0,0.0,0.0,0.0,0.0,0.0,0.0,0.0,0.0,1.0,0.0,0.0,0.0,1.0,0.0
Travel_Rarely,Sales,Life Sciences,1,Manager,Divorced,0,0,0.5888359428182437,1.5476190476190474,2.0931899641577063,1.0714285714285714,2.5,0.0,3.333333333333333,1.0,1.6666666666666667,2.5,5.0,2.7810588483442307,4.657096968480225,5.0,3.571428571428571,5.0,3.333333333333333,0.0,1.6666666666666667,1.25,2.5,1.6666666666666667,0.625,1.1111111111111112,0.0,0.29411764705882354,0.0,1.0,0.0,1.0,1.0,0.0,0.0,0.0,0.0,1.0,0.0,0.0,1.0,0.0,0.0,0.0,0.0,0.0,0.0,0.0,0.0
Travel_Rarely,Research & Development,Medical,0,Research Scientist,Married,0,0,1.7631041524846833,1.4285714285714284,4.197132616487456,4.821428571428571,1.25,0.0,5.0,2.4285714285714284,3.333333333333333,1.25,5.0,1.2565914364058215,1.9755069263200162,0.5555555555555556,0.7142857142857144,0.0,5.0,0.0,3.3333333333333335,1.375,1.6666666666666667,3.333333333333333,1.25,2.2222222222222223,0.3333333333333333,2.6470588235294117,0.0,1.0,1.0,0.0,0.0,0.0,1.0,0.0,0.0,0.0,0.0,0.0,0.0,0.0,0.0,1.0,0.0,0.0,1.0,0.0,0.0
Travel_Rarely,Research & Development,Life Sciences,1,Laboratory Technician,Divorced,0,0,4.046970728386658,1.5476190476190474,0.7419354838709677,3.3928571428571432,2.5,0.0,1.6666666666666667,4.2142857142857135,3.333333333333333,1.25,3.333333333333333,0.8405399704703649,3.3186107207388074,0.5555555555555556,0.0,0.0,0.0,0.0,1.6666666666666667,1.25,1.6666666666666667,3.333333333333333,1.25,2.2222222222222223,0.0,0.5882352941176471,0.0,1.0,1.0,0.0,1.0,0.0,0.0,0.0,0.0,1.0,0.0,1.0,0.0,0.0,0.0,0.0,0.0,0.0,0.0,0.0,0.0
Travel_Rarely,Research & Development,Technical Degree,0,Manufacturing Director,Single,0,0,3.9380530973451324,2.2619047619047614,2.4910394265232974,0.0,2.5,0.0,1.6666666666666667,2.0714285714285716,3.333333333333333,2.5,5.0,1.709027631301413,4.367396105199759,2.2222222222222223,2.1428571428571423,0.0,5.0,0.0,0.0,1.5,2.5,5.0,0.75,1.3888888888888888,0.3333333333333333,0.5882352941176471,0.0,1.0,1.0,0.0,0.0,0.0,0.0,0.0,1.0,0.0,0.0,0.0,0.0,1.0,0.0,0.0,0.0,0.0,0.0,1.0,0.0
Travel_Frequently,Research & Development,Life Sciences,0,Manufacturing Director,Divorced,0,0,3.104152484683458,2.142857142857143,2.0931899641577063,0.5357142857142857,1.25,0.0,5.0,4.785714285714285,3.333333333333333,1.25,1.6666666666666667,1.0867960345918581,1.4250150572174263,3.8888888888888893,0.7142857142857144,0.0,1.6666666666666667,0.0,5.0,2.25,2.5,3.333333333333333,0.5,0.5555555555555556,0.0,0.5882352941176471,1.0,0.0,1.0,0.0,1.0,0.0,0.0,0.0,0.0,0.0,0.0,0.0,0.0,1.0,0.0,0.0,0.0,0.0,0.0,0.0,0.0
Travel_Rarely,Research & Development,Technical Degree,0,Research Director,Married,0,0,1.6712049012933967,2.380952380952381,4.405017921146953,0.0,2.5,0.0,5.0,3.5714285714285707,3.333333333333333,2.5,0.0,3.3149651972157765,2.850431640232885,0.5555555555555556,0.7142857142857144,0.0,1.6666666666666667,0.0,1.6666666666666667,1.875,2.5,3.333333333333333,1.875,3.3333333333333335,1.6666666666666665,3.235294117647059,0.0,1.0,1.0,0.0,0.0,0.0,0.0,0.0,1.0,0.0,0.0,0.0,0.0,0.0,1.0,0.0,0.0,0.0,1.0,0.0,0.0
Travel_Rarely,Research & Development,Life Sciences,1,Research Scientist,Married,0,0,0.24846834581347854,4.880952380952381,0.13620071684587814,0.3571428571428571,2.5,0.0,3.333333333333333,2.857142857142857,1.6666666666666667,0.0,5.0,0.3079519088799831,1.2772535635414577,1.6666666666666667,2.1428571428571423,0.0,0.0,0.0,1.6666666666666667,0.875,5.0,3.333333333333333,0.125,0.0,0.0,0.0,0.0,1.0,1.0,0.0,1.0,0.0,0.0,0.0,0.0,1.0,0.0,0.0,0.0,0.0,0.0,1.0,0.0,0.0,1.0,0.0,0.0
Travel_Rarely,Research & Development,Technical Degree,1,Manufacturing Director,Divorced,0,0,4.1763104152484685,3.3333333333333335,0.1648745519713261,0.17857142857142858,3.75,0.0,5.0,2.142857142857143,3.333333333333333,1.25,5.0,1.6794979962033325,3.0795021080104394,1.1111111111111112,0.0,0.0,3.333333333333333,0.0,1.6666666666666667,1.5,2.5,1.6666666666666667,0.75,0.8333333333333334,0.3333333333333333,1.1764705882352942,0.0,1.0,1.0,0.0,0.0,0.0,0.0,0.0,1.0,1.0,0.0,0.0,0.0,1.0,0.0,0.0,0.0,0.0,0.0,0.0,0.0
Travel_Rarely,Sales,Marketing,0,Sales Executive,Single,0,1,1.9979577944179712,1.9047619047619047,0.09677419354838707,0.17857142857142858,2.5,0.0,3.333333333333333,3.9999999999999996,3.333333333333333,1.25,0.0,0.9304471630457709,0.7920096366191529,0.0,0.35714285714285676,0.0,5.0,0.0,0.0,0.5,2.5,3.333333333333333,0.375,0.5555555555555556,0.0,0.5882352941176471,0.0,1.0,0.0,1.0,0.0,1.0,0.0,0.0,0.0,0.0,0.0,0.0,0.0,0.0,0.0,0.0,1.0,0.0,0.0,1.0,1.0
Travel_Frequently,Research & Development,Life Sciences,1,Healthcare Representative,Divorced,0,0,2.5527569775357386,1.3095238095238093,3.193548387096774,0.17857142857142858,0.0,0.0,0.0,4.071428571428571,3.333333333333333,1.25,5.0,2.068129086690571,4.494880546075085,0.5555555555555556,2.8571428571428568,0.0,5.0,0.0,1.6666666666666667,0.75,0.0,5.0,0.75,1.1111111111111112,0.3333333333333333,0.8823529411764706,1.0,0.0,1.0,0.0,1.0,0.0,0.0,0.0,0.0,1.0,0.0,0.0,0.0,0.0,0.0,0.0,0.0,0.0,0.0,0.0,0.0
Travel_Frequently,Sales,Medical,1,Sales Executive,Divorced,0,0,2.236215112321307,1.6666666666666665,2.096774193548387,1.4285714285714286,1.25,0.0,5.0,0.3571428571428572,0.0,1.25,5.0,0.9647226323560429,4.159405741818912,0.0,2.1428571428571423,0.0,5.0,0.0,5.0,1.125,1.6666666666666667,5.0,1.0,1.9444444444444446,0.0,2.058823529411765,1.0,0.0,0.0,1.0,0.0,0.0,1.0,0.0,0.0,1.0,0.0,0.0,0.0,0.0,0.0,0.0,1.0,0.0,0.0,0.0,0.0
Non-Travel,Research & Development,Life Sciences,1,Laboratory Technician,Married,0,1,2.8658951667801227,3.214285714285714,0.5161290322580645,3.9285714285714293,1.25,0.0,5.0,0.8571428571428572,3.333333333333333,1.25,0.0,0.6918371651550306,2.398112828749247,0.5555555555555556,1.4285714285714288,0.0,3.333333333333333,0.0,1.6666666666666667,1.125,1.6666666666666667,3.333333333333333,1.125,2.2222222222222223,0.0,2.3529411764705883,0.0,0.0,1.0,0.0,1.0,0.0,0.0,0.0,0.0,1.0,0.0,1.0,0.0,0.0,0.0,0.0,0.0,0.0,1.0,0.0,1.0
Travel_Frequently,Research & Development,Life Sciences,0,Research Scientist,Single,0,0,0.7964601769911503,1.9047619047619047,2.14336917562724,2.678571428571429,3.75,0.0,3.333333333333333,5.0,1.6666666666666667,0.0,5.0,0.4070871124235393,1.2471391286890183,0.5555555555555556,1.7857142857142856,0.0,3.333333333333333,0.0,0.0,0.75,2.5,3.333333333333333,0.625,0.5555555555555556,0.3333333333333333,0.8823529411764706,1.0,0.0,1.0,0.0,1.0,0.0,0.0,0.0,0.0,0.0,0.0,0.0,0.0,0.0,0.0,1.0,0.0,0.0,0.0,1.0,0.0
Travel_Rarely,Research & Development,Life Sciences,1,Research Scientist,Single,0,1,2.4914908100748807,1.5476190476190474,1.0896057347670252,1.4285714285714286,3.75,0.0,3.333333333333333,0.8571428571428572,1.6666666666666667,0.0,1.6666666666666667,0.4345074878717569,1.0955631399317407,0.0,1.7857142857142856,0.0,5.0,0.0,0.0,0.375,4.166666666666667,3.333333333333333,0.25,0.5555555555555556,0.6666666666666666,0.5882352941176471,0.0,1.0,1.0,0.0,1.0,0.0,0.0,0.0,0.0,1.0,0.0,0.0,0.0,0.0,0.0,1.0,0.0,0.0,0.0,1.0,1.0
Travel_Rarely,Research & Development,Life Sciences,1,Laboratory Technician,Single,0,0,0.7283866575901974,2.0238095238095233,0.1433691756272401,3.7500000000000004,2.5,0.0,5.0,1.1428571428571428,0.0,0.0,3.333333333333333,0.8492406665260492,3.4392692230475808,0.0,1.4285714285714288,0.0,3.333333333333333,0.0,0.0,0.75,1.6666666666666667,3.333333333333333,0.625,1.1111111111111112,1.3333333333333333,0.8823529411764706,0.0,1.0,1.0,0.0,1.0,0.0,0.0,0.0,0.0,1.0,0.0,1.0,0.0,0.0,0.0,0.0,0.0,0.0,0.0,1.0,0.0
Travel_Frequently,Research & Development,Medical,0,Research Scientist,Divorced,0,0,0.5513955071477195,2.619047619047619,4.627240143369176,4.464285714285714,2.5,0.0,1.6666666666666667,1.714285714285714,3.333333333333333,1.25,1.6666666666666667,1.211769668846235,1.2868901826942383,0.5555555555555556,0.0,0.0,0.0,0.0,1.6666666666666667,2.5,1.6666666666666667,3.333333333333333,2.5,1.9444444444444446,0.6666666666666666,3.823529411764706,1.0,0.0,1.0,0.0,0.0,0.0,1.0,0.0,0.0,0.0,0.0,0.0,0.0,0.0,0.0,1.0,0.0,0.0,0.0,0.0,0.0
Travel_Rarely,Sales,Life Sciences,0,Sales Executive,Divorced,0,1,0.44928522804628995,2.2619047619047614,0.7347670250896057,1.6071428571428572,3.75,0.0,5.0,4.142857142857142,1.6666666666666667,1.25,5.0,1.498892638683822,4.4426821923308575,1.1111111111111112,1.0714285714285712,0.0,3.333333333333333,0.0,5.0,1.0,4.166666666666667,3.333333333333333,0.125,0.0,0.0,0.0,0.0,1.0,0.0,1.0,1.0,0.0,0.0,0.0,0.0,0.0,0.0,0.0,0.0,0.0,0.0,0.0,1.0,0.0,0.0,0.0,1.0
Travel_Rarely,Research & Development,Medical,1,Laboratory Technician,Married,0,0,4.887678692988428,1.4285714285714284,2.89247311827957,0.0,1.25,0.0,5.0,3.285714285714285,3.333333333333333,0.0,1.6666666666666667,0.7221577726218096,0.3981128287492472,0.5555555555555556,0.7142857142857144,0.0,3.333333333333333,0.0,0.0,1.5,5.0,1.6666666666666667,1.5,2.2222222222222223,0.3333333333333333,2.058823529411765,0.0,1.0,1.0,0.0,0.0,0.0,1.0,0.0,0.0,1.0,0.0,1.0,0.0,0.0,0.0,0.0,0.0,0.0,1.0,0.0,0.0
Travel_Rarely,Research & Development,Life Sciences,1,Manufacturing Director,Married,0,0,0.7556160653505786,2.380952380952381,4.146953405017921,0.17857142857142858,3.75,0.0,5.0,4.142857142857142,3.333333333333333,1.25,3.333333333333333,1.4617169373549883,1.0369403734189921,5.0,1.0714285714285712,0.0,1.6666666666666667,0.0,0.0,1.75,2.5,3.333333333333333,0.125,0.0,0.0,0.0,0.0,1.0,1.0,0.0,1.0,0.0,0.0,0.0,0.0,1.0,0.0,0.0,0.0,1.0,0.0,0.0,0.0,0.0,1.0,0.0,0.0
Travel_Frequently,Sales,Life Sciences,0,Sales Executive,Married,0,0,4.0912185159972765,1.7857142857142856,3.1039426523297493,1.0714285714285714,2.5,0.0,5.0,0.0,3.333333333333333,1.25,1.6666666666666667,0.8682240033748154,2.270026099176872,0.0,2.1428571428571423,0.0,3.333333333333333,0.0,1.6666666666666667,0.5,2.5,3.333333333333333,0.375,0.5555555555555556,0.0,0.5882352941176471,1.0,0.0,0.0,1.0,1.0,0.0,0.0,0.0,0.0,0.0,0.0,0.0,0.0,0.0,0.0,0.0,1.0,0.0,1.0,0.0,0.0
Non-Travel,Research & Development,Life Sciences,1,Manufacturing Director,Single,0,0,3.1790333560245063,2.142857142857143,0.4050179211469534,3.035714285714286,3.75,0.0,0.0,3.4285714285714284,3.333333333333333,1.25,5.0,1.7849609786964773,4.244930736799839,1.1111111111111112,3.2142857142857144,5.0,0.0,0.0,0.0,2.25,0.0,3.333333333333333,1.375,2.5,0.0,2.6470588235294117,0.0,0.0,1.0,0.0,1.0,0.0,0.0,0.0,0.0,1.0,0.0,0.0,0.0,1.0,0.0,0.0,0.0,0.0,0.0,1.0,0.0
Travel_Rarely,Research & Development,Technical Degree,1,Research Scientist,Single,0,0,0.6296800544588155,2.142857142857143,1.4408602150537635,0.3571428571428571,2.5,0.0,3.333333333333333,0.0,3.333333333333333,1.25,1.6666666666666667,0.9164733178654292,4.856655290102389,2.2222222222222223,0.35714285714285676,0.0,5.0,0.0,0.0,1.25,1.6666666666666667,3.333333333333333,1.0,0.0,2.333333333333333,2.058823529411765,0.0,1.0,1.0,0.0,0.0,0.0,0.0,0.0,1.0,1.0,0.0,0.0,0.0,0.0,0.0,1.0,0.0,0.0,0.0,1.0,0.0
Travel_Rarely,Research & Development,Medical,1,Healthcare Representative,Divorced,0,0,0.13955071477195372,2.4999999999999996,3.6845878136200714,0.0,2.5,0.0,3.333333333333333,1.2857142857142856,5.0,2.5,5.0,2.2685087534275463,1.7763501304958844,0.0,2.1428571428571423,0.0,0.0,0.0,5.0,2.375,4.166666666666667,1.6666666666666667,2.25,2.7777777777777777,1.0,2.058823529411765,0.0,1.0,1.0,0.0,0.0,0.0,1.0,0.0,0.0,1.0,0.0,0.0,0.0,0.0,0.0,0.0,0.0,0.0,0.0,0.0,0.0
Travel_Rarely,Sales,Technical Degree,1,Sales Executive,Married,0,0,2.355343771272975,1.5476190476190474,3.2222222222222223,0.7142857142857143,2.5,0.0,0.0,1.5,3.333333333333333,1.25,3.333333333333333,1.9344547563805101,3.7841798835575187,0.5555555555555556,2.8571428571428568,0.0,3.333333333333333,0.0,1.6666666666666667,0.75,2.5,3.333333333333333,0.625,0.5555555555555556,0.0,0.5882352941176471,0.0,1.0,0.0,1.0,0.0,0.0,0.0,0.0,1.0,1.0,0.0,0.0,0.0,0.0,0.0,0.0,1.0,0.0,1.0,0.0,0.0
Travel_Frequently,Research & Development,Life Sciences,1,Healthcare Representative,Divorced,0,0,0.36759700476514634,1.7857142857142856,4.272401433691757,0.8928571428571428,2.5,0.0,3.333333333333333,0.0,3.333333333333333,1.25,5.0,1.7707234760599027,0.6506725557117046,1.6666666666666667,4.2857142857142865,5.0,3.333333333333333,0.0,1.6666666666666667,1.875,1.6666666666666667,0.0,1.625,3.055555555555556,1.3333333333333333,2.058823529411765,1.0,0.0,1.0,0.0,1.0,0.0,0.0,0.0,0.0,1.0,0.0,0.0,0.0,0.0,0.0,0.0,0.0,0.0,0.0,0.0,0.0
Non-Travel,Sales,Medical,1,Sales Executive,Married,0,0,0.12933968686181074,1.1904761904761902,0.05734767025089604,0.5357142857142857,2.5,0.0,1.6666666666666667,0.9285714285714284,3.333333333333333,1.25,3.333333333333333,0.8468677494199535,1.3589640634410762,0.5555555555555556,1.4285714285714288,0.0,1.6666666666666667,0.0,0.0,0.625,2.5,5.0,0.625,1.1111111111111112,0.0,1.1764705882352942,0.0,0.0,0.0,1.0,0.0,0.0,1.0,0.0,0.0,1.0,0.0,0.0,0.0,0.0,0.0,0.0,1.0,0.0,1.0,0.0,0.0
Travel_Rarely,Research & Development,Technical Degree,1,Laboratory Technician,Married,0,0,1.9332879509870657,4.523809523809524,0.7383512544802868,1.0714285714285714,1.25,0.0,5.0,2.9999999999999996,3.333333333333333,0.0,3.333333333333333,0.3506644167897068,0.31559927725356357,4.444444444444445,0.0,0.0,5.0,0.0,1.6666666666666667,1.75,3.3333333333333335,0.0,1.25,2.5,3.0,2.3529411764705883,0.0,1.0,1.0,0.0,0.0,0.0,0.0,0.0,1.0,1.0,0.0,1.0,0.0,0.0,0.0,0.0,0.0,0.0,1.0,0.0,0.0
Travel_Rarely,Human Resources,Medical,1,Human Resources,Divorced,0,1,4.4928522804629,3.3333333333333335,3.014336917562724,0.7142857142857143,1.25,0.0,1.6666666666666667,3.5714285714285707,3.333333333333333,1.25,1.6666666666666667,1.0577937144062433,1.672555711704477,4.444444444444445,3.928571428571429,5.0,5.0,0.0,1.6666666666666667,2.0,1.6666666666666667,3.333333333333333,0.5,0.5555555555555556,0.0,0.5882352941176471,0.0,1.0,0.0,0.0,0.0,0.0,1.0,0.0,0.0,1.0,1.0,0.0,0.0,0.0,0.0,0.0,0.0,0.0,0.0,0.0,1.0
Travel_Rarely,Research & Development,Life Sciences,1,Research Director,Married,0,0,4.557522123893805,3.0952380952380953,0.11469534050179209,4.821428571428571,2.5,0.0,5.0,0.1428571428571428,3.333333333333333,3.75,0.0,4.038968572031217,4.01124272234491,1.6666666666666667,0.7142857142857144,0.0,3.333333333333333,0.0,1.6666666666666667,3.0,0.8333333333333334,5.0,2.5,1.6666666666666667,4.666666666666666,5.0,0.0,1.0,1.0,0.0,1.0,0.0,0.0,0.0,0.0,1.0,0.0,0.0,0.0,0.0,1.0,0.0,0.0,0.0,1.0,0.0,0.0
Travel_Rarely,Research & Development,Medical,1,Manufacturing Director,Married,0,0,4.805990469707283,2.4999999999999996,1.3906810035842294,1.9642857142857142,2.5,0.0,5.0,2.5714285714285716,3.333333333333333,1.25,1.6666666666666667,1.1300358574140477,1.12407147159205,2.2222222222222223,3.571428571428571,5.0,3.333333333333333,0.0,0.0,0.875,2.5,3.333333333333333,0.625,1.1111111111111112,0.3333333333333333,0.0,0.0,1.0,1.0,0.0,0.0,0.0,1.0,0.0,0.0,1.0,0.0,0.0,0.0,1.0,0.0,0.0,0.0,0.0,1.0,0.0,0.0
Travel_Rarely,Sales,Marketing,1,Sales Executive,Married,0,0,1.6439754935330155,0.9523809523809521,2.1469534050179213,4.821428571428571,1.25,0.0,0.0,2.5714285714285716,3.333333333333333,1.25,1.6666666666666667,1.387629192153554,1.0708693033527406,0.5555555555555556,3.2142857142857144,5.0,5.0,0.0,3.3333333333333335,0.75,4.166666666666667,5.0,0.625,0.8333333333333334,0.3333333333333333,1.1764705882352942,0.0,1.0,0.0,1.0,0.0,1.0,0.0,0.0,0.0,1.0,0.0,0.0,0.0,0.0,0.0,0.0,1.0,0.0,1.0,0.0,0.0
Travel_Rarely,Research & Development,Medical,0,Manufacturing Director,Divorced,0,0,1.5929203539823007,0.714285714285714,3.9498207885304657,2.857142857142857,0.0,0.0,5.0,0.7857142857142856,1.6666666666666667,1.25,3.333333333333333,0.8879983125922801,4.421401325035133,0.5555555555555556,1.4285714285714288,0.0,1.6666666666666667,0.0,3.3333333333333335,0.625,5.0,3.333333333333333,0.5,0.5555555555555556,1.0,0.5882352941176471,0.0,1.0,1.0,0.0,0.0,0.0,1.0,0.0,0.0,0.0,0.0,0.0,0.0,1.0,0.0,0.0,0.0,0.0,0.0,0.0,0.0
Travel_Rarely,Research & Development,Life Sciences,1,Research Scientist,Married,0,0,3.02927161334241,1.3095238095238093,1.7706093189964158,1.4285714285714286,2.5,0.0,3.333333333333333,4.357142857142858,5.0,0.0,3.333333333333333,0.3801940518877874,4.071873117847821,3.3333333333333335,2.5,0.0,0.0,0.0,3.3333333333333335,0.625,1.6666666666666667,1.6666666666666667,0.125,0.0,0.0,0.0,0.0,1.0,1.0,0.0,1.0,0.0,0.0,0.0,0.0,1.0,0.0,0.0,0.0,0.0,0.0,1.0,0.0,0.0,1.0,0.0,0.0
Travel_Rarely,Sales,Technical Degree,1,Sales Representative,Married,0,0,3.2232811436351256,2.4999999999999996,2.835125448028674,0.7142857142857143,2.5,0.0,5.0,1.8571428571428572,3.333333333333333,1.25,5.0,0.28395908036279266,0.24914675767918087,1.6666666666666667,1.0714285714285712,0.0,3.333333333333333,0.0,1.6666666666666667,2.375,5.0,5.0,0.125,0.0,0.0,0.0,0.0,1.0,0.0,1.0,0.0,0.0,0.0,0.0,1.0,1.0,0.0,0.0,0.0,0.0,0.0,0.0,0.0,1.0,1.0,0.0,0.0
Travel_Rarely,Research & Development,Medical,1,Research Scientist,Married,0,1,0.08168822328114363,0.714285714285714,2.5412186379928317,0.0,2.5,0.0,1.6666666666666667,2.214285714285714,3.333333333333333,0.0,5.0,0.3385361738029951,0.1859064444890584,1.1111111111111112,1.7857142857142856,0.0,0.0,0.0,1.6666666666666667,0.75,1.6666666666666667,1.6666666666666667,0.25,0.0,0.6666666666666666,0.0,0.0,1.0,1.0,0.0,0.0,0.0,1.0,0.0,0.0,1.0,0.0,0.0,0.0,0.0,0.0,1.0,0.0,0.0,1.0,0.0,1.0
Travel_Rarely,Research & Development,Medical,0,Research Scientist,Divorced,0,0,4.7685500340367595,2.976190476190476,4.189964157706093,0.17857142857142858,1.25,0.0,5.0,2.9999999999999996,5.0,0.0,3.333333333333333,0.4313435983969626,3.9809275245934552,0.5555555555555556,0.35714285714285676,0.0,5.0,0.0,3.3333333333333335,0.75,2.5,1.6666666666666667,0.625,0.8333333333333334,0.3333333333333333,1.1764705882352942,0.0,1.0,1.0,0.0,0.0,0.0,1.0,0.0,0.0,0.0,0.0,0.0,0.0,0.0,0.0,1.0,0.0,0.0,0.0,0.0,0.0
Travel_Rarely,Research & Development,Other,1,Laboratory Technician,Divorced,0,0,3.400272294077604,1.0714285714285712,4.293906810035843,3.2142857142857144,2.5,0.0,5.0,2.642857142857143,1.6666666666666667,0.0,0.0,0.8060008437038599,2.8500301144348525,0.5555555555555556,0.0,0.0,0.0,0.0,3.3333333333333335,0.875,2.5,3.333333333333333,0.875,1.9444444444444446,0.0,2.058823529411765,0.0,1.0,1.0,0.0,0.0,0.0,0.0,1.0,0.0,1.0,0.0,1.0,0.0,0.0,0.0,0.0,0.0,0.0,0.0,0.0,0.0
Travel_Rarely,Sales,Marketing,0,Sales Executive,Single,0,0,0.2314499659632403,2.976190476190476,4.544802867383512,1.4285714285714286,2.5,0.0,0.0,3.9285714285714284,0.0,1.25,3.333333333333333,1.1434823876819236,1.484641638225256,4.444444444444445,0.7142857142857144,0.0,1.6666666666666667,0.0,0.0,0.875,1.6666666666666667,1.6666666666666667,0.5,0.8333333333333334,0.3333333333333333,0.8823529411764706,0.0,1.0,0.0,1.0,0.0,1.0,0.0,0.0,0.0,0.0,0.0,0.0,0.0,0.0,0.0,0.0,1.0,0.0,0.0,1.0,0.0
Travel_Frequently,Research & Development,Medical,0,Research Scientist,Married,0,1,3.0088495575221237,2.619047619047619,2.860215053763441,4.464285714285714,1.25,0.0,3.333333333333333,4.428571428571429,1.6666666666666667,1.25,5.0,0.8998628981227588,3.836378237301747,1.6666666666666667,0.7142857142857144,0.0,5.0,0.0,1.6666666666666667,2.0,2.5,0.0,0.125,0.2777777777777778,0.0,0.0,1.0,0.0,1.0,0.0,0.0,0.0,1.0,0.0,0.0,0.0,0.0,0.0,0.0,0.0,0.0,1.0,0.0,0.0,1.0,0.0,1.0
Travel_Rarely,Research & Development,Life Sciences,1,Laboratory Technician,Single,0,0,4.21715452688904,0.23809523809523814,2.5125448028673834,0.3571428571428571,2.5,0.0,0.0,4.071428571428571,1.6666666666666667,0.0,3.333333333333333,0.5336426914153132,2.154988958040554,0.5555555555555556,0.35714285714285676,0.0,0.0,0.0,0.0,0.25,1.6666666666666667,1.6666666666666667,0.25,0.5555555555555556,0.3333333333333333,0.5882352941176471,0.0,1.0,1.0,0.0,1.0,0.0,0.0,0.0,0.0,1.0,0.0,1.0,0.0,0.0,0.0,0.0,0.0,0.0,0.0,1.0,0.0
Travel_Frequently,Research & Development,Life Sciences,1,Healthcare Representative,Single,0,0,1.2457454050374404,1.9047619047619047,1.8422939068100357,0.3571428571428571,0.0,0.0,0.0,1.0714285714285712,3.333333333333333,1.25,5.0,1.7788968572031216,4.049789198956033,0.0,2.1428571428571423,0.0,3.333333333333333,0.0,0.0,0.875,0.8333333333333334,1.6666666666666667,0.75,0.5555555555555556,0.0,1.1764705882352942,1.0,0.0,1.0,0.0,1.0,0.0,0.0,0.0,0.0,1.0,0.0,0.0,0.0,0.0,0.0,0.0,0.0,0.0,0.0,1.0,0.0
Travel_Rarely,Research & Development,Medical,1,Research Director,Divorced,0,1,1.7188563648740638,3.3333333333333335,2.2580645161290325,0.17857142857142858,3.75,0.0,3.333333333333333,1.1428571428571428,3.333333333333333,5.0,5.0,4.829940940729804,2.434049387673158,3.8888888888888893,2.1428571428571423,0.0,3.333333333333333,0.0,1.6666666666666667,3.0,2.5,3.333333333333333,0.25,0.2777777777777778,0.6666666666666666,0.5882352941176471,0.0,1.0,1.0,0.0,0.0,0.0,1.0,0.0,0.0,1.0,0.0,0.0,0.0,0.0,1.0,0.0,0.0,0.0,0.0,0.0,1.0
Travel_Rarely,Research & Development,Medical,0,Laboratory Technician,Married,0,1,2.893124574540504,2.0238095238095233,3.720430107526882,3.9285714285714293,3.75,0.0,3.333333333333333,0.0,3.333333333333333,0.0,0.0,0.7922906559797511,2.792210399518169,1.6666666666666667,1.4285714285714288,0.0,3.333333333333333,0.0,1.6666666666666667,0.5,2.5,3.333333333333333,0.25,0.5555555555555556,0.6666666666666666,0.5882352941176471,0.0,1.0,1.0,0.0,0.0,0.0,1.0,0.0,0.0,0.0,0.0,1.0,0.0,0.0,0.0,0.0,0.0,0.0,1.0,0.0,1.0
Non-Travel,Research & Development,Life Sciences,1,Research Scientist,Single,0,0,4.387338325391423,2.857142857142857,0.8279569892473118,3.9285714285714293,1.25,0.0,5.0,0.5,1.6666666666666667,1.25,3.333333333333333,0.8761337270618013,2.553101786789801,0.5555555555555556,0.35714285714285676,0.0,5.0,0.0,0.0,2.5,1.6666666666666667,3.333333333333333,2.5,2.5,1.0,2.058823529411765,0.0,0.0,1.0,0.0,1.0,0.0,0.0,0.0,0.0,1.0,0.0,0.0,0.0,0.0,0.0,1.0,0.0,0.0,0.0,1.0,0.0
Travel_Rarely,Sales,Marketing,0,Sales Executive,Married,0,0,1.3036078965282503,4.523809523809524,4.799283154121864,1.7857142857142858,5.0,0.0,5.0,4.2142857142857135,1.6666666666666667,1.25,0.0,1.1524467411938408,3.6607107006625172,2.2222222222222223,1.7857142857142856,0.0,3.333333333333333,0.0,1.6666666666666667,0.75,2.5,3.333333333333333,0.0,0.0,0.0,0.0,0.0,1.0,0.0,1.0,0.0,1.0,0.0,0.0,0.0,0.0,0.0,0.0,0.0,0.0,0.0,0.0,1.0,0.0,1.0,0.0,0.0
Travel_Frequently,Sales,Technical Degree,0,Sales Executive,Married,0,0,2.4982981620149762,2.142857142857143,4.885304659498208,1.7857142857142858,1.25,0.0,1.6666666666666667,4.428571428571429,3.333333333333333,2.5,5.0,2.3014659354566542,4.187512547681188,0.0,1.0714285714285712,0.0,3.333333333333333,0.0,1.6666666666666667,1.25,5.0,3.333333333333333,1.125,1.9444444444444446,0.6666666666666666,2.3529411764705883,1.0,0.0,0.0,1.0,0.0,0.0,0.0,0.0,1.0,0.0,0.0,0.0,0.0,0.0,0.0,0.0,1.0,0.0,1.0,0.0,0.0
Non-Travel,Sales,Life Sciences,0,Sales Executive,Divorced,0,1,2.440435670524166,1.5476190476190474,1.731182795698925,0.17857142857142858,3.75,0.0,5.0,1.9285714285714284,3.333333333333333,2.5,3.333333333333333,2.3315228854672005,1.373418992170247,0.5555555555555556,2.8571428571428568,0.0,0.0,0.0,1.6666666666666667,1.25,4.166666666666667,1.6666666666666667,1.25,2.2222222222222223,3.0,1.7647058823529411,0.0,0.0,0.0,1.0,1.0,0.0,0.0,0.0,0.0,0.0,0.0,0.0,0.0,0.0,0.0,0.0,1.0,0.0,0.0,0.0,1.0
Travel_Frequently,Sales,Other,1,Sales Executive,Single,0,1,4.452008168822328,3.809523809523809,3.064516129032258,0.0,3.75,0.0,5.0,3.642857142857143,3.333333333333333,1.25,3.333333333333333,0.9805420797300146,3.04296326038948,1.6666666666666667,1.0714285714285712,0.0,5.0,0.0,0.0,0.625,3.3333333333333335,3.333333333333333,0.0,0.0,0.0,0.0,1.0,0.0,0.0,1.0,0.0,0.0,0.0,1.0,0.0,1.0,0.0,0.0,0.0,0.0,0.0,0.0,1.0,0.0,0.0,1.0,1.0
Travel_Frequently,Sales,Medical,0,Sales Representative,Married,0,1,1.5452688904016336,3.5714285714285707,2.164874551971326,1.0714285714285714,1.25,0.0,5.0,4.642857142857142,3.333333333333333,0.0,3.333333333333333,0.4339801729592912,1.9365589239108612,1.1111111111111112,0.0,0.0,3.333333333333333,0.0,3.3333333333333335,2.375,2.5,3.333333333333333,1.125,1.9444444444444446,2.333333333333333,2.058823529411765,1.0,0.0,0.0,1.0,0.0,0.0,1.0,0.0,0.0,0.0,0.0,0.0,0.0,0.0,0.0,0.0,0.0,1.0,1.0,0.0,1.0
Travel_Rarely,Research & Development,Medical,1,Research Director,Divorced,0,0,0.8985704560925799,3.809523809523809,3.6630824372759854,0.0,1.25,0.0,5.0,2.5714285714285716,3.333333333333333,3.75,5.0,4.321345707656612,0.9076490664525196,5.0,3.928571428571429,5.0,3.333333333333333,0.0,1.6666666666666667,4.0,0.8333333333333334,1.6666666666666667,0.625,1.1111111111111112,0.3333333333333333,0.8823529411764706,0.0,1.0,1.0,0.0,0.0,0.0,1.0,0.0,0.0,1.0,0.0,0.0,0.0,0.0,1.0,0.0,0.0,0.0,0.0,0.0,0.0
Travel_Rarely,Research & Development,Medical,0,Laboratory Technician,Divorced,0,0,0.25527569775357384,1.5476190476190474,1.3154121863799284,0.5357142857142857,2.5,0.0,0.0,2.285714285714285,5.0,0.0,3.333333333333333,0.782798987555368,2.7980325235896406,4.444444444444445,0.35714285714285676,0.0,1.6666666666666667,0.0,1.6666666666666667,0.5,0.0,1.6666666666666667,0.25,0.5555555555555556,0.6666666666666666,0.5882352941176471,0.0,1.0,1.0,0.0,0.0,0.0,1.0,0.0,0.0,0.0,0.0,1.0,0.0,0.0,0.0,0.0,0.0,0.0,0.0,0.0,0.0
Travel_Rarely,Research & Development,Life Sciences,0,Research Scientist,Divorced,0,1,3.1109598366235534,4.523809523809524,2.182795698924731,1.25,2.5,0.0,3.333333333333333,2.642857142857143,3.333333333333333,0.0,0.0,0.8563594178443366,2.378036538847621,2.2222222222222223,2.5,0.0,3.333333333333333,0.0,1.6666666666666667,2.375,2.5,3.333333333333333,0.25,0.5555555555555556,0.6666666666666666,0.5882352941176471,0.0,1.0,1.0,0.0,1.0,0.0,0.0,0.0,0.0,0.0,0.0,0.0,0.0,0.0,0.0,1.0,0.0,0.0,0.0,0.0,1.0
Travel_Rarely,Sales,Marketing,1,Sales Representative,Divorced,0,0,0.789652825051055,1.3095238095238093,3.5340501792114694,1.6071428571428572,2.5,0.0,5.0,3.785714285714285,3.333333333333333,0.0,1.6666666666666667,0.33959080362792654,3.186709496085123,0.5555555555555556,1.0714285714285712,0.0,5.0,0.0,3.3333333333333335,0.25,1.6666666666666667,3.333333333333333,0.25,0.5555555555555556,0.6666666666666666,0.5882352941176471,0.0,1.0,0.0,1.0,0.0,1.0,0.0,0.0,0.0,1.0,0.0,0.0,0.0,0.0,0.0,0.0,0.0,1.0,0.0,0.0,0.0
Travel_Rarely,Sales,Life Sciences,0,Sales Executive,Single,0,0,1.5112321307011571,1.9047619047619047,1.4587813620071686,0.3571428571428571,1.25,0.0,5.0,0.1428571428571428,0.0,1.25,5.0,1.3235604302889685,4.669544268219233,2.7777777777777777,0.35714285714285676,0.0,0.0,0.0,0.0,0.75,2.5,3.333333333333333,0.25,0.5555555555555556,0.6666666666666666,0.5882352941176471,0.0,1.0,0.0,1.0,1.0,0.0,0.0,0.0,0.0,0.0,0.0,0.0,0.0,0.0,0.0,0.0,1.0,0.0,0.0,1.0,0.0
Travel_Rarely,Sales,Marketing,0,Sales Executive,Married,0,0,1.344452008168822,2.4999999999999996,2.2150537634408605,4.107142857142857,0.0,0.0,1.6666666666666667,2.142857142857143,1.6666666666666667,3.75,5.0,2.9060324825986075,1.351937361975507,0.0,0.0,0.0,0.0,0.0,1.6666666666666667,2.625,1.6666666666666667,1.6666666666666667,2.5,2.5,3.0,1.7647058823529411,0.0,1.0,0.0,1.0,0.0,1.0,0.0,0.0,0.0,0.0,0.0,0.0,0.0,0.0,0.0,0.0,1.0,0.0,1.0,0.0,0.0
Travel_Rarely,Research & Development,Medical,1,Research Scientist,Single,0,0,2.079646017699115,1.9047619047619047,1.3440860215053765,1.0714285714285714,3.75,0.0,0.0,0.3571428571428572,3.333333333333333,0.0,5.0,0.5175595865851086,4.008632804657699,0.5555555555555556,0.7142857142857144,0.0,3.333333333333333,0.0,0.0,0.125,3.3333333333333335,0.0,0.125,0.0,0.0,0.0,0.0,1.0,1.0,0.0,0.0,0.0,1.0,0.0,0.0,1.0,0.0,0.0,0.0,0.0,0.0,1.0,0.0,0.0,0.0,1.0,0.0
Travel_Rarely,Research & Development,Life Sciences,0,Research Scientist,Married,0,0,0.5990469707283866,2.142857142857143,0.8064516129032258,0.17857142857142858,2.5,0.0,5.0,4.7142857142857135,3.333333333333333,0.0,3.333333333333333,0.4044505378612107,1.962256574984943,2.2222222222222223,0.7142857142857144,0.0,1.6666666666666667,0.0,1.6666666666666667,0.75,2.5,3.333333333333333,0.25,0.5555555555555556,0.6666666666666666,0.5882352941176471,0.0,1.0,1.0,0.0,1.0,0.0,0.0,0.0,0.0,0.0,0.0,0.0,0.0,0.0,0.0,1.0,0.0,0.0,1.0,0.0,0.0
Travel_Frequently,Research & Development,Life Sciences,1,Manufacturing Director,Divorced,0,0,0.06126616746085772,0.833333333333333,2.3942652329749103,0.17857142857142858,0.0,0.0,5.0,3.357142857142857,5.0,1.25,3.333333333333333,1.1065703438093228,0.5779963862678177,0.5555555555555556,2.1428571428571423,0.0,3.333333333333333,0.0,3.3333333333333335,0.875,5.0,3.333333333333333,0.875,1.9444444444444446,0.0,2.058823529411765,1.0,0.0,1.0,0.0,1.0,0.0,0.0,0.0,0.0,1.0,0.0,0.0,0.0,1.0,0.0,0.0,0.0,0.0,0.0,0.0,0.0
Travel_Rarely,Sales,Marketing,0,Sales Executive,Divorced,0,0,4.373723621511232,2.619047619047619,2.347670250896057,0.17857142857142858,1.25,0.0,5.0,1.1428571428571428,3.333333333333333,1.25,1.6666666666666667,1.2407719890318498,4.1074081509737,3.8888888888888893,0.35714285714285676,0.0,3.333333333333333,0.0,3.3333333333333335,1.0,4.166666666666667,3.333333333333333,0.625,1.1111111111111112,0.3333333333333333,0.8823529411764706,0.0,1.0,0.0,1.0,0.0,1.0,0.0,0.0,0.0,0.0,0.0,0.0,0.0,0.0,0.0,0.0,1.0,0.0,0.0,0.0,0.0
Travel_Rarely,Sales,Life Sciences,0,Sales Executive,Divorced,0,1,3.522804628999319,3.214285714285714,4.172043010752688,0.5357142857142857,1.25,0.0,3.333333333333333,0.0,3.333333333333333,1.25,0.0,1.0538388525627504,0.8482232483437062,2.2222222222222223,0.0,0.0,0.0,0.0,1.6666666666666667,1.125,2.5,5.0,0.625,1.1111111111111112,0.0,0.8823529411764706,0.0,1.0,0.0,1.0,1.0,0.0,0.0,0.0,0.0,0.0,0.0,0.0,0.0,0.0,0.0,0.0,1.0,0.0,0.0,0.0,1.0
Non-Travel,Human Resources,Human Resources,1,Human Resources,Married,0,0,1.160653505786249,2.7380952380952377,1.6057347670250897,0.5357142857142857,2.5,0.0,3.333333333333333,2.142857142857143,0.0,1.25,1.6666666666666667,1.4292870702383462,3.7542662116040955,3.3333333333333335,2.8571428571428568,0.0,1.6666666666666667,0.0,1.6666666666666667,1.25,3.3333333333333335,3.333333333333333,0.375,0.5555555555555556,0.3333333333333333,0.5882352941176471,0.0,0.0,0.0,0.0,0.0,0.0,0.0,0.0,0.0,1.0,1.0,0.0,0.0,0.0,0.0,0.0,0.0,0.0,1.0,0.0,0.0
Travel_Frequently,Sales,Technical Degree,0,Sales Representative,Married,0,0,3.437712729748128,1.3095238095238093,4.659498207885305,3.3928571428571432,2.5,0.0,3.333333333333333,3.857142857142857,3.333333333333333,0.0,5.0,0.3026787597553258,3.234089540252961,0.5555555555555556,1.4285714285714288,0.0,1.6666666666666667,0.0,1.6666666666666667,0.375,4.166666666666667,3.333333333333333,0.375,0.2777777777777778,0.0,0.5882352941176471,1.0,0.0,0.0,1.0,0.0,0.0,0.0,0.0,1.0,0.0,0.0,0.0,0.0,0.0,0.0,0.0,0.0,1.0,1.0,0.0,0.0
Travel_Rarely,Research & Development,Technical Degree,1,Laboratory Technician,Married,0,0,2.9918311776718856,0.833333333333333,3.028673835125448,0.0,2.5,0.0,0.0,3.642857142857143,3.333333333333333,0.0,5.0,0.5853195528369541,0.5653483236297931,2.2222222222222223,0.0,0.0,1.6666666666666667,0.0,1.6666666666666667,0.875,1.6666666666666667,1.6666666666666667,0.375,0.5555555555555556,0.0,0.5882352941176471,0.0,1.0,1.0,0.0,0.0,0.0,0.0,0.0,1.0,1.0,0.0,1.0,0.0,0.0,0.0,0.0,0.0,0.0,1.0,0.0,0.0
Non-Travel,Research & Development,Medical,1,Laboratory Technician,Divorced,0,0,2.0251872021783526,1.7857142857142856,4.333333333333333,0.0,1.25,0.0,1.6666666666666667,2.0714285714285716,1.6666666666666667,0.0,3.333333333333333,0.26339379877662933,3.6829953824533224,0.5555555555555556,0.35714285714285676,0.0,3.333333333333333,0.0,5.0,0.125,1.6666666666666667,1.6666666666666667,0.125,0.2777777777777778,0.0,0.0,0.0,0.0,1.0,0.0,0.0,0.0,1.0,0.0,0.0,1.0,0.0,1.0,0.0,0.0,0.0,0.0,0.0,0.0,0.0,0.0,0.0
Travel_Rarely,Sales,Life Sciences,1,Sales Representative,Married,0,0,0.20762423417290674,2.0238095238095233,1.9928315412186381,1.0714285714285714,0.0,0.0,5.0,3.285714285714285,3.333333333333333,0.0,3.333333333333333,0.3678021514448428,2.8303553503312586,0.5555555555555556,0.7142857142857144,0.0,0.0,0.0,1.6666666666666667,0.125,2.5,3.333333333333333,0.125,0.0,0.0,0.0,0.0,1.0,0.0,1.0,1.0,0.0,0.0,0.0,0.0,1.0,0.0,0.0,0.0,0.0,0.0,0.0,0.0,1.0,1.0,0.0,0.0
Travel_Rarely,Research & Development,Life Sciences,1,Healthcare Representative,Divorced,0,0,4.20353982300885,2.380952380952381,2.0931899641577063,3.9285714285714293,3.75,0.0,5.0,3.714285714285714,3.333333333333333,1.25,5.0,1.2486817127188357,3.373820517968279,5.0,1.0714285714285712,0.0,1.6666666666666667,0.0,1.6666666666666667,1.25,1.6666666666666667,3.333333333333333,0.25,0.5555555555555556,0.3333333333333333,0.5882352941176471,0.0,1.0,1.0,0.0,1.0,0.0,0.0,0.0,0.0,1.0,0.0,0.0,0.0,0.0,0.0,0.0,0.0,0.0,0.0,0.0,0.0
Travel_Rarely,Research & Development,Life Sciences,1,Laboratory Technician,Single,0,0,0.9257998638529611,0.5952380952380953,1.4444444444444444,3.3928571428571432,0.0,0.0,0.0,4.785714285714285,3.333333333333333,1.25,3.333333333333333,0.33299936722210505,4.560931539851436,0.0,1.0714285714285712,0.0,1.6666666666666667,0.0,0.0,0.625,1.6666666666666667,3.333333333333333,0.5,0.8333333333333334,0.3333333333333333,0.5882352941176471,0.0,1.0,1.0,0.0,1.0,0.0,0.0,0.0,0.0,1.0,0.0,1.0,0.0,0.0,0.0,0.0,0.0,0.0,0.0,1.0,0.0
Travel_Rarely,Sales,Marketing,0,Manager,Single,0,1,4.914908100748809,3.214285714285714,4.82078853046595,0.17857142857142858,2.5,0.0,0.0,4.571428571428571,0.0,5.0,1.6666666666666667,4.697057582788441,0.08010439670748842,1.1111111111111112,1.7857142857142856,0.0,0.0,0.0,0.0,3.25,1.6666666666666667,3.333333333333333,3.0,2.7777777777777777,0.3333333333333333,3.235294117647059,0.0,1.0,0.0,1.0,0.0,1.0,0.0,0.0,0.0,0.0,0.0,0.0,1.0,0.0,0.0,0.0,0.0,0.0,0.0,1.0,1.0
Non-Travel,Research & Development,Technical Degree,1,Research Scientist,Married,0,1,2.968005445881552,1.9047619047619047,3.0931899641577063,2.678571428571429,3.75,0.0,5.0,3.9285714285714284,0.0,0.0,0.0,0.3422273781902552,2.482634009235093,0.5555555555555556,4.2857142857142865,5.0,1.6666666666666667,0.0,1.6666666666666667,0.625,1.6666666666666667,3.333333333333333,0.625,0.5555555555555556,1.0,0.0,0.0,0.0,1.0,0.0,0.0,0.0,0.0,0.0,1.0,1.0,0.0,0.0,0.0,0.0,0.0,1.0,0.0,0.0,1.0,0.0,1.0
Travel_Rarely,Research & Development,Life Sciences,0,Laboratory Technician,Divorced,0,0,3.737236215112321,2.857142857142857,0.34767025089605735,0.0,3.75,0.0,1.6666666666666667,4.642857142857142,3.333333333333333,0.0,0.0,0.41315123391689507,3.6932342903031516,1.6666666666666667,1.7857142857142856,0.0,1.6666666666666667,0.0,1.6666666666666667,1.0,4.166666666666667,3.333333333333333,0.625,0.5555555555555556,0.3333333333333333,0.5882352941176471,0.0,1.0,1.0,0.0,1.0,0.0,0.0,0.0,0.0,0.0,0.0,1.0,0.0,0.0,0.0,0.0,0.0,0.0,0.0,0.0,0.0
Travel_Frequently,Research & Development,Life Sciences,1,Research Scientist,Married,0,1,4.693669162695711,0.4761904761904763,4.129032258064516,0.3571428571428571,3.75,0.0,3.333333333333333,1.2857142857142856,1.6666666666666667,0.0,5.0,0.486184349293398,0.42742421200562136,0.0,0.0,0.0,1.6666666666666667,0.0,1.6666666666666667,0.125,4.166666666666667,3.333333333333333,0.0,0.0,0.0,0.0,1.0,0.0,1.0,0.0,1.0,0.0,0.0,0.0,0.0,1.0,0.0,0.0,0.0,0.0,0.0,1.0,0.0,0.0,1.0,0.0,1.0
Travel_Rarely,Sales,Life Sciences,0,Manager,Single,0,0,0.9462219196732471,4.404761904761905,3.6308243727598564,3.035714285714286,5.0,0.0,0.0,3.785714285714285,3.333333333333333,3.75,1.6666666666666667,4.172642902341278,1.5617345914475005,1.6666666666666667,4.2857142857142865,5.0,5.0,0.0,0.0,4.625,1.6666666666666667,3.333333333333333,1.25,2.5,2.333333333333333,2.058823529411765,0.0,1.0,0.0,1.0,1.0,0.0,0.0,0.0,0.0,0.0,0.0,0.0,1.0,0.0,0.0,0.0,0.0,0.0,0.0,1.0,0.0
Non-Travel,Research & Development,Other,0,Healthcare Representative,Single,0,1,4.383934649421375,2.7380952380952377,1.4516129032258065,0.17857142857142858,3.75,0.0,0.0,2.285714285714285,1.6666666666666667,1.25,3.333333333333333,1.5297405610630668,0.003613732182292717,1.1111111111111112,2.1428571428571423,0.0,0.0,0.0,0.0,1.25,2.5,3.333333333333333,1.0,1.9444444444444446,0.0,2.058823529411765,0.0,0.0,1.0,0.0,0.0,0.0,0.0,1.0,0.0,0.0,0.0,0.0,0.0,0.0,0.0,0.0,0.0,0.0,0.0,1.0,1.0
Travel_Rarely,Research & Development,Medical,0,Research Director,Divorced,0,1,2.3621511232130703,3.0952380952380953,4.333333333333333,1.0714285714285714,2.5,0.0,1.6666666666666667,0.07142857142857117,3.333333333333333,5.0,5.0,4.756380510440835,0.29211001806866094,0.0,1.0714285714285712,0.0,5.0,0.0,1.6666666666666667,2.875,3.3333333333333335,1.6666666666666667,2.75,1.9444444444444446,0.3333333333333333,2.9411764705882355,0.0,1.0,1.0,0.0,0.0,0.0,1.0,0.0,0.0,0.0,0.0,0.0,0.0,0.0,1.0,0.0,0.0,0.0,0.0,0.0,1.0
Travel_Rarely,Research & Development,Life Sciences,1,Research Scientist,Single,0,0,1.2525527569775357,1.6666666666666665,0.05734767025089604,0.8928571428571428,5.0,0.0,3.333333333333333,0.9285714285714284,3.333333333333333,0.0,3.333333333333333,0.5349609786964775,2.0750853242320817,1.6666666666666667,3.2142857142857144,5.0,0.0,0.0,0.0,1.0,1.6666666666666667,3.333333333333333,0.625,1.1111111111111112,0.3333333333333333,1.1764705882352942,0.0,1.0,1.0,0.0,1.0,0.0,0.0,0.0,0.0,1.0,0.0,0.0,0.0,0.0,0.0,1.0,0.0,0.0,0.0,1.0,0.0
Travel_Frequently,Sales,Technical Degree,0,Sales Representative,Single,0,1,4.605173587474472,0.3571428571428572,2.336917562724014,0.0,0.0,0.0,0.0,4.928571428571429,1.6666666666666667,0.0,1.6666666666666667,0.30716093651128445,1.4165830154587433,0.5555555555555556,0.0,0.0,3.333333333333333,0.0,0.0,0.375,2.5,3.333333333333333,0.375,0.5555555555555556,0.3333333333333333,0.5882352941176471,1.0,0.0,0.0,1.0,0.0,0.0,0.0,0.0,1.0,0.0,0.0,0.0,0.0,0.0,0.0,0.0,0.0,1.0,0.0,1.0,1.0
Travel_Rarely,Research & Development,Medical,1,Manufacturing Director,Married,0,1,0.12253233492171545,1.6666666666666665,1.157706093189964,0.0,2.5,0.0,0.0,0.2142857142857144,3.333333333333333,1.25,5.0,1.358626871967939,1.7633005420598276,0.5555555555555556,3.928571428571429,5.0,1.6666666666666667,0.0,1.6666666666666667,1.125,2.5,3.333333333333333,1.125,2.2222222222222223,2.333333333333333,2.3529411764705883,0.0,1.0,1.0,0.0,0.0,0.0,1.0,0.0,0.0,1.0,0.0,0.0,0.0,1.0,0.0,0.0,0.0,0.0,1.0,0.0,1.0
Travel_Rarely,Research & Development,Life Sciences,0,Manufacturing Director,Married,0,0,2.5017018379850238,0.833333333333333,2.0824372759856633,0.0,2.5,0.0,0.0,2.285714285714285,3.333333333333333,1.25,3.333333333333333,1.0253638472896014,1.0863280465769927,0.0,0.35714285714285676,0.0,5.0,0.0,3.3333333333333335,0.625,2.5,3.333333333333333,0.5,0.5555555555555556,0.3333333333333333,0.5882352941176471,0.0,1.0,1.0,0.0,1.0,0.0,0.0,0.0,0.0,0.0,0.0,0.0,0.0,1.0,0.0,0.0,0.0,0.0,1.0,0.0,0.0
Travel_Rarely,Sales,Medical,1,Sales Representative,Married,0,0,4.441797140912185,1.6666666666666665,0.4659498207885305,0.0,3.75,0.0,1.6666666666666667,2.714285714285714,1.6666666666666667,0.0,1.6666666666666667,0.3322083948534064,3.1981529813290503,0.0,1.0714285714285712,0.0,1.6666666666666667,0.0,1.6666666666666667,0.375,1.6666666666666667,3.333333333333333,0.25,0.5555555555555556,0.6666666666666666,0.5882352941176471,0.0,1.0,0.0,1.0,0.0,0.0,1.0,0.0,0.0,1.0,0.0,0.0,0.0,0.0,0.0,0.0,0.0,1.0,1.0,0.0,0.0
Travel_Rarely,Research & Development,Life Sciences,1,Laboratory Technician,Married,0,0,2.253233492171545,1.5476190476190474,2.283154121863799,0.17857142857142858,3.75,0.0,1.6666666666666667,2.785714285714285,3.333333333333333,0.0,3.333333333333333,0.6507066019827039,3.214013250351335,0.5555555555555556,1.0714285714285712,0.0,5.0,0.0,1.6666666666666667,0.75,1.6666666666666667,5.0,0.625,0.5555555555555556,0.0,0.8823529411764706,0.0,1.0,1.0,0.0,1.0,0.0,0.0,0.0,0.0,1.0,0.0,1.0,0.0,0.0,0.0,0.0,0.0,0.0,1.0,0.0,0.0
Travel_Frequently,Sales,Life Sciences,1,Sales Executive,Married,0,0,4.400953029271613,2.976190476190476,4.724014336917563,0.17857142857142858,3.75,0.0,0.0,4.428571428571429,3.333333333333333,1.25,5.0,1.2302256907825353,3.443485243926922,0.5555555555555556,3.2142857142857144,5.0,3.333333333333333,0.0,1.6666666666666667,0.875,4.166666666666667,3.333333333333333,0.875,1.9444444444444446,2.333333333333333,2.058823529411765,1.0,0.0,0.0,1.0,1.0,0.0,0.0,0.0,0.0,1.0,0.0,0.0,0.0,0.0,0.0,0.0,1.0,0.0,1.0,0.0,0.0
Travel_Rarely,Research & Development,Medical,0,Research Scientist,Single,0,1,4.50646698434309,2.976190476190476,2.960573476702509,0.8928571428571428,2.5,0.0,0.0,3.0714285714285716,1.6666666666666667,1.25,3.333333333333333,0.8099557055473527,3.595462758482232,0.5555555555555556,1.0714285714285712,0.0,0.0,0.0,0.0,2.5,2.5,0.0,2.5,1.9444444444444446,0.3333333333333333,2.3529411764705883,0.0,1.0,1.0,0.0,0.0,0.0,1.0,0.0,0.0,0.0,0.0,0.0,0.0,0.0,0.0,1.0,0.0,0.0,0.0,1.0,1.0
Travel_Rarely,Sales,Technical Degree,1,Sales Executive,Married,0,0,3.3253914227365553,1.9047619047619047,2.5304659498207887,1.25,1.25,0.0,1.6666666666666667,4.428571428571429,5.0,1.25,3.333333333333333,1.5265766715882725,4.022083918891789,0.5555555555555556,3.571428571428571,5.0,3.333333333333333,0.0,3.3333333333333335,1.25,4.166666666666667,3.333333333333333,1.25,2.2222222222222223,1.3333333333333333,2.3529411764705883,0.0,1.0,0.0,1.0,0.0,0.0,0.0,0.0,1.0,1.0,0.0,0.0,0.0,0.0,0.0,0.0,1.0,0.0,1.0,0.0,0.0
Travel_Rarely,Sales,Marketing,1,Sales Executive,Divorced,0,1,1.861810755616065,3.809523809523809,1.0967741935483872,4.821428571428571,2.5,0.0,5.0,0.6428571428571428,1.6666666666666667,2.5,0.0,2.595707656612529,2.9094559325436657,2.2222222222222223,0.7142857142857144,0.0,1.6666666666666667,0.0,1.6666666666666667,2.5,2.5,3.333333333333333,0.375,0.5555555555555556,0.6666666666666666,0.0,0.0,1.0,0.0,1.0,0.0,1.0,0.0,0.0,0.0,1.0,0.0,0.0,0.0,0.0,0.0,0.0,1.0,0.0,0.0,0.0,1.0
Travel_Frequently,Sales,Life Sciences,1,Sales Executive,Married,0,1,3.978897208985704,2.619047619047619,1.7060931899641578,0.7142857142857143,3.75,0.0,5.0,1.2857142857142856,1.6666666666666667,2.5,0.0,2.495781480700274,4.352138124874523,2.7777777777777777,3.571428571428571,5.0,3.333333333333333,0.0,1.6666666666666667,2.5,1.6666666666666667,3.333333333333333,2.25,3.611111111111111,0.3333333333333333,3.5294117647058822,1.0,0.0,0.0,1.0,1.0,0.0,0.0,0.0,0.0,1.0,0.0,0.0,0.0,0.0,0.0,0.0,1.0,0.0,1.0,0.0,1.0
Travel_Rarely,Research & Development,Medical,0,Manager,Married,0,1,2.341729067392784,1.4285714285714284,1.8996415770609318,2.857142857142857,3.75,0.0,1.6666666666666667,4.642857142857142,3.333333333333333,2.5,0.0,2.8757118751318282,4.784782172254567,0.5555555555555556,4.2857142857142865,5.0,5.0,0.0,3.3333333333333335,1.125,1.6666666666666667,3.333333333333333,1.125,0.2777777777777778,0.0,2.3529411764705883,0.0,1.0,1.0,0.0,0.0,0.0,1.0,0.0,0.0,0.0,0.0,0.0,1.0,0.0,0.0,0.0,0.0,0.0,1.0,0.0,1.0
Travel_Frequently,Research & Development,Life Sciences,1,Laboratory Technician,Divorced,0,1,2.511912865895167,3.0952380952380953,2.924731182795699,4.107142857142857,2.5,0.0,5.0,0.9285714285714284,3.333333333333333,0.0,3.333333333333333,0.5673908458131196,3.5787994378638825,1.6666666666666667,3.928571428571429,5.0,5.0,0.0,1.6666666666666667,2.375,0.0,0.0,0.125,0.0,0.0,0.0,1.0,0.0,1.0,0.0,1.0,0.0,0.0,0.0,0.0,1.0,0.0,1.0,0.0,0.0,0.0,0.0,0.0,0.0,0.0,0.0,1.0
Travel_Rarely,Sales,Medical,0,Sales Executive,Married,0,0,0.6501021102791014,2.142857142857143,1.6236559139784947,0.3571428571428571,2.5,0.0,0.0,4.571428571428571,1.6666666666666667,2.5,5.0,1.7493672221050411,2.128287492471391,0.0,2.8571428571428568,0.0,3.333333333333333,0.0,3.3333333333333335,1.25,1.6666666666666667,3.333333333333333,1.125,1.9444444444444446,1.0,1.1764705882352942,0.0,1.0,0.0,1.0,0.0,0.0,1.0,0.0,0.0,0.0,0.0,0.0,0.0,0.0,0.0,0.0,1.0,0.0,1.0,0.0,0.0
Travel_Frequently,Sales,Life Sciences,1,Sales Executive,Single,0,0,3.1279782164737915,1.1904761904761902,1.3010752688172043,1.0714285714285714,2.5,0.0,3.333333333333333,1.7857142857142856,3.333333333333333,1.25,0.0,1.0253638472896014,1.9540252961252762,0.0,1.0714285714285712,0.0,5.0,0.0,0.0,0.625,4.166666666666667,3.333333333333333,0.5,0.5555555555555556,0.3333333333333333,0.8823529411764706,1.0,0.0,0.0,1.0,1.0,0.0,0.0,0.0,0.0,1.0,0.0,0.0,0.0,0.0,0.0,0.0,1.0,0.0,0.0,1.0,0.0
Travel_Frequently,Sales,Life Sciences,1,Sales Executive,Single,0,0,1.552076242341729,1.0714285714285712,3.1899641577060933,1.25,2.5,0.0,5.0,0.5,3.333333333333333,2.5,3.333333333333333,2.0346445897489978,0.17687211403332664,0.5555555555555556,1.4285714285714288,0.0,5.0,0.0,0.0,1.125,0.0,3.333333333333333,1.125,2.2222222222222223,0.3333333333333333,2.058823529411765,1.0,0.0,0.0,1.0,1.0,0.0,0.0,0.0,0.0,1.0,0.0,0.0,0.0,0.0,0.0,0.0,1.0,0.0,0.0,1.0,0.0
Non-Travel,Sales,Medical,1,Manager,Divorced,0,0,2.9543907420013613,4.761904761904761,0.881720430107527,0.17857142857142858,2.5,0.0,1.6666666666666667,1.5714285714285712,3.333333333333333,3.75,1.6666666666666667,4.029213246150601,4.11222646055009,2.2222222222222223,3.928571428571429,5.0,5.0,0.0,1.6666666666666667,4.625,0.0,1.6666666666666667,2.0,2.5,4.666666666666666,4.11764705882353,0.0,0.0,0.0,1.0,0.0,0.0,1.0,0.0,0.0,1.0,0.0,0.0,1.0,0.0,0.0,0.0,0.0,0.0,0.0,0.0,0.0
Travel_Rarely,Research & Development,Life Sciences,1,Research Scientist,Married,0,1,1.3376446562287267,2.0238095238095233,2.261648745519713,0.8928571428571428,0.0,0.0,3.333333333333333,2.5714285714285716,3.333333333333333,0.0,3.333333333333333,0.6583526682134571,0.7881951415378439,0.0,1.0714285714285712,0.0,5.0,0.0,0.0,0.5,2.5,3.333333333333333,0.375,0.5555555555555556,0.6666666666666666,0.5882352941176471,0.0,1.0,1.0,0.0,1.0,0.0,0.0,0.0,0.0,1.0,0.0,0.0,0.0,0.0,0.0,1.0,0.0,0.0,1.0,0.0,1.0
Travel_Rarely,Sales,Life Sciences,1,Sales Executive,Married,0,0,2.297481279782165,2.380952380952381,4.362007168458781,0.0,3.75,0.0,5.0,3.9999999999999996,3.333333333333333,1.25,1.6666666666666667,0.9046087323349503,1.112627986348123,0.0,1.4285714285714288,0.0,0.0,0.0,3.3333333333333335,2.0,2.5,3.333333333333333,1.875,3.611111111111111,1.6666666666666665,2.3529411764705883,0.0,1.0,0.0,1.0,1.0,0.0,0.0,0.0,0.0,1.0,0.0,0.0,0.0,0.0,0.0,0.0,1.0,0.0,1.0,0.0,0.0
Travel_Rarely,Research & Development,Life Sciences,1,Healthcare Representative,Married,0,0,2.586793737236215,3.0952380952380953,0.2365591397849462,0.0,3.75,0.0,1.6666666666666667,3.4285714285714284,5.0,1.25,0.0,1.0609576038810378,1.4595462758482234,1.1111111111111112,1.4285714285714288,0.0,5.0,0.0,1.6666666666666667,1.25,4.166666666666667,3.333333333333333,0.25,0.0,0.6666666666666666,0.5882352941176471,0.0,1.0,1.0,0.0,1.0,0.0,0.0,0.0,0.0,1.0,0.0,0.0,0.0,0.0,0.0,0.0,0.0,0.0,1.0,0.0,0.0
Travel_Rarely,Research & Development,Life Sciences,0,Research Director,Married,0,1,4.918311776718856,1.4285714285714284,0.1756272401433691,1.25,1.25,0.0,1.6666666666666667,3.0714285714285716,5.0,2.5,0.0,2.743883147015397,3.15358361774744,0.0,0.35714285714285676,0.0,3.333333333333333,0.0,5.0,1.125,3.3333333333333335,1.6666666666666667,1.0,1.9444444444444446,0.3333333333333333,2.058823529411765,0.0,1.0,1.0,0.0,1.0,0.0,0.0,0.0,0.0,0.0,0.0,0.0,0.0,0.0,1.0,0.0,0.0,0.0,1.0,0.0,1.0
Travel_Rarely,Research & Development,Medical,0,Healthcare Representative,Married,0,0,2.47787610619469,3.0952380952380953,1.3369175627240144,1.0714285714285714,3.75,0.0,0.0,0.8571428571428572,1.6666666666666667,2.5,5.0,2.435931238135414,0.0,1.6666666666666667,1.0714285714285712,0.0,5.0,0.0,1.6666666666666667,3.0,3.3333333333333335,3.333333333333333,2.75,1.6666666666666667,1.6666666666666665,5.0,0.0,1.0,1.0,0.0,0.0,0.0,1.0,0.0,0.0,0.0,0.0,0.0,0.0,0.0,0.0,0.0,0.0,0.0,1.0,0.0,0.0
Travel_Frequently,Research & Development,Life Sciences,0,Research Scientist,Single,0,1,1.4261402314499658,1.6666666666666665,3.6594982078853047,2.678571428571429,0.0,0.0,1.6666666666666667,2.9999999999999996,0.0,0.0,0.0,0.767243197637629,0.5193736197550693,0.5555555555555556,3.928571428571429,5.0,1.6666666666666667,0.0,0.0,1.25,4.166666666666667,3.333333333333333,1.25,0.5555555555555556,2.0,2.058823529411765,1.0,0.0,1.0,0.0,1.0,0.0,0.0,0.0,0.0,0.0,0.0,0.0,0.0,0.0,0.0,1.0,0.0,0.0,0.0,1.0,1.0
Non-Travel,Sales,Marketing,1,Sales Executive,Divorced,0,0,1.276378488767869,2.142857142857143,0.7060931899641578,2.5000000000000004,3.75,0.0,5.0,4.142857142857142,0.0,1.25,5.0,1.1593018350558952,1.6747641035936558,0.5555555555555556,4.642857142857142,5.0,0.0,0.0,1.6666666666666667,1.875,3.3333333333333335,1.6666666666666667,1.875,3.3333333333333335,3.6666666666666665,3.235294117647059,0.0,0.0,0.0,1.0,0.0,1.0,0.0,0.0,0.0,1.0,0.0,0.0,0.0,0.0,0.0,0.0,1.0,0.0,0.0,0.0,0.0
Travel_Rarely,Research & Development,Life Sciences,1,Healthcare Representative,Single,0,0,1.4023144996596322,0.714285714285714,2.3906810035842296,0.0,1.25,0.0,1.6666666666666667,1.0714285714285712,1.6666666666666667,1.25,3.333333333333333,0.951276102088167,2.4143746235695644,0.5555555555555556,0.35714285714285676,0.0,1.6666666666666667,0.0,0.0,0.5,1.6666666666666667,1.6666666666666667,0.5,0.8333333333333334,0.3333333333333333,0.5882352941176471,0.0,1.0,1.0,0.0,1.0,0.0,0.0,0.0,0.0,1.0,0.0,0.0,0.0,0.0,0.0,0.0,0.0,0.0,0.0,1.0,0.0
Travel_Rarely,Sales,Life Sciences,0,Manager,Married,0,1,0.2518720217835262,4.761904761904761,1.795698924731183,3.5714285714285716,2.5,0.0,5.0,2.9999999999999996,3.333333333333333,3.75,5.0,4.446846656823455,1.940774944790203,2.2222222222222223,0.7142857142857144,0.0,3.333333333333333,0.0,1.6666666666666667,3.625,1.6666666666666667,1.6666666666666667,0.125,0.0,0.0,0.0,0.0,1.0,0.0,1.0,1.0,0.0,0.0,0.0,0.0,0.0,0.0,0.0,1.0,0.0,0.0,0.0,0.0,0.0,1.0,0.0,1.0
Travel_Frequently,Research & Development,Medical,0,Research Scientist,Single,0,0,4.680054458815521,1.7857142857142856,2.5913978494623655,5.0,3.75,0.0,0.0,1.714285714285714,1.6666666666666667,1.25,3.333333333333333,0.9225374393587851,0.20778960048183098,0.5555555555555556,3.928571428571429,5.0,1.6666666666666667,0.0,0.0,1.75,3.3333333333333335,3.333333333333333,1.625,1.9444444444444446,1.0,2.3529411764705883,1.0,0.0,1.0,0.0,0.0,0.0,1.0,0.0,0.0,0.0,0.0,0.0,0.0,0.0,0.0,1.0,0.0,0.0,0.0,1.0,0.0
Travel_Rarely,Research & Development,Life Sciences,0,Research Scientist,Married,0,0,3.9108236895847512,4.285714285714285,0.1827956989247312,1.4285714285714286,1.25,0.0,0.0,2.642857142857143,3.333333333333333,1.25,3.333333333333333,0.49778527736764394,4.091547881951415,1.6666666666666667,0.0,0.0,3.333333333333333,0.0,3.3333333333333335,1.125,5.0,1.6666666666666667,0.5,0.8333333333333334,0.6666666666666666,0.8823529411764706,0.0,1.0,1.0,0.0,1.0,0.0,0.0,0.0,0.0,0.0,0.0,0.0,0.0,0.0,0.0,1.0,0.0,0.0,1.0,0.0,0.0
Travel_Rarely,Research & Development,Other,1,Healthcare Representative,Single,0,0,1.7018379850238254,3.6904761904761902,4.146953405017921,1.0714285714285714,2.5,0.0,1.6666666666666667,0.07142857142857117,1.6666666666666667,2.5,3.333333333333333,2.6249736342543764,2.0020076289901625,4.444444444444445,4.642857142857142,5.0,3.333333333333333,0.0,0.0,3.25,1.6666666666666667,3.333333333333333,0.625,0.5555555555555556,0.0,0.0,0.0,1.0,1.0,0.0,0.0,0.0,0.0,1.0,0.0,1.0,0.0,0.0,0.0,0.0,0.0,0.0,0.0,0.0,0.0,1.0,0.0
Travel_Rarely,Research & Development,Life Sciences,0,Manufacturing Director,Married,0,0,2.8080326752893123,2.4999999999999996,1.2974910394265233,0.0,0.0,0.0,5.0,2.4999999999999996,1.6666666666666667,3.75,5.0,3.0934929339801727,0.9969885565147563,0.5555555555555556,1.7857142857142856,0.0,3.333333333333333,0.0,1.6666666666666667,2.625,2.5,3.333333333333333,2.625,1.6666666666666667,3.6666666666666665,2.3529411764705883,0.0,1.0,1.0,0.0,1.0,0.0,0.0,0.0,0.0,0.0,0.0,0.0,0.0,1.0,0.0,0.0,0.0,0.0,1.0,0.0,0.0
Travel_Rarely,Sales,Medical,0,Sales Executive,Married,0,1,0.663716814159292,3.0952380952380953,4.817204301075269,4.821428571428571,2.5,0.0,5.0,1.6428571428571428,5.0,3.75,5.0,3.2458869436827666,1.9359566352138124,1.6666666666666667,2.5,0.0,3.333333333333333,0.0,1.6666666666666667,2.875,1.6666666666666667,3.333333333333333,1.5,3.055555555555556,3.6666666666666665,3.235294117647059,0.0,1.0,0.0,1.0,0.0,0.0,1.0,0.0,0.0,0.0,0.0,0.0,0.0,0.0,0.0,0.0,1.0,0.0,1.0,0.0,1.0
Travel_Rarely,Research & Development,Medical,0,Healthcare Representative,Married,0,0,3.859768550034037,3.0952380952380953,1.8530465949820787,2.5000000000000004,2.5,0.0,0.0,3.0714285714285716,3.333333333333333,2.5,5.0,1.8374288124868168,2.4053402931138326,0.5555555555555556,0.0,0.0,5.0,0.0,1.6666666666666667,1.25,1.6666666666666667,3.333333333333333,1.25,1.9444444444444446,0.0,1.4705882352941178,0.0,1.0,1.0,0.0,0.0,0.0,1.0,0.0,0.0,0.0,0.0,0.0,0.0,0.0,0.0,0.0,0.0,0.0,1.0,0.0,0.0
Travel_Rarely,Research & Development,Medical,1,Manufacturing Director,Married,0,0,2.096664397549353,0.9523809523809521,3.4480286738351253,0.17857142857142858,1.25,0.0,5.0,0.1428571428571428,5.0,1.25,5.0,1.1767032271672642,0.2489459947801646,0.5555555555555556,0.35714285714285676,0.0,1.6666666666666667,0.0,0.0,1.0,1.6666666666666667,3.333333333333333,1.0,1.9444444444444446,0.3333333333333333,0.8823529411764706,0.0,1.0,1.0,0.0,0.0,0.0,1.0,0.0,0.0,1.0,0.0,0.0,0.0,1.0,0.0,0.0,0.0,0.0,1.0,0.0,0.0
Travel_Frequently,Research & Development,Life Sciences,1,Research Scientist,Divorced,0,0,0.38801906058543223,1.3095238095238093,2.5161290322580645,0.0,3.75,0.0,1.6666666666666667,3.285714285714285,0.0,0.0,5.0,0.4511179076144273,3.385866291909255,0.5555555555555556,2.5,0.0,5.0,0.0,1.6666666666666667,1.25,4.166666666666667,3.333333333333333,1.25,1.9444444444444446,0.6666666666666666,2.3529411764705883,1.0,0.0,1.0,0.0,1.0,0.0,0.0,0.0,0.0,1.0,0.0,0.0,0.0,0.0,0.0,1.0,0.0,0.0,0.0,0.0,0.0
Travel_Rarely,Research & Development,Medical,0,Healthcare Representative,Single,0,0,1.4193328795098705,1.9047619047619047,3.1039426523297493,1.25,1.25,0.0,1.6666666666666667,4.7142857142857135,3.333333333333333,1.25,3.333333333333333,1.353353722843282,1.0572174262196348,1.6666666666666667,0.0,0.0,5.0,0.0,0.0,1.25,1.6666666666666667,3.333333333333333,0.625,0.2777777777777778,1.3333333333333333,0.8823529411764706,0.0,1.0,1.0,0.0,0.0,0.0,1.0,0.0,0.0,0.0,0.0,0.0,0.0,0.0,0.0,0.0,0.0,0.0,0.0,1.0,0.0
Travel_Rarely,Sales,Marketing,1,Sales Executive,Married,0,1,4.765146358066712,1.6666666666666665,1.4157706093189963,0.17857142857142858,0.0,0.0,3.333333333333333,0.4285714285714284,3.333333333333333,1.25,1.6666666666666667,0.8091647331786542,3.6946396305962654,0.0,0.7142857142857144,0.0,0.0,0.0,5.0,0.5,2.5,1.6666666666666667,0.375,0.5555555555555556,0.3333333333333333,0.5882352941176471,0.0,1.0,0.0,1.0,0.0,1.0,0.0,0.0,0.0,1.0,0.0,0.0,0.0,0.0,0.0,0.0,1.0,0.0,1.0,0.0,1.0
Travel_Rarely,Research & Development,Medical,1,Research Scientist,Married,0,0,3.298162014976174,0.714285714285714,1.7096774193548385,1.4285714285714286,2.5,0.0,3.333333333333333,2.285714285714285,5.0,0.0,3.333333333333333,0.8943260915418687,3.1162417185304156,0.5555555555555556,1.7857142857142856,0.0,5.0,0.0,1.6666666666666667,0.625,0.8333333333333334,3.333333333333333,0.625,0.8333333333333334,0.0,1.1764705882352942,0.0,1.0,1.0,0.0,0.0,0.0,1.0,0.0,0.0,1.0,0.0,0.0,0.0,0.0,0.0,1.0,0.0,0.0,1.0,0.0,0.0
Travel_Rarely,Sales,Life Sciences,1,Sales Executive,Married,0,1,2.0558202859087813,2.142857142857143,1.5268817204301075,0.3571428571428571,0.0,0.0,3.333333333333333,1.5,1.6666666666666667,2.5,5.0,2.4562328622653444,0.6874121662316806,0.5555555555555556,0.0,0.0,0.0,0.0,1.6666666666666667,2.0,5.0,3.333333333333333,2.0,1.9444444444444446,1.0,2.058823529411765,0.0,1.0,0.0,1.0,1.0,0.0,0.0,0.0,0.0,1.0,0.0,0.0,0.0,0.0,0.0,0.0,1.0,0.0,1.0,0.0,1.0
Travel_Rarely,Human Resources,Human Resources,1,Human Resources,Married,0,0,4.7821647379169505,1.5476190476190474,0.007168458781361964,0.17857142857142858,2.5,0.0,0.0,2.285714285714285,1.6666666666666667,1.25,0.0,1.424013921113689,3.1575988757277655,1.6666666666666667,0.35714285714285676,0.0,5.0,0.0,0.0,1.125,0.8333333333333334,3.333333333333333,0.25,0.5555555555555556,0.3333333333333333,0.0,0.0,1.0,0.0,0.0,0.0,0.0,0.0,0.0,0.0,1.0,1.0,0.0,0.0,0.0,0.0,0.0,0.0,0.0,1.0,0.0,0.0
Travel_Rarely,Sales,Marketing,1,Sales Executive,Divorced,0,1,0.30292716133424097,2.857142857142857,1.1290322580645162,1.9642857142857142,3.75,0.0,1.6666666666666667,3.357142857142857,3.333333333333333,1.25,5.0,1.0751951065176122,0.16181489660710696,1.6666666666666667,0.35714285714285676,0.0,3.333333333333333,0.0,3.3333333333333335,1.75,3.3333333333333335,3.333333333333333,0.0,0.0,0.0,0.0,0.0,1.0,0.0,1.0,0.0,1.0,0.0,0.0,0.0,1.0,0.0,0.0,0.0,0.0,0.0,0.0,1.0,0.0,0.0,0.0,1.0
Travel_Rarely,Research & Development,Medical,1,Research Scientist,Single,0,0,2.8863172226004083,0.3571428571428572,3.197132616487455,0.3571428571428571,1.25,0.0,5.0,5.0,1.6666666666666667,0.0,3.333333333333333,0.585583210293187,1.693836579000201,0.5555555555555556,2.1428571428571423,0.0,0.0,0.0,0.0,0.375,3.3333333333333335,5.0,0.375,0.5555555555555556,0.3333333333333333,0.0,0.0,1.0,1.0,0.0,0.0,0.0,1.0,0.0,0.0,1.0,0.0,0.0,0.0,0.0,0.0,1.0,0.0,0.0,0.0,1.0,0.0
Travel_Frequently,Research & Development,Medical,0,Research Scientist,Divorced,0,1,4.646017699115044,2.380952380952381,4.623655913978495,1.25,2.5,0.0,5.0,1.9999999999999996,1.6666666666666667,1.25,1.6666666666666667,0.29635098080573713,3.21642240513953,0.5555555555555556,1.7857142857142856,0.0,3.333333333333333,0.0,1.6666666666666667,2.5,2.5,3.333333333333333,2.5,3.055555555555556,0.0,2.058823529411765,1.0,0.0,1.0,0.0,0.0,0.0,1.0,0.0,0.0,0.0,0.0,0.0,0.0,0.0,0.0,1.0,0.0,0.0,0.0,0.0,1.0
Travel_Rarely,Research & Development,Life Sciences,0,Manufacturing Director,Married,0,0,4.778761061946902,1.6666666666666665,2.706093189964158,0.5357142857142857,2.5,0.0,3.333333333333333,4.857142857142858,1.6666666666666667,1.25,3.333333333333333,1.358626871967939,3.418992170246938,0.5555555555555556,0.35714285714285676,0.0,3.333333333333333,0.0,1.6666666666666667,1.75,2.5,3.333333333333333,1.75,3.611111111111111,2.0,2.3529411764705883,0.0,1.0,1.0,0.0,1.0,0.0,0.0,0.0,0.0,0.0,0.0,0.0,0.0,1.0,0.0,0.0,0.0,0.0,1.0,0.0,0.0
Travel_Rarely,Research & Development,Life Sciences,1,Manufacturing Director,Married,0,0,2.5629680054458817,2.857142857142857,2.971326164874552,5.0,2.5,0.0,1.6666666666666667,4.857142857142858,3.333333333333333,1.25,1.6666666666666667,0.9030267875975533,1.9498092752459348,0.5555555555555556,0.7142857142857144,0.0,5.0,0.0,1.6666666666666667,1.25,2.5,1.6666666666666667,1.125,2.2222222222222223,2.333333333333333,2.3529411764705883,0.0,1.0,1.0,0.0,1.0,0.0,0.0,0.0,0.0,1.0,0.0,0.0,0.0,1.0,0.0,0.0,0.0,0.0,1.0,0.0,0.0
Travel_Rarely,Research & Development,Life Sciences,0,Laboratory Technician,Married,0,0,1.6950306330837301,0.714285714285714,3.154121863799283,2.857142857142857,1.25,0.0,5.0,4.785714285714285,3.333333333333333,0.0,1.6666666666666667,0.31665260493566755,0.2565749849427826,0.5555555555555556,0.7142857142857144,0.0,0.0,0.0,1.6666666666666667,0.125,2.5,0.0,0.125,0.0,0.0,0.0,0.0,1.0,1.0,0.0,1.0,0.0,0.0,0.0,0.0,0.0,0.0,1.0,0.0,0.0,0.0,0.0,0.0,0.0,1.0,0.0,0.0
Travel_Rarely,Research & Development,Technical Degree,1,Laboratory Technician,Single,0,0,0.037440435670524165,0.23809523809523814,0.08960573476702505,0.5357142857142857,2.5,0.0,0.0,3.857142857142857,3.333333333333333,0.0,0.0,0.5178232440413415,2.191126279863481,0.5555555555555556,2.8571428571428568,0.0,1.6666666666666667,0.0,0.0,0.125,1.6666666666666667,3.333333333333333,0.125,0.0,0.0,0.0,0.0,1.0,1.0,0.0,0.0,0.0,0.0,0.0,1.0,1.0,0.0,1.0,0.0,0.0,0.0,0.0,0.0,0.0,0.0,1.0,0.0
Travel_Rarely,Research & Development,Life Sciences,1,Laboratory Technician,Single,0,0,1.3478556841388698,4.523809523809524,3.7921146953405014,4.107142857142857,1.25,0.0,0.0,4.785714285714285,3.333333333333333,0.0,5.0,0.41605146593545655,1.6396305962658102,0.5555555555555556,1.7857142857142856,0.0,5.0,0.0,0.0,0.625,2.5,3.333333333333333,0.5,0.5555555555555556,0.3333333333333333,0.0,0.0,1.0,1.0,0.0,1.0,0.0,0.0,0.0,0.0,1.0,0.0,1.0,0.0,0.0,0.0,0.0,0.0,0.0,0.0,1.0,0.0
Travel_Rarely,Research & Development,Life Sciences,1,Laboratory Technician,Single,0,0,0.966643975493533,2.142857142857143,0.24372759856630827,0.5357142857142857,3.75,0.0,0.0,0.5,1.6666666666666667,1.25,5.0,1.2658194473739717,4.117647058823529,0.5555555555555556,1.7857142857142856,0.0,3.333333333333333,0.0,0.0,1.25,1.6666666666666667,1.6666666666666667,1.25,1.1111111111111112,0.3333333333333333,2.3529411764705883,0.0,1.0,1.0,0.0,1.0,0.0,0.0,0.0,0.0,1.0,0.0,1.0,0.0,0.0,0.0,0.0,0.0,0.0,0.0,1.0,0.0
Travel_Rarely,Sales,Medical,1,Sales Executive,Divorced,0,0,2.3485364193328793,1.5476190476190474,1.5089605734767026,0.8928571428571428,3.75,0.0,0.0,2.5714285714285716,5.0,1.25,5.0,1.1735393376924699,0.82814695844208,2.2222222222222223,3.928571428571429,5.0,5.0,0.0,3.3333333333333335,1.625,3.3333333333333335,5.0,0.875,1.9444444444444446,1.6666666666666665,2.058823529411765,0.0,1.0,0.0,1.0,0.0,0.0,1.0,0.0,0.0,1.0,0.0,0.0,0.0,0.0,0.0,0.0,1.0,0.0,0.0,0.0,0.0
Travel_Rarely,Sales,Marketing,1,Sales Executive,Single,0,0,4.10142954390742,2.857142857142857,1.946236559139785,0.5357142857142857,3.75,0.0,1.6666666666666667,1.0714285714285712,3.333333333333333,1.25,0.0,1.093123813541447,0.03192130094358564,3.8888888888888893,0.7142857142857144,0.0,5.0,0.0,0.0,1.125,2.5,5.0,0.75,1.1111111111111112,0.3333333333333333,1.4705882352941178,0.0,1.0,0.0,1.0,0.0,1.0,0.0,0.0,0.0,1.0,0.0,0.0,0.0,0.0,0.0,0.0,1.0,0.0,0.0,1.0,0.0
Travel_Rarely,Research & Development,Life Sciences,0,Research Scientist,Single,0,1,4.683458134785568,1.3095238095238093,2.8745519713261647,1.6071428571428572,2.5,0.0,5.0,4.428571428571429,1.6666666666666667,0.0,0.0,0.3678021514448428,1.884159807267617,3.3333333333333335,3.2142857142857144,5.0,3.333333333333333,0.0,0.0,0.375,4.166666666666667,3.333333333333333,0.0,0.0,0.0,0.0,0.0,1.0,1.0,0.0,1.0,0.0,0.0,0.0,0.0,0.0,0.0,0.0,0.0,0.0,0.0,1.0,0.0,0.0,0.0,1.0,1.0
Travel_Frequently,Sales,Medical,1,Sales Executive,Divorced,0,0,2.3451327433628317,2.2619047619047614,4.207885304659499,0.0,3.75,0.0,3.333333333333333,0.07142857142857117,0.0,1.25,5.0,2.245306897279055,1.1208592652077898,0.5555555555555556,1.0714285714285712,0.0,3.333333333333333,0.0,3.3333333333333335,0.75,1.6666666666666667,1.6666666666666667,0.75,0.8333333333333334,0.3333333333333333,0.8823529411764706,1.0,0.0,0.0,1.0,0.0,0.0,1.0,0.0,0.0,1.0,0.0,0.0,0.0,0.0,0.0,0.0,1.0,0.0,0.0,0.0,0.0
Travel_Rarely,Research & Development,Medical,1,Research Scientist,Married,0,1,2.8965282505105514,1.1904761904761902,3.774193548387097,0.17857142857142858,3.75,0.0,0.0,3.857142857142857,0.0,0.0,5.0,0.6472790550516767,4.545874322425216,2.7777777777777777,0.7142857142857144,0.0,5.0,0.0,0.0,0.625,3.3333333333333335,1.6666666666666667,0.375,0.5555555555555556,0.6666666666666666,0.5882352941176471,0.0,1.0,1.0,0.0,0.0,0.0,1.0,0.0,0.0,1.0,0.0,0.0,0.0,0.0,0.0,1.0,0.0,0.0,1.0,0.0,1.0
Travel_Frequently,Sales,Medical,1,Sales Representative,Married,0,0,0.5411844792375765,0.714285714285714,1.5448028673835126,4.107142857142857,2.5,0.0,5.0,0.5714285714285712,3.333333333333333,0.0,5.0,0.36674752161991137,0.6898213210198756,0.0,0.7142857142857144,0.0,3.333333333333333,0.0,3.3333333333333335,0.375,2.5,3.333333333333333,0.25,0.5555555555555556,0.6666666666666666,0.29411764705882354,1.0,0.0,0.0,1.0,0.0,0.0,1.0,0.0,0.0,1.0,0.0,0.0,0.0,0.0,0.0,0.0,0.0,1.0,1.0,0.0,0.0
Travel_Frequently,Research & Development,Life Sciences,1,Laboratory Technician,Married,0,1,3.046289993192648,1.1904761904761902,0.3189964157706093,0.17857142857142858,2.5,0.0,5.0,1.5714285714285712,1.6666666666666667,0.0,5.0,0.7535330099135202,2.434852439269223,0.5555555555555556,0.35714285714285676,0.0,1.6666666666666667,0.0,1.6666666666666667,0.25,1.6666666666666667,3.333333333333333,0.25,0.5555555555555556,0.6666666666666666,0.5882352941176471,1.0,0.0,1.0,0.0,1.0,0.0,0.0,0.0,0.0,1.0,0.0,1.0,0.0,0.0,0.0,0.0,0.0,0.0,1.0,0.0,1.0
Travel_Rarely,Sales,Medical,1,Sales Executive,Married,0,1,3.9686861810755616,2.976190476190476,3.8530465949820787,0.17857142857142858,2.5,0.0,5.0,3.0714285714285716,3.333333333333333,1.25,5.0,1.8028896857203118,0.7980325235896406,0.5555555555555556,2.1428571428571423,0.0,0.0,0.0,1.6666666666666667,1.25,2.5,3.333333333333333,1.25,2.5,2.6666666666666665,2.3529411764705883,0.0,1.0,0.0,1.0,0.0,0.0,1.0,0.0,0.0,1.0,0.0,0.0,0.0,0.0,0.0,0.0,1.0,0.0,1.0,0.0,1.0
Travel_Rarely,Sales,Marketing,1,Sales Executive,Married,0,1,0.8747447243022464,2.619047619047619,1.6881720430107525,3.7500000000000004,1.25,0.0,3.333333333333333,2.714285714285714,1.6666666666666667,1.25,3.333333333333333,1.4161041974267032,0.8062638024493074,1.1111111111111112,0.35714285714285676,0.0,0.0,0.0,3.3333333333333335,1.0,5.0,3.333333333333333,0.75,1.1111111111111112,0.3333333333333333,0.0,0.0,1.0,0.0,1.0,0.0,1.0,0.0,0.0,0.0,1.0,0.0,0.0,0.0,0.0,0.0,0.0,1.0,0.0,1.0,0.0,1.0
Non-Travel,Human Resources,Medical,1,Human Resources,Married,0,0,1.1402314499659632,2.857142857142857,0.2688172043010752,0.17857142857142858,5.0,0.0,5.0,3.4999999999999996,5.0,1.25,0.0,1.387629192153554,2.161011845011042,3.8888888888888893,1.7857142857142856,0.0,0.0,0.0,1.6666666666666667,1.25,2.5,5.0,0.5,0.8333333333333334,0.0,0.8823529411764706,0.0,0.0,0.0,0.0,0.0,0.0,1.0,0.0,0.0,1.0,1.0,0.0,0.0,0.0,0.0,0.0,0.0,0.0,1.0,0.0,0.0
Travel_Rarely,Research & Development,Life Sciences,1,Manufacturing Director,Married,0,0,4.6970728386657585,2.0238095238095233,4.537634408602151,4.642857142857142,3.75,0.0,5.0,1.3571428571428572,3.333333333333333,1.25,3.333333333333333,1.5487238979118327,0.6137321822927124,1.1111111111111112,1.7857142857142856,0.0,1.6666666666666667,0.0,1.6666666666666667,2.125,2.5,3.333333333333333,0.875,1.9444444444444446,0.0,2.058823529411765,0.0,1.0,1.0,0.0,1.0,0.0,0.0,0.0,0.0,1.0,0.0,0.0,0.0,1.0,0.0,0.0,0.0,0.0,1.0,0.0,0.0
Non-Travel,Research & Development,Life Sciences,1,Laboratory Technician,Married,0,0,3.5364193328795097,1.4285714285714284,4.645161290322581,0.3571428571428571,2.5,0.0,3.333333333333333,1.6428571428571428,3.333333333333333,0.0,5.0,0.28685931238135415,2.9391688415980726,2.2222222222222223,1.4285714285714288,0.0,3.333333333333333,0.0,1.6666666666666667,1.125,2.5,0.0,0.625,0.8333333333333334,0.3333333333333333,1.1764705882352942,0.0,0.0,1.0,0.0,1.0,0.0,0.0,0.0,0.0,1.0,0.0,1.0,0.0,0.0,0.0,0.0,0.0,0.0,1.0,0.0,0.0
Travel_Rarely,Research & Development,Medical,1,Research Director,Married,0,0,1.7528931245745403,1.7857142857142856,0.39068100358422936,1.0714285714285714,2.5,0.0,3.333333333333333,1.3571428571428572,3.333333333333333,2.5,3.333333333333333,2.8163889474794344,4.798434049387673,0.0,0.0,0.0,5.0,0.0,0.0,1.75,2.5,5.0,1.625,2.5,1.0,2.058823529411765,0.0,1.0,1.0,0.0,0.0,0.0,1.0,0.0,0.0,1.0,0.0,0.0,0.0,0.0,1.0,0.0,0.0,0.0,1.0,0.0,0.0
Non-Travel,Research & Development,Medical,0,Manufacturing Director,Married,0,1,3.454731109598366,4.166666666666666,1.9964157706093189,0.0,3.75,0.0,0.0,2.142857142857143,1.6666666666666667,3.75,3.333333333333333,3.1522885467201007,4.058221240714716,2.2222222222222223,3.2142857142857144,5.0,5.0,0.0,5.0,3.375,1.6666666666666667,1.6666666666666667,0.375,0.5555555555555556,0.0,0.5882352941176471,0.0,0.0,1.0,0.0,0.0,0.0,1.0,0.0,0.0,0.0,0.0,0.0,0.0,1.0,0.0,0.0,0.0,0.0,1.0,0.0,1.0
Travel_Rarely,Research & Development,Other,0,Manufacturing Director,Divorced,0,0,2.6140231449965965,3.214285714285714,4.39068100358423,0.17857142857142858,1.25,0.0,5.0,2.0714285714285716,1.6666666666666667,1.25,5.0,1.2552731491246572,0.6613129893595664,0.5555555555555556,2.8571428571428568,0.0,0.0,0.0,3.3333333333333335,1.25,2.5,3.333333333333333,1.25,1.9444444444444446,1.0,2.6470588235294117,0.0,1.0,1.0,0.0,0.0,0.0,0.0,1.0,0.0,0.0,0.0,0.0,0.0,1.0,0.0,0.0,0.0,0.0,0.0,0.0,0.0
Non-Travel,Research & Development,Life Sciences,1,Manager,Married,0,1,4.39074200136147,2.857142857142857,1.4014336917562724,0.17857142857142858,0.0,0.0,3.333333333333333,0.5,3.333333333333333,3.75,3.333333333333333,4.443155452436195,4.916281871110219,0.0,0.7142857142857144,0.0,5.0,0.0,0.0,2.625,2.5,1.6666666666666667,2.5,2.2222222222222223,0.6666666666666666,2.9411764705882355,0.0,0.0,1.0,0.0,1.0,0.0,0.0,0.0,0.0,1.0,0.0,0.0,1.0,0.0,0.0,0.0,0.0,0.0,1.0,0.0,1.0
Travel_Rarely,Research & Development,Life Sciences,0,Healthcare Representative,Married,0,0,2.590197413206263,2.380952380952381,0.8100358422939069,2.857142857142857,0.0,0.0,3.333333333333333,2.4999999999999996,1.6666666666666667,2.5,3.333333333333333,2.0602193630035854,4.519975908452118,0.0,2.5,0.0,0.0,0.0,1.6666666666666667,2.5,3.3333333333333335,1.6666666666666667,2.375,2.5,0.3333333333333333,2.6470588235294117,0.0,1.0,1.0,0.0,1.0,0.0,0.0,0.0,0.0,0.0,0.0,0.0,0.0,0.0,0.0,0.0,0.0,0.0,1.0,0.0,0.0
Travel_Rarely,Sales,Marketing,1,Sales Executive,Single,0,0,3.6759700476514636,1.9047619047619047,2.985663082437276,0.0,2.5,0.0,0.0,0.1428571428571428,3.333333333333333,2.5,5.0,2.3410145538915836,0.9387673158000402,0.5555555555555556,3.571428571428571,5.0,0.0,0.0,0.0,1.75,2.5,1.6666666666666667,1.75,2.2222222222222223,0.6666666666666666,0.29411764705882354,0.0,1.0,0.0,1.0,0.0,1.0,0.0,0.0,0.0,1.0,0.0,0.0,0.0,0.0,0.0,0.0,1.0,0.0,0.0,1.0,0.0
Travel_Rarely,Research & Development,Technical Degree,0,Manufacturing Director,Married,0,0,1.7733151803948262,4.166666666666666,1.8028673835125448,0.17857142857142858,5.0,0.0,3.333333333333333,3.4285714285714284,1.6666666666666667,2.5,5.0,2.415102299093018,2.5143545472796625,0.0,1.7857142857142856,0.0,1.6666666666666667,0.0,1.6666666666666667,4.25,3.3333333333333335,3.333333333333333,4.125,1.9444444444444446,0.3333333333333333,2.6470588235294117,0.0,1.0,1.0,0.0,0.0,0.0,0.0,0.0,1.0,0.0,0.0,0.0,0.0,1.0,0.0,0.0,0.0,0.0,1.0,0.0,0.0
Non-Travel,Sales,Life Sciences,1,Sales Executive,Single,0,0,0.07488087134104833,2.7380952380952377,0.5842293906810037,1.6071428571428572,1.25,0.0,5.0,1.8571428571428572,3.333333333333333,1.25,5.0,1.3765555789917738,2.2758482232483437,3.8888888888888893,1.0714285714285712,0.0,5.0,0.0,0.0,2.0,2.5,3.333333333333333,1.75,0.8333333333333334,0.3333333333333333,2.9411764705882355,0.0,0.0,0.0,1.0,1.0,0.0,0.0,0.0,0.0,1.0,0.0,0.0,0.0,0.0,0.0,0.0,1.0,0.0,0.0,1.0,0.0
Travel_Rarely,Sales,Marketing,1,Manager,Married,0,0,1.2117086453369637,4.0476190476190474,1.8530465949820787,0.3571428571428571,3.75,0.0,3.333333333333333,0.07142857142857117,1.6666666666666667,3.75,0.0,4.178179708922168,1.6040955631399318,0.5555555555555556,0.0,0.0,0.0,0.0,0.0,4.25,2.5,5.0,4.25,1.6666666666666667,0.3333333333333333,4.705882352941177,0.0,1.0,0.0,1.0,0.0,1.0,0.0,0.0,0.0,1.0,0.0,0.0,1.0,0.0,0.0,0.0,0.0,0.0,1.0,0.0,0.0
Travel_Rarely,Sales,Marketing,0,Sales Representative,Single,0,0,4.2409802586793734,1.3095238095238093,1.1612903225806452,1.4285714285714286,2.5,0.0,1.6666666666666667,1.5714285714285712,0.0,0.0,1.6666666666666667,0.46166420586374174,2.5167637020678577,0.5555555555555556,0.7142857142857144,0.0,3.333333333333333,0.0,0.0,0.25,2.5,3.333333333333333,0.25,0.5555555555555556,0.6666666666666666,0.5882352941176471,0.0,1.0,0.0,1.0,0.0,1.0,0.0,0.0,0.0,0.0,0.0,0.0,0.0,0.0,0.0,0.0,0.0,1.0,0.0,1.0,0.0
Travel_Frequently,Research & Development,Medical,1,Manufacturing Director,Single,0,1,1.1572498298162013,3.0952380952380953,3.903225806451613,0.17857142857142858,0.0,0.0,1.6666666666666667,3.9999999999999996,3.333333333333333,2.5,3.333333333333333,2.4256485973423323,3.538446095161614,2.7777777777777777,2.5,0.0,1.6666666666666667,0.0,0.0,2.0,1.6666666666666667,1.6666666666666667,0.25,0.5555555555555556,0.6666666666666666,0.5882352941176471,1.0,0.0,1.0,0.0,0.0,0.0,1.0,0.0,0.0,1.0,0.0,0.0,0.0,1.0,0.0,0.0,0.0,0.0,0.0,1.0,1.0
Non-Travel,Research & Development,Life Sciences,0,Laboratory Technician,Married,0,0,1.4669843430905376,1.6666666666666665,3.870967741935484,0.0,2.5,0.0,3.333333333333333,2.857142857142857,1.6666666666666667,0.0,1.6666666666666667,0.3488188145960767,0.37743425015057214,3.3333333333333335,3.2142857142857144,5.0,3.333333333333333,0.0,0.0,0.625,2.5,3.333333333333333,0.375,0.0,0.0,0.5882352941176471,0.0,0.0,1.0,0.0,1.0,0.0,0.0,0.0,0.0,0.0,0.0,1.0,0.0,0.0,0.0,0.0,0.0,0.0,1.0,0.0,0.0
Travel_Rarely,Human Resources,Human Resources,1,Manager,Divorced,0,0,1.6099387338325388,2.7380952380952377,1.157706093189964,1.6071428571428572,3.75,0.0,1.6666666666666667,3.0714285714285716,1.6666666666666667,5.0,5.0,4.780636996414258,1.3585625376430437,1.6666666666666667,1.4285714285714288,0.0,1.6666666666666667,0.0,5.0,2.875,1.6666666666666667,1.6666666666666667,2.625,1.6666666666666667,4.0,1.7647058823529411,0.0,1.0,0.0,0.0,0.0,0.0,0.0,0.0,0.0,1.0,0.0,0.0,1.0,0.0,0.0,0.0,0.0,0.0,0.0,0.0,0.0
Travel_Rarely,Sales,Medical,1,Sales Executive,Married,0,0,0.7385976855003403,1.6666666666666665,3.3727598566308243,0.5357142857142857,3.75,0.0,5.0,0.1428571428571428,0.0,2.5,5.0,2.476007171482809,4.761694438867697,0.5555555555555556,0.0,0.0,3.333333333333333,0.0,0.0,1.75,1.6666666666666667,1.6666666666666667,1.75,2.2222222222222223,3.0,2.3529411764705883,0.0,1.0,0.0,1.0,0.0,0.0,1.0,0.0,0.0,1.0,0.0,0.0,0.0,0.0,0.0,0.0,1.0,0.0,1.0,0.0,0.0
Travel_Rarely,Research & Development,Medical,1,Manufacturing Director,Divorced,0,0,3.1007488087134103,2.142857142857143,0.40143369175627236,0.8928571428571428,1.25,0.0,1.6666666666666667,3.857142857142857,3.333333333333333,1.25,1.6666666666666667,1.0367011179076144,0.14555310178678976,3.3333333333333335,3.2142857142857144,5.0,5.0,0.0,3.3333333333333335,0.875,0.0,3.333333333333333,0.375,0.5555555555555556,0.0,0.29411764705882354,0.0,1.0,1.0,0.0,0.0,0.0,1.0,0.0,0.0,1.0,0.0,0.0,0.0,1.0,0.0,0.0,0.0,0.0,0.0,0.0,0.0
Travel_Rarely,Research & Development,Medical,1,Research Director,Married,0,0,4.673247106875425,3.809523809523809,2.1039426523297493,0.17857142857142858,2.5,0.0,3.333333333333333,2.4285714285714284,3.333333333333333,3.75,3.333333333333333,4.384623497152499,0.9610519975908454,2.7777777777777777,1.7857142857142856,0.0,5.0,0.0,0.0,3.75,2.5,3.333333333333333,0.5,0.8333333333333334,0.0,0.8823529411764706,0.0,1.0,1.0,0.0,0.0,0.0,1.0,0.0,0.0,1.0,0.0,0.0,0.0,0.0,1.0,0.0,0.0,0.0,1.0,0.0,0.0
Travel_Frequently,Human Resources,Human Resources,1,Human Resources,Married,0,0,3.4411164057181756,2.380952380952381,2.8100358422939067,1.6071428571428572,3.75,0.0,3.333333333333333,2.9285714285714284,3.333333333333333,1.25,3.333333333333333,1.336215988188146,2.55370407548685,1.6666666666666667,0.0,0.0,3.333333333333333,0.0,0.0,1.25,1.6666666666666667,3.333333333333333,0.75,0.8333333333333334,0.3333333333333333,0.5882352941176471,1.0,0.0,0.0,0.0,0.0,0.0,0.0,0.0,0.0,1.0,1.0,0.0,0.0,0.0,0.0,0.0,0.0,0.0,1.0,0.0,0.0
Travel_Rarely,Research & Development,Life Sciences,1,Research Scientist,Divorced,0,0,4.863852961198094,2.380952380952381,3.9498207885304657,1.4285714285714286,1.25,0.0,1.6666666666666667,2.9285714285714284,3.333333333333333,0.0,5.0,0.9918793503480279,2.4491066050993777,1.1111111111111112,2.8571428571428568,0.0,5.0,0.0,3.3333333333333335,1.25,0.0,5.0,0.625,0.5555555555555556,0.0,0.8823529411764706,0.0,1.0,1.0,0.0,1.0,0.0,0.0,0.0,0.0,1.0,0.0,0.0,0.0,0.0,0.0,1.0,0.0,0.0,0.0,0.0,0.0
Non-Travel,Research & Development,Other,0,Research Scientist,Married,0,1,0.31654186521443156,0.4761904761904763,1.2652329749103943,4.464285714285714,1.25,0.0,1.6666666666666667,3.9285714285714284,1.6666666666666667,0.0,3.333333333333333,0.4759017085003164,1.6460550090343304,0.5555555555555556,1.0714285714285712,0.0,1.6666666666666667,0.0,0.0,0.5,1.6666666666666667,1.6666666666666667,0.5,0.5555555555555556,0.3333333333333333,0.8823529411764706,0.0,0.0,1.0,0.0,0.0,0.0,0.0,1.0,0.0,0.0,0.0,0.0,0.0,0.0,0.0,1.0,0.0,0.0,1.0,0.0,1.0
Travel_Rarely,Sales,Life Sciences,1,Sales Representative,Single,0,0,3.4309053778080325,0.23809523809523814,2.2329749103942653,1.4285714285714286,0.0,0.0,5.0,1.714285714285714,3.333333333333333,0.0,0.0,0.4532271672642902,3.812085926520779,0.5555555555555556,0.0,0.0,0.0,0.0,0.0,0.25,2.5,3.333333333333333,0.25,0.5555555555555556,0.0,0.5882352941176471,0.0,1.0,0.0,1.0,1.0,0.0,0.0,0.0,0.0,1.0,0.0,0.0,0.0,0.0,0.0,0.0,0.0,1.0,0.0,1.0,0.0
Travel_Rarely,Research & Development,Medical,1,Laboratory Technician,Married,0,0,2.3689584751531654,1.9047619047619047,0.6487455197132617,5.0,2.5,0.0,1.6666666666666667,3.9999999999999996,3.333333333333333,1.25,3.333333333333333,1.1653659565492511,3.091146356153383,2.2222222222222223,0.7142857142857144,0.0,0.0,0.0,3.3333333333333335,1.25,0.8333333333333334,3.333333333333333,1.0,1.9444444444444446,2.333333333333333,2.058823529411765,0.0,1.0,1.0,0.0,0.0,0.0,1.0,0.0,0.0,1.0,0.0,1.0,0.0,0.0,0.0,0.0,0.0,0.0,1.0,0.0,0.0
Travel_Rarely,Research & Development,Medical,0,Research Director,Single,0,0,3.3900612661674607,4.285714285714285,3.10752688172043,0.0,2.5,0.0,5.0,1.714285714285714,3.333333333333333,3.75,5.0,4.302626028264079,0.7143143946998596,3.3333333333333335,2.8571428571428568,0.0,5.0,0.0,0.0,3.625,2.5,1.6666666666666667,2.5,1.9444444444444446,4.0,2.058823529411765,0.0,1.0,1.0,0.0,0.0,0.0,1.0,0.0,0.0,0.0,0.0,0.0,0.0,0.0,1.0,0.0,0.0,0.0,0.0,1.0,0.0
Travel_Rarely,Research & Development,Life Sciences,0,Manufacturing Director,Divorced,0,0,0.5207624234172906,2.976190476190476,0.26164874551971323,1.25,2.5,0.0,0.0,1.7857142857142856,3.333333333333333,1.25,1.6666666666666667,0.9902974056106306,4.360570166633206,2.2222222222222223,3.571428571428571,5.0,3.333333333333333,0.0,1.6666666666666667,0.5,1.6666666666666667,5.0,0.125,0.0,0.0,0.0,0.0,1.0,1.0,0.0,1.0,0.0,0.0,0.0,0.0,0.0,0.0,0.0,0.0,1.0,0.0,0.0,0.0,0.0,0.0,0.0,0.0
Travel_Frequently,Research & Development,Life Sciences,0,Manufacturing Director,Married,0,0,4.336283185840708,2.976190476190476,3.5053763440860215,4.642857142857142,2.5,0.0,3.333333333333333,3.785714285714285,3.333333333333333,2.5,0.0,2.586743303100611,1.8954025296125276,4.444444444444445,0.0,0.0,3.333333333333333,0.0,1.6666666666666667,2.25,0.8333333333333334,3.333333333333333,1.0,1.9444444444444446,0.0,0.29411764705882354,1.0,0.0,1.0,0.0,1.0,0.0,0.0,0.0,0.0,0.0,0.0,0.0,0.0,1.0,0.0,0.0,0.0,0.0,1.0,0.0,0.0
Travel_Rarely,Research & Development,Life Sciences,0,Laboratory Technician,Married,0,1,4.993192648059905,1.1904761904761902,4.949820788530466,1.9642857142857142,0.0,0.0,3.333333333333333,3.4999999999999996,3.333333333333333,0.0,5.0,0.3970681290866905,4.1881148363782374,0.5555555555555556,0.0,0.0,5.0,0.0,0.0,0.125,3.3333333333333335,1.6666666666666667,0.125,0.2777777777777778,0.0,0.0,0.0,1.0,1.0,0.0,1.0,0.0,0.0,0.0,0.0,0.0,0.0,1.0,0.0,0.0,0.0,0.0,0.0,0.0,1.0,0.0,1.0
Travel_Rarely,Sales,Marketing,0,Sales Executive,Married,0,1,2.685500340367597,3.3333333333333335,3.6594982078853047,1.6071428571428572,2.5,0.0,3.333333333333333,4.571428571428571,1.6666666666666667,2.5,5.0,2.125606412149335,1.9010238907849832,1.1111111111111112,2.8571428571428568,0.0,3.333333333333333,0.0,1.6666666666666667,1.875,2.5,3.333333333333333,0.375,0.5555555555555556,0.3333333333333333,0.5882352941176471,0.0,1.0,0.0,1.0,0.0,1.0,0.0,0.0,0.0,0.0,0.0,0.0,0.0,0.0,0.0,0.0,1.0,0.0,1.0,0.0,1.0
Travel_Rarely,Research & Development,Life Sciences,0,Research Scientist,Single,0,0,1.9741320626276375,1.5476190476190474,0.3512544802867383,1.25,2.5,0.0,0.0,0.2857142857142856,1.6666666666666667,0.0,1.6666666666666667,0.06644167897068126,4.048986147359968,0.5555555555555556,0.35714285714285676,0.0,3.333333333333333,0.0,0.0,0.125,2.5,5.0,0.125,0.0,0.0,0.0,0.0,1.0,1.0,0.0,1.0,0.0,0.0,0.0,0.0,0.0,0.0,0.0,0.0,0.0,0.0,1.0,0.0,0.0,0.0,1.0,0.0
Travel_Frequently,Sales,Medical,0,Sales Executive,Married,0,0,2.392784206943499,1.3095238095238093,4.691756272401434,0.0,0.0,0.0,1.6666666666666667,0.8571428571428572,3.333333333333333,2.5,5.0,1.821609365112845,0.9044368600682595,0.5555555555555556,1.0714285714285712,0.0,5.0,0.0,1.6666666666666667,1.375,4.166666666666667,3.333333333333333,1.375,2.7777777777777777,1.3333333333333333,0.29411764705882354,1.0,0.0,0.0,1.0,0.0,0.0,1.0,0.0,0.0,0.0,0.0,0.0,0.0,0.0,0.0,0.0,1.0,0.0,1.0,0.0,0.0
Travel_Rarely,Research & Development,Life Sciences,0,Manufacturing Director,Married,0,1,4.196732471068754,2.0238095238095233,1.8028673835125448,1.4285714285714286,2.5,0.0,5.0,2.5714285714285716,1.6666666666666667,2.5,3.333333333333333,2.551149546509175,4.288897811684401,0.5555555555555556,3.2142857142857144,5.0,1.6666666666666667,0.0,1.6666666666666667,2.125,1.6666666666666667,3.333333333333333,2.125,3.8888888888888893,1.6666666666666665,4.411764705882353,0.0,1.0,1.0,0.0,1.0,0.0,0.0,0.0,0.0,0.0,0.0,0.0,0.0,1.0,0.0,0.0,0.0,0.0,1.0,0.0,1.0
Travel_Rarely,Research & Development,Life Sciences,0,Laboratory Technician,Divorced,0,0,1.6575901974132061,2.2619047619047614,3.5949820788530467,2.3214285714285716,2.5,0.0,5.0,4.642857142857142,3.333333333333333,0.0,0.0,0.5339063488715461,4.982935153583617,0.5555555555555556,0.35714285714285676,0.0,3.333333333333333,0.0,1.6666666666666667,2.25,1.6666666666666667,1.6666666666666667,2.25,1.9444444444444446,4.0,5.0,0.0,1.0,1.0,0.0,1.0,0.0,0.0,0.0,0.0,0.0,0.0,1.0,0.0,0.0,0.0,0.0,0.0,0.0,0.0,0.0,0.0
Travel_Rarely,Research & Development,Technical Degree,1,Research Scientist,Married,0,0,1.902654867256637,0.5952380952380953,3.129032258064516,1.6071428571428572,2.5,0.0,5.0,1.0714285714285712,5.0,0.0,3.333333333333333,0.28053153343176546,2.1545874322425216,1.1111111111111112,1.7857142857142856,0.0,5.0,0.0,1.6666666666666667,0.5,1.6666666666666667,3.333333333333333,0.25,0.5555555555555556,0.6666666666666666,0.5882352941176471,0.0,1.0,1.0,0.0,0.0,0.0,0.0,0.0,1.0,1.0,0.0,0.0,0.0,0.0,0.0,1.0,0.0,0.0,1.0,0.0,0.0
Travel_Frequently,Sales,Life Sciences,0,Sales Executive,Single,0,1,2.7263444520081688,3.452380952380952,2.204301075268817,4.642857142857142,1.25,0.0,1.6666666666666667,3.357142857142857,5.0,1.25,3.333333333333333,1.4205863741826619,1.6552901023890787,2.2222222222222223,0.35714285714285676,0.0,5.0,0.0,0.0,1.0,1.6666666666666667,3.333333333333333,0.625,1.1111111111111112,0.3333333333333333,0.8823529411764706,1.0,0.0,0.0,1.0,1.0,0.0,0.0,0.0,0.0,0.0,0.0,0.0,0.0,0.0,0.0,0.0,1.0,0.0,0.0,1.0,1.0
Travel_Frequently,Research & Development,Life Sciences,1,Manager,Divorced,0,1,1.7426820966643974,2.4999999999999996,3.9928315412186377,0.0,0.0,0.0,1.6666666666666667,1.5714285714285712,3.333333333333333,5.0,3.333333333333333,4.795401813963299,1.228468179080506,0.5555555555555556,1.0714285714285712,0.0,3.333333333333333,0.0,1.6666666666666667,2.625,2.5,3.333333333333333,2.625,2.2222222222222223,0.3333333333333333,1.7647058823529411,1.0,0.0,1.0,0.0,1.0,0.0,0.0,0.0,0.0,1.0,0.0,0.0,1.0,0.0,0.0,0.0,0.0,0.0,0.0,0.0,1.0
Travel_Rarely,Research & Development,Medical,1,Laboratory Technician,Married,0,0,2.1545268890401634,0.9523809523809521,4.587813620071684,0.3571428571428571,3.75,0.0,0.0,3.714285714285714,5.0,0.0,5.0,0.8993355832102932,2.274041357157197,0.5555555555555556,3.928571428571429,5.0,1.6666666666666667,0.0,1.6666666666666667,1.0,1.6666666666666667,3.333333333333333,1.0,1.9444444444444446,0.0,2.058823529411765,0.0,1.0,1.0,0.0,0.0,0.0,1.0,0.0,0.0,1.0,0.0,1.0,0.0,0.0,0.0,0.0,0.0,0.0,1.0,0.0,0.0
Travel_Rarely,Sales,Life Sciences,0,Sales Representative,Single,0,0,3.703199455411845,2.142857142857143,1.5268817204301075,0.17857142857142858,3.75,0.0,3.333333333333333,1.5,3.333333333333333,1.25,5.0,0.9209554946213878,1.0730776952419194,1.6666666666666667,1.4285714285714288,0.0,3.333333333333333,0.0,0.0,2.125,1.6666666666666667,1.6666666666666667,1.625,1.9444444444444446,2.0,2.058823529411765,0.0,1.0,0.0,1.0,1.0,0.0,0.0,0.0,0.0,0.0,0.0,0.0,0.0,0.0,0.0,0.0,0.0,1.0,0.0,1.0,0.0
Travel_Rarely,Research & Development,Medical,1,Laboratory Technician,Single,0,0,4.458815520762423,1.4285714285714284,0.07526881720430106,1.4285714285714286,1.25,0.0,5.0,3.785714285714285,1.6666666666666667,0.0,3.333333333333333,0.3155979751107361,2.815298132905039,0.5555555555555556,0.7142857142857144,0.0,0.0,0.0,0.0,1.25,4.166666666666667,3.333333333333333,1.25,0.0,0.3333333333333333,2.3529411764705883,0.0,1.0,1.0,0.0,0.0,0.0,1.0,0.0,0.0,1.0,0.0,1.0,0.0,0.0,0.0,0.0,0.0,0.0,0.0,1.0,0.0
Travel_Rarely,Research & Development,Medical,1,Laboratory Technician,Single,0,1,2.6889040163376445,2.7380952380952377,0.5698924731182795,0.8928571428571428,2.5,0.0,5.0,2.0714285714285716,3.333333333333333,0.0,0.0,0.9786964775363847,0.20578197149166838,1.1111111111111112,0.7142857142857144,0.0,3.333333333333333,0.0,0.0,2.5,2.5,3.333333333333333,2.25,3.611111111111111,0.6666666666666666,5.0,0.0,1.0,1.0,0.0,0.0,0.0,1.0,0.0,0.0,1.0,0.0,1.0,0.0,0.0,0.0,0.0,0.0,0.0,0.0,1.0,1.0
Travel_Rarely,Research & Development,Medical,0,Laboratory Technician,Married,0,0,0.3948264125255275,2.0238095238095233,2.555555555555556,0.0,2.5,0.0,5.0,2.142857142857143,1.6666666666666667,1.25,5.0,1.1479645644378822,1.7570768921903233,0.0,0.35714285714285676,0.0,1.6666666666666667,0.0,1.6666666666666667,1.25,0.0,3.333333333333333,1.125,1.9444444444444446,0.0,0.0,0.0,1.0,1.0,0.0,0.0,0.0,1.0,0.0,0.0,0.0,0.0,1.0,0.0,0.0,0.0,0.0,0.0,0.0,1.0,0.0,0.0
Non-Travel,Research & Development,Medical,1,Manager,Single,0,0,2.518720217835262,4.404761904761905,1.2186379928315412,0.17857142857142858,0.0,0.0,3.333333333333333,0.714285714285714,1.6666666666666667,3.75,0.0,4.151813963298882,3.0574181891186507,3.8888888888888893,1.4285714285714288,0.0,1.6666666666666667,0.0,0.0,3.875,2.5,5.0,1.125,1.9444444444444446,2.0,0.5882352941176471,0.0,0.0,1.0,0.0,0.0,0.0,1.0,0.0,0.0,1.0,0.0,0.0,1.0,0.0,0.0,0.0,0.0,0.0,0.0,1.0,0.0
Travel_Rarely,Research & Development,Other,1,Laboratory Technician,Divorced,0,0,3.679373723621511,2.0238095238095233,2.5017921146953404,1.6071428571428572,2.5,0.0,1.6666666666666667,1.0714285714285712,3.333333333333333,0.0,5.0,0.7667158827251634,1.4950813089741017,0.5555555555555556,3.2142857142857144,5.0,0.0,0.0,1.6666666666666667,0.375,3.3333333333333335,1.6666666666666667,0.375,0.5555555555555556,0.3333333333333333,0.5882352941176471,0.0,1.0,1.0,0.0,0.0,0.0,0.0,1.0,0.0,1.0,0.0,1.0,0.0,0.0,0.0,0.0,0.0,0.0,0.0,0.0,0.0
Travel_Rarely,Research & Development,Life Sciences,0,Manufacturing Director,Married,0,0,2.8250510551395505,2.619047619047619,2.795698924731183,2.5000000000000004,2.5,0.0,0.0,3.5714285714285707,1.6666666666666667,2.5,3.333333333333333,2.485235182450959,4.759285284079502,0.5555555555555556,0.7142857142857144,0.0,5.0,0.0,3.3333333333333335,2.25,1.6666666666666667,3.333333333333333,2.25,4.166666666666667,4.666666666666666,3.5294117647058822,0.0,1.0,1.0,0.0,1.0,0.0,0.0,0.0,0.0,0.0,0.0,0.0,0.0,1.0,0.0,0.0,0.0,0.0,1.0,0.0,0.0
Travel_Rarely,Research & Development,Medical,1,Laboratory Technician,Divorced,0,0,0.4050374404356705,2.4999999999999996,0.2365591397849462,0.3571428571428571,1.25,0.0,3.333333333333333,3.285714285714285,1.6666666666666667,1.25,3.333333333333333,0.5431343598396963,1.647861875125477,0.0,1.4285714285714288,0.0,5.0,0.0,1.6666666666666667,1.375,2.5,3.333333333333333,1.25,2.2222222222222223,0.0,2.058823529411765,0.0,1.0,1.0,0.0,0.0,0.0,1.0,0.0,0.0,1.0,0.0,1.0,0.0,0.0,0.0,0.0,0.0,0.0,0.0,0.0,0.0
Travel_Rarely,Sales,Medical,1,Sales Executive,Single,0,0,2.2328114363512594,1.6666666666666665,3.5448028673835124,0.8928571428571428,3.75,0.0,1.6666666666666667,4.071428571428571,3.333333333333333,1.25,3.333333333333333,1.0548934823876819,4.4583416984541255,0.5555555555555556,1.7857142857142856,0.0,0.0,0.0,0.0,1.5,0.0,3.333333333333333,1.375,2.2222222222222223,1.6666666666666665,2.058823529411765,0.0,1.0,0.0,1.0,0.0,0.0,1.0,0.0,0.0,1.0,0.0,0.0,0.0,0.0,0.0,0.0,1.0,0.0,0.0,1.0,0.0
Non-Travel,Human Resources,Life Sciences,1,Human Resources,Divorced,0,0,2.1613342409802585,1.1904761904761902,0.6308243727598566,0.0,1.25,0.0,3.333333333333333,0.9285714285714284,3.333333333333333,0.0,5.0,0.4474267032271672,1.6864083517365993,0.5555555555555556,1.4285714285714288,0.0,1.6666666666666667,0.0,1.6666666666666667,0.375,1.6666666666666667,3.333333333333333,0.375,0.5555555555555556,0.6666666666666666,0.5882352941176471,0.0,0.0,0.0,0.0,1.0,0.0,0.0,0.0,0.0,1.0,1.0,0.0,0.0,0.0,0.0,0.0,0.0,0.0,0.0,0.0,0.0
Travel_Rarely,Research & Development,Life Sciences,1,Laboratory Technician,Single,0,0,1.2559564329475832,2.142857142857143,4.630824372759856,0.7142857142857143,1.25,0.0,5.0,2.285714285714285,3.333333333333333,1.25,1.6666666666666667,1.2932398228221893,1.5761895201766714,4.444444444444445,1.7857142857142856,0.0,5.0,0.0,0.0,2.0,2.5,5.0,1.625,3.055555555555556,1.0,2.058823529411765,0.0,1.0,1.0,0.0,1.0,0.0,0.0,0.0,0.0,1.0,0.0,1.0,0.0,0.0,0.0,0.0,0.0,0.0,0.0,1.0,0.0
Travel_Rarely,Sales,Medical,0,Sales Executive,Married,0,1,0.9121851599727705,2.4999999999999996,3.7921146953405014,0.3571428571428571,1.25,0.0,5.0,0.7857142857142856,3.333333333333333,1.25,3.333333333333333,1.1150073824087745,3.14876530817105,2.2222222222222223,2.5,0.0,0.0,0.0,0.0,1.5,2.5,1.6666666666666667,0.125,0.0,0.0,0.0,0.0,1.0,0.0,1.0,0.0,0.0,1.0,0.0,0.0,0.0,0.0,0.0,0.0,0.0,0.0,0.0,1.0,0.0,1.0,0.0,1.0
Travel_Rarely,Research & Development,Medical,0,Research Scientist,Married,0,1,2.2294077603812115,2.857142857142857,1.7885304659498207,1.0714285714285714,3.75,0.0,1.6666666666666667,3.4285714285714284,5.0,1.25,1.6666666666666667,0.35936511284539124,0.7094960851234693,3.3333333333333335,1.7857142857142856,0.0,5.0,0.0,0.0,2.25,1.6666666666666667,3.333333333333333,0.125,0.0,0.0,0.0,0.0,1.0,1.0,0.0,0.0,0.0,1.0,0.0,0.0,0.0,0.0,0.0,0.0,0.0,0.0,1.0,0.0,0.0,1.0,0.0,1.0
Travel_Rarely,Sales,Marketing,1,Manager,Married,0,0,3.182437031994554,3.0952380952380953,3.566308243727599,0.7142857142857143,2.5,0.0,1.6666666666666667,4.142857142857142,3.333333333333333,5.0,1.6666666666666667,4.535962877030162,1.336478618751255,3.8888888888888893,0.0,0.0,3.333333333333333,0.0,1.6666666666666667,3.25,4.166666666666667,3.333333333333333,2.75,2.5,1.0,2.9411764705882355,0.0,1.0,0.0,1.0,0.0,1.0,0.0,0.0,0.0,1.0,0.0,0.0,1.0,0.0,0.0,0.0,0.0,0.0,1.0,0.0,0.0
Travel_Rarely,Human Resources,Human Resources,1,Human Resources,Married,0,0,2.7978216473791693,1.7857142857142856,0.1541218637992831,0.17857142857142858,2.5,0.0,1.6666666666666667,4.928571428571429,3.333333333333333,0.0,3.333333333333333,0.683136469099346,1.2718329652680185,0.5555555555555556,0.7142857142857144,0.0,5.0,0.0,1.6666666666666667,0.625,1.6666666666666667,3.333333333333333,0.625,1.1111111111111112,0.3333333333333333,1.1764705882352942,0.0,1.0,0.0,0.0,0.0,0.0,0.0,0.0,0.0,1.0,1.0,0.0,0.0,0.0,0.0,0.0,0.0,0.0,1.0,0.0,0.0
Travel_Rarely,Research & Development,Life Sciences,1,Research Director,Married,0,0,2.9475833900612662,4.166666666666666,3.1039426523297493,1.0714285714285714,2.5,0.0,3.333333333333333,2.0714285714285716,5.0,3.75,3.333333333333333,3.6397911832946632,2.2927123067657096,1.6666666666666667,2.8571428571428568,0.0,3.333333333333333,0.0,0.0,4.0,2.5,3.333333333333333,0.625,0.2777777777777778,0.3333333333333333,0.8823529411764706,0.0,1.0,1.0,0.0,1.0,0.0,0.0,0.0,0.0,1.0,0.0,0.0,0.0,0.0,1.0,0.0,0.0,0.0,1.0,0.0,0.0
Travel_Rarely,Sales,Life Sciences,0,Sales Executive,Married,0,0,0.15656909462219196,2.380952380952381,0.8637992831541219,1.6071428571428572,1.25,0.0,0.0,5.0,3.333333333333333,1.25,5.0,1.142691415313225,0.780566151375226,0.5555555555555556,0.0,0.0,3.333333333333333,0.0,1.6666666666666667,1.25,0.8333333333333334,3.333333333333333,1.25,1.9444444444444446,0.3333333333333333,2.6470588235294117,0.0,1.0,0.0,1.0,1.0,0.0,0.0,0.0,0.0,0.0,0.0,0.0,0.0,0.0,0.0,0.0,1.0,0.0,1.0,0.0,0.0
Travel_Rarely,Sales,Marketing,1,Sales Executive,Divorced,0,0,4.305650102110279,2.619047619047619,1.9856630824372759,1.6071428571428572,3.75,0.0,0.0,2.642857142857143,1.6666666666666667,2.5,1.6666666666666667,2.29276523940097,3.725757879943786,1.1111111111111112,0.35714285714285676,0.0,1.6666666666666667,0.0,1.6666666666666667,1.375,1.6666666666666667,1.6666666666666667,0.125,0.0,0.0,0.0,0.0,1.0,0.0,1.0,0.0,1.0,0.0,0.0,0.0,1.0,0.0,0.0,0.0,0.0,0.0,0.0,1.0,0.0,0.0,0.0,0.0
Travel_Rarely,Sales,Technical Degree,0,Sales Executive,Married,0,1,3.3730428863172226,2.142857142857143,4.164874551971327,1.6071428571428572,3.75,0.0,1.6666666666666667,2.357142857142857,1.6666666666666667,1.25,3.333333333333333,1.2296983758700695,0.7962256574984943,0.5555555555555556,0.7142857142857144,0.0,0.0,0.0,1.6666666666666667,1.25,3.3333333333333335,3.333333333333333,1.25,2.5,0.3333333333333333,2.058823529411765,0.0,1.0,0.0,1.0,0.0,0.0,0.0,0.0,1.0,0.0,0.0,0.0,0.0,0.0,0.0,0.0,1.0,0.0,1.0,0.0,1.0
Travel_Rarely,Sales,Medical,0,Sales Representative,Single,0,0,2.9816201497617425,0.23809523809523814,1.4193548387096775,0.17857142857142858,2.5,0.0,3.333333333333333,1.3571428571428572,1.6666666666666667,0.0,3.333333333333333,0.2728854672010124,4.006825938566553,0.5555555555555556,0.7142857142857144,0.0,5.0,0.0,0.0,0.25,2.5,1.6666666666666667,0.25,0.5555555555555556,0.0,0.5882352941176471,0.0,1.0,0.0,1.0,0.0,0.0,1.0,0.0,0.0,0.0,0.0,0.0,0.0,0.0,0.0,0.0,0.0,1.0,0.0,1.0,0.0
Travel_Rarely,Research & Development,Technical Degree,1,Laboratory Technician,Single,0,1,2.6310415248468346,0.9523809523809521,1.3154121863799284,4.107142857142857,2.5,0.0,3.333333333333333,2.5714285714285716,0.0,0.0,5.0,0.3509280742459396,4.239911664324433,0.5555555555555556,2.5,0.0,1.6666666666666667,0.0,0.0,0.125,2.5,0.0,0.125,0.0,0.0,0.0,0.0,1.0,1.0,0.0,0.0,0.0,0.0,0.0,1.0,1.0,0.0,1.0,0.0,0.0,0.0,0.0,0.0,0.0,0.0,1.0,1.0
Travel_Rarely,Research & Development,Medical,0,Research Scientist,Married,0,0,0.013614703880190603,2.619047619047619,3.9068100358422937,0.17857142857142858,3.75,0.0,3.333333333333333,4.857142857142858,3.333333333333333,0.0,3.333333333333333,0.2615481965829994,2.098976109215017,1.1111111111111112,1.0714285714285712,0.0,1.6666666666666667,0.0,5.0,2.5,1.6666666666666667,3.333333333333333,0.625,0.8333333333333334,0.0,0.5882352941176471,0.0,1.0,1.0,0.0,0.0,0.0,1.0,0.0,0.0,0.0,0.0,0.0,0.0,0.0,0.0,1.0,0.0,0.0,1.0,0.0,0.0
Travel_Rarely,Research & Development,Medical,0,Healthcare Representative,Married,0,0,3.4138869979577944,2.380952380952381,4.985663082437276,1.6071428571428572,2.5,0.0,3.333333333333333,3.285714285714285,3.333333333333333,1.25,3.333333333333333,2.3241404766926803,4.031319012246537,1.6666666666666667,2.8571428571428568,0.0,3.333333333333333,0.0,1.6666666666666667,2.25,3.3333333333333335,3.333333333333333,0.125,0.0,0.0,0.0,0.0,1.0,1.0,0.0,0.0,0.0,1.0,0.0,0.0,0.0,0.0,0.0,0.0,0.0,0.0,0.0,0.0,0.0,1.0,0.0,0.0
Travel_Rarely,Research & Development,Medical,0,Research Director,Married,0,0,4.343090537780803,3.452380952380952,0.913978494623656,0.17857142857142858,3.75,0.0,0.0,3.714285714285714,3.333333333333333,3.75,3.333333333333333,4.260704492723054,4.940574181891186,1.6666666666666667,2.8571428571428568,0.0,1.6666666666666667,0.0,3.3333333333333335,3.25,1.6666666666666667,5.0,2.5,4.722222222222222,1.6666666666666665,1.7647058823529411,0.0,1.0,1.0,0.0,0.0,0.0,1.0,0.0,0.0,0.0,0.0,0.0,0.0,0.0,1.0,0.0,0.0,0.0,1.0,0.0,0.0
Travel_Rarely,Sales,Marketing,1,Sales Executive,Married,0,0,0.8951667801225323,3.5714285714285707,2.555555555555556,0.17857142857142858,0.0,0.0,1.6666666666666667,1.8571428571428572,5.0,1.25,1.6666666666666667,1.8748681712718833,3.313190122465368,1.6666666666666667,0.35714285714285676,0.0,5.0,0.0,0.0,1.5,2.5,3.333333333333333,0.25,0.5555555555555556,0.6666666666666666,0.5882352941176471,0.0,1.0,0.0,1.0,0.0,1.0,0.0,0.0,0.0,1.0,0.0,0.0,0.0,0.0,0.0,0.0,1.0,0.0,1.0,0.0,0.0
Travel_Rarely,Research & Development,Medical,1,Laboratory Technician,Single,0,0,3.9482641252552755,2.0238095238095233,3.182795698924731,0.0,2.5,0.0,5.0,2.714285714285714,1.6666666666666667,0.0,0.0,0.37993039443155446,3.942381047982333,0.5555555555555556,2.8571428571428568,0.0,1.6666666666666667,0.0,0.0,0.375,2.5,3.333333333333333,0.375,0.0,0.3333333333333333,0.5882352941176471,0.0,1.0,1.0,0.0,0.0,0.0,1.0,0.0,0.0,1.0,0.0,1.0,0.0,0.0,0.0,0.0,0.0,0.0,0.0,1.0,0.0
Travel_Rarely,Sales,Life Sciences,0,Sales Executive,Single,0,1,4.567733151803948,1.7857142857142856,0.3835125448028674,2.678571428571429,2.5,0.0,0.0,3.142857142857143,3.333333333333333,2.5,0.0,1.991932081839274,1.605701666332062,1.1111111111111112,3.2142857142857144,5.0,3.333333333333333,0.0,0.0,1.375,1.6666666666666667,1.6666666666666667,0.0,0.0,0.0,0.0,0.0,1.0,0.0,1.0,1.0,0.0,0.0,0.0,0.0,0.0,0.0,0.0,0.0,0.0,0.0,0.0,1.0,0.0,0.0,1.0,1.0
Travel_Rarely,Research & Development,Medical,1,Research Scientist,Married,0,0,1.5078284547311094,1.7857142857142856,0.04659498207885304,1.4285714285714286,2.5,0.0,0.0,2.142857142857143,3.333333333333333,0.0,5.0,0.4672010124446319,0.846617145151576,0.0,0.7142857142857144,0.0,1.6666666666666667,0.0,1.6666666666666667,1.875,4.166666666666667,3.333333333333333,1.75,2.7777777777777777,1.3333333333333333,2.9411764705882355,0.0,1.0,1.0,0.0,0.0,0.0,1.0,0.0,0.0,1.0,0.0,0.0,0.0,0.0,0.0,1.0,0.0,0.0,1.0,0.0,0.0
Travel_Rarely,Research & Development,Medical,0,Laboratory Technician,Single,0,0,3.410483321987747,0.4761904761904763,1.5412186379928317,2.5000000000000004,2.5,0.0,1.6666666666666667,2.0714285714285716,3.333333333333333,0.0,5.0,0.4909301835055894,4.354748042561734,0.5555555555555556,1.4285714285714288,0.0,3.333333333333333,0.0,0.0,0.125,4.166666666666667,3.333333333333333,0.0,0.0,0.0,0.0,0.0,1.0,1.0,0.0,0.0,0.0,1.0,0.0,0.0,0.0,0.0,1.0,0.0,0.0,0.0,0.0,0.0,0.0,0.0,1.0,0.0
Travel_Rarely,Research & Development,Life Sciences,1,Laboratory Technician,Married,0,1,3.6657590197413206,2.7380952380952377,0.2258064516129032,1.9642857142857142,3.75,0.0,1.6666666666666667,1.1428571428571428,3.333333333333333,0.0,5.0,0.9905610630668635,1.3967074884561335,1.6666666666666667,0.0,0.0,0.0,0.0,1.6666666666666667,0.75,3.3333333333333335,3.333333333333333,0.125,0.0,0.0,0.0,0.0,1.0,1.0,0.0,1.0,0.0,0.0,0.0,0.0,1.0,0.0,1.0,0.0,0.0,0.0,0.0,0.0,0.0,1.0,0.0,1.0
Travel_Frequently,Research & Development,Life Sciences,1,Research Director,Married,0,1,2.848876786929884,4.761904761904761,3.9856630824372763,2.5000000000000004,3.75,0.0,0.0,4.071428571428571,3.333333333333333,3.75,3.333333333333333,3.896329888209238,3.9208994177875924,1.1111111111111112,1.0714285714285712,0.0,1.6666666666666667,0.0,0.0,2.875,2.5,3.333333333333333,0.25,0.5555555555555556,0.6666666666666666,0.5882352941176471,1.0,0.0,1.0,0.0,1.0,0.0,0.0,0.0,0.0,1.0,0.0,0.0,0.0,0.0,1.0,0.0,0.0,0.0,1.0,0.0,1.0
Non-Travel,Sales,Medical,1,Sales Representative,Single,0,0,4.465622872702519,0.3571428571428572,2.835125448028674,1.4285714285714286,1.25,0.0,0.0,0.6428571428571428,3.333333333333333,0.0,5.0,0.42211558742881244,0.15197751455531022,0.5555555555555556,4.642857142857142,5.0,3.333333333333333,0.0,0.0,0.375,2.5,1.6666666666666667,0.375,0.5555555555555556,0.6666666666666666,0.5882352941176471,0.0,0.0,0.0,1.0,0.0,0.0,1.0,0.0,0.0,1.0,0.0,0.0,0.0,0.0,0.0,0.0,0.0,1.0,0.0,1.0,0.0
Travel_Rarely,Research & Development,Technical Degree,1,Laboratory Technician,Divorced,0,0,1.034717494894486,1.1904761904761902,4.659498207885305,2.857142857142857,2.5,0.0,3.333333333333333,0.1428571428571428,1.6666666666666667,0.0,5.0,0.3580468255642269,3.349728970086328,2.7777777777777777,0.35714285714285676,0.0,0.0,0.0,1.6666666666666667,0.75,1.6666666666666667,1.6666666666666667,0.5,0.2777777777777778,0.0,0.8823529411764706,0.0,1.0,1.0,0.0,0.0,0.0,0.0,0.0,1.0,1.0,0.0,1.0,0.0,0.0,0.0,0.0,0.0,0.0,0.0,0.0,0.0
Travel_Frequently,Research & Development,Life Sciences,0,Research Scientist,Single,0,1,3.9176310415248468,1.6666666666666665,0.4802867383512544,0.7142857142857143,1.25,0.0,0.0,1.214285714285714,5.0,0.0,3.333333333333333,0.3751845602193629,2.6548885765910457,1.6666666666666667,1.0714285714285712,0.0,0.0,0.0,0.0,1.0,1.6666666666666667,3.333333333333333,0.5,0.2777777777777778,0.0,0.8823529411764706,1.0,0.0,1.0,0.0,1.0,0.0,0.0,0.0,0.0,0.0,0.0,0.0,0.0,0.0,0.0,1.0,0.0,0.0,0.0,1.0,1.0
Travel_Rarely,Sales,Marketing,1,Sales Executive,Married,0,0,1.0653505786249147,2.2619047619047614,1.7383512544802868,1.4285714285714286,1.25,0.0,1.6666666666666667,1.1428571428571428,1.6666666666666667,1.25,1.6666666666666667,0.838430710820502,1.3463160008030517,0.5555555555555556,1.0714285714285712,0.0,0.0,0.0,3.3333333333333335,0.625,1.6666666666666667,3.333333333333333,0.625,0.5555555555555556,0.0,0.8823529411764706,0.0,1.0,0.0,1.0,0.0,1.0,0.0,0.0,0.0,1.0,0.0,0.0,0.0,0.0,0.0,0.0,1.0,0.0,1.0,0.0,0.0
Travel_Frequently,Research & Development,Medical,0,Research Scientist,Single,0,0,0.5071477195371,2.976190476190476,3.057347670250896,4.821428571428571,2.5,0.0,1.6666666666666667,2.9999999999999996,5.0,0.0,3.333333333333333,0.9834423117485762,2.8098775346316,2.2222222222222223,0.35714285714285676,0.0,5.0,0.0,0.0,2.25,1.6666666666666667,3.333333333333333,0.375,0.5555555555555556,0.3333333333333333,0.5882352941176471,1.0,0.0,1.0,0.0,0.0,0.0,1.0,0.0,0.0,0.0,0.0,0.0,0.0,0.0,0.0,1.0,0.0,0.0,0.0,1.0,0.0
Travel_Rarely,Sales,Marketing,0,Sales Executive,Married,0,0,1.9537100068073516,1.6666666666666665,2.4982078853046596,0.0,3.75,0.0,3.333333333333333,1.2857142857142856,3.333333333333333,2.5,5.0,2.481807635519932,4.4043364786187515,0.5555555555555556,2.8571428571428568,0.0,3.333333333333333,0.0,3.3333333333333335,1.75,2.5,3.333333333333333,1.75,2.7777777777777777,1.6666666666666665,2.058823529411765,0.0,1.0,0.0,1.0,0.0,1.0,0.0,0.0,0.0,0.0,0.0,0.0,0.0,0.0,0.0,0.0,1.0,0.0,1.0,0.0,0.0
Travel_Rarely,Research & Development,Other,1,Manufacturing Director,Single,0,0,0.17018379850238258,2.0238095238095233,3.032258064516129,1.0714285714285714,2.5,0.0,3.333333333333333,2.0714285714285716,3.333333333333333,2.5,3.333333333333333,2.428812486817127,3.3677976309977917,1.6666666666666667,3.571428571428571,5.0,1.6666666666666667,0.0,0.0,2.125,2.5,5.0,1.0,1.3888888888888888,0.3333333333333333,1.7647058823529411,0.0,1.0,1.0,0.0,0.0,0.0,0.0,1.0,0.0,1.0,0.0,0.0,0.0,1.0,0.0,0.0,0.0,0.0,0.0,1.0,0.0
Travel_Rarely,Sales,Medical,0,Sales Executive,Single,0,0,3.9074200136147037,2.857142857142857,1.2831541218637994,2.3214285714285716,1.25,0.0,3.333333333333333,2.714285714285714,1.6666666666666667,1.25,3.333333333333333,1.380246783379034,1.1503714113631802,3.8888888888888893,2.1428571428571423,0.0,0.0,0.0,0.0,1.25,5.0,3.333333333333333,0.625,1.1111111111111112,0.0,0.8823529411764706,0.0,1.0,0.0,1.0,0.0,0.0,1.0,0.0,0.0,0.0,0.0,0.0,0.0,0.0,0.0,0.0,1.0,0.0,0.0,1.0,0.0
Travel_Rarely,Research & Development,Life Sciences,0,Manufacturing Director,Single,0,0,2.471068754254595,2.4999999999999996,3.5304659498207887,0.8928571428571428,2.5,0.0,1.6666666666666667,0.1428571428571428,3.333333333333333,2.5,1.6666666666666667,1.9423644800674962,1.4165830154587433,2.2222222222222223,2.5,0.0,5.0,0.0,0.0,1.125,2.5,3.333333333333333,0.25,0.0,0.6666666666666666,0.5882352941176471,0.0,1.0,1.0,0.0,1.0,0.0,0.0,0.0,0.0,0.0,0.0,0.0,0.0,1.0,0.0,0.0,0.0,0.0,0.0,1.0,0.0
Travel_Rarely,Research & Development,Medical,0,Healthcare Representative,Divorced,0,0,2.8352620830496935,2.619047619047619,3.935483870967742,0.17857142857142858,0.0,0.0,1.6666666666666667,4.2142857142857135,5.0,1.25,3.333333333333333,1.4153132250580045,2.3677976309977913,2.7777777777777777,3.2142857142857144,5.0,1.6666666666666667,0.0,5.0,1.875,0.0,3.333333333333333,1.5,3.055555555555556,3.6666666666666665,2.3529411764705883,0.0,1.0,1.0,0.0,0.0,0.0,1.0,0.0,0.0,0.0,0.0,0.0,0.0,0.0,0.0,0.0,0.0,0.0,0.0,0.0,0.0
Travel_Rarely,Research & Development,Life Sciences,1,Research Director,Married,0,0,3.7950987066031314,3.3333333333333335,3.2437275985663083,0.17857142857142858,2.5,0.0,0.0,1.5,3.333333333333333,3.75,3.333333333333333,4.443155452436195,0.0389480024091548,3.3333333333333335,0.7142857142857144,0.0,3.333333333333333,0.0,0.0,3.25,1.6666666666666667,0.0,0.375,0.5555555555555556,0.0,0.29411764705882354,0.0,1.0,1.0,0.0,1.0,0.0,0.0,0.0,0.0,1.0,0.0,0.0,0.0,0.0,1.0,0.0,0.0,0.0,1.0,0.0,0.0
Travel_Rarely,Research & Development,Medical,1,Healthcare Representative,Single,0,0,1.599727705922396,1.1904761904761902,4.917562724014337,2.678571428571429,1.25,0.0,1.6666666666666667,2.714285714285714,5.0,1.25,0.0,1.2265344863952752,0.5480827143143947,0.0,2.8571428571428568,0.0,3.333333333333333,0.0,0.0,1.125,1.6666666666666667,3.333333333333333,1.0,0.8333333333333334,0.0,2.058823529411765,0.0,1.0,1.0,0.0,0.0,0.0,1.0,0.0,0.0,1.0,0.0,0.0,0.0,0.0,0.0,0.0,0.0,0.0,0.0,1.0,0.0
Travel_Rarely,Sales,Life Sciences,0,Sales Representative,Single,0,1,3.3049693669162696,3.452380952380952,4.838709677419355,0.17857142857142858,3.75,0.0,5.0,2.4999999999999996,1.6666666666666667,0.0,5.0,0.6024572874920902,2.2170246938365787,0.5555555555555556,2.5,0.0,0.0,0.0,0.0,0.375,2.5,1.6666666666666667,0.375,0.5555555555555556,0.3333333333333333,0.5882352941176471,0.0,1.0,0.0,1.0,1.0,0.0,0.0,0.0,0.0,0.0,0.0,0.0,0.0,0.0,0.0,0.0,0.0,1.0,0.0,1.0,1.0
Travel_Rarely,Research & Development,Life Sciences,1,Laboratory Technician,Married,0,0,2.2226004084411164,3.809523809523809,2.5089605734767026,1.4285714285714286,2.5,0.0,0.0,2.4285714285714284,3.333333333333333,0.0,5.0,0.3614743724952541,3.6279863481228665,2.2222222222222223,2.5,0.0,1.6666666666666667,0.0,0.0,1.0,4.166666666666667,3.333333333333333,0.125,0.0,0.0,0.0,0.0,1.0,1.0,0.0,1.0,0.0,0.0,0.0,0.0,1.0,0.0,1.0,0.0,0.0,0.0,0.0,0.0,0.0,1.0,0.0,0.0
Travel_Frequently,Research & Development,Life Sciences,0,Laboratory Technician,Married,0,0,1.3580667120490126,2.4999999999999996,1.2150537634408602,1.25,0.0,0.0,3.333333333333333,1.2857142857142856,3.333333333333333,0.0,3.333333333333333,0.7240033748154397,3.1676370206785784,0.5555555555555556,0.0,0.0,0.0,0.0,1.6666666666666667,1.0,2.5,3.333333333333333,1.0,0.8333333333333334,0.0,2.058823529411765,1.0,0.0,1.0,0.0,1.0,0.0,0.0,0.0,0.0,0.0,0.0,1.0,0.0,0.0,0.0,0.0,0.0,0.0,1.0,0.0,0.0
Travel_Rarely,Research & Development,Life Sciences,1,Manufacturing Director,Divorced,0,0,1.7392784206943497,2.2619047619047614,3.6236559139784945,0.0,3.75,0.0,0.0,1.5,1.6666666666666667,1.25,3.333333333333333,1.3140687618645854,0.11945392491467582,0.5555555555555556,2.5,0.0,3.333333333333333,0.0,1.6666666666666667,0.875,1.6666666666666667,5.0,0.875,1.3888888888888888,0.0,2.058823529411765,0.0,1.0,1.0,0.0,1.0,0.0,0.0,0.0,0.0,1.0,0.0,0.0,0.0,1.0,0.0,0.0,0.0,0.0,0.0,0.0,0.0
Travel_Rarely,Research & Development,Life Sciences,1,Research Scientist,Married,0,0,1.0891763104152483,1.3095238095238093,4.387096774193548,0.17857142857142858,2.5,0.0,3.333333333333333,3.285714285714285,3.333333333333333,0.0,1.6666666666666667,0.4466357308584686,0.5745834169845412,0.0,4.2857142857142865,5.0,5.0,0.0,1.6666666666666667,0.75,2.5,3.333333333333333,0.625,1.1111111111111112,0.0,1.1764705882352942,0.0,1.0,1.0,0.0,1.0,0.0,0.0,0.0,0.0,1.0,0.0,0.0,0.0,0.0,0.0,1.0,0.0,0.0,1.0,0.0,0.0
Travel_Rarely,Research & Development,Medical,1,Manager,Married,0,0,0.06466984343090537,3.6904761904761902,3.5627240143369177,0.5357142857142857,1.25,0.0,0.0,3.9285714285714284,1.6666666666666667,5.0,3.333333333333333,4.667264290234128,2.0136518771331056,1.1111111111111112,0.7142857142857144,0.0,3.333333333333333,0.0,1.6666666666666667,2.875,1.6666666666666667,5.0,0.125,0.0,0.0,0.0,0.0,1.0,1.0,0.0,0.0,0.0,1.0,0.0,0.0,1.0,0.0,0.0,1.0,0.0,0.0,0.0,0.0,0.0,1.0,0.0,0.0
Travel_Rarely,Research & Development,Medical,1,Healthcare Representative,Married,0,0,2.3281143635125936,4.642857142857142,1.752688172043011,0.0,3.75,0.0,5.0,4.142857142857142,3.333333333333333,1.25,3.333333333333333,1.5149757435140265,0.17526601084119658,1.1111111111111112,0.0,0.0,3.333333333333333,0.0,0.0,1.875,1.6666666666666667,3.333333333333333,0.375,0.5555555555555556,0.3333333333333333,0.5882352941176471,0.0,1.0,1.0,0.0,0.0,0.0,1.0,0.0,0.0,1.0,0.0,0.0,0.0,0.0,0.0,0.0,0.0,0.0,1.0,0.0,0.0
Non-Travel,Sales,Medical,0,Sales Executive,Single,0,0,0.1191286589516678,2.142857142857143,2.6559139784946235,0.0,5.0,0.0,5.0,1.0714285714285712,3.333333333333333,1.25,5.0,1.4880826829782745,2.646456534832363,2.2222222222222223,1.4285714285714288,0.0,1.6666666666666667,0.0,0.0,0.875,5.0,3.333333333333333,0.125,0.0,0.0,0.0,0.0,0.0,0.0,1.0,0.0,0.0,1.0,0.0,0.0,0.0,0.0,0.0,0.0,0.0,0.0,0.0,1.0,0.0,0.0,1.0,0.0
Travel_Rarely,Research & Development,Medical,1,Laboratory Technician,Married,0,0,3.0701157249829816,0.9523809523809521,1.0250896057347672,2.857142857142857,3.75,0.0,5.0,2.285714285714285,0.0,0.0,3.333333333333333,0.3417000632777894,0.8277454326440474,0.5555555555555556,1.4285714285714288,0.0,3.333333333333333,0.0,5.0,0.375,2.5,5.0,0.375,0.5555555555555556,0.0,0.5882352941176471,0.0,1.0,1.0,0.0,0.0,0.0,1.0,0.0,0.0,1.0,0.0,1.0,0.0,0.0,0.0,0.0,0.0,0.0,1.0,0.0,0.0
Non-Travel,Sales,Marketing,0,Sales Executive,Married,0,1,2.814840027229408,2.0238095238095233,3.9713261648745517,1.25,1.25,0.0,3.333333333333333,3.4285714285714284,1.6666666666666667,2.5,5.0,2.4699430499894532,2.341096165428629,2.2222222222222223,0.0,0.0,1.6666666666666667,0.0,1.6666666666666667,2.0,5.0,1.6666666666666667,1.625,0.5555555555555556,1.3333333333333333,3.5294117647058822,0.0,0.0,0.0,1.0,0.0,1.0,0.0,0.0,0.0,0.0,0.0,0.0,0.0,0.0,0.0,0.0,1.0,0.0,1.0,0.0,1.0
Travel_Frequently,Research & Development,Medical,1,Research Scientist,Divorced,0,1,4.482641252552757,3.0952380952380953,1.1648745519713262,0.0,1.25,0.0,3.333333333333333,4.928571428571429,3.333333333333333,0.0,1.6666666666666667,0.3514553891584053,1.8064645653483236,0.5555555555555556,0.35714285714285676,0.0,3.333333333333333,0.0,5.0,0.75,1.6666666666666667,1.6666666666666667,0.625,0.8333333333333334,0.6666666666666666,0.8823529411764706,1.0,0.0,1.0,0.0,0.0,0.0,1.0,0.0,0.0,1.0,0.0,0.0,0.0,0.0,0.0,1.0,0.0,0.0,0.0,0.0,1.0
Travel_Rarely,Sales,Marketing,1,Sales Executive,Married,0,0,1.385296119809394,2.142857142857143,0.8279569892473118,2.857142857142857,1.25,0.0,3.333333333333333,0.2142857142857144,1.6666666666666667,1.25,1.6666666666666667,1.1859312381354143,2.9568359767115036,1.1111111111111112,1.7857142857142856,0.0,3.333333333333333,0.0,3.3333333333333335,1.5,0.8333333333333334,0.0,0.5,0.5555555555555556,0.3333333333333333,0.8823529411764706,0.0,1.0,0.0,1.0,0.0,1.0,0.0,0.0,0.0,1.0,0.0,0.0,0.0,0.0,0.0,0.0,1.0,0.0,1.0,0.0,0.0
Travel_Rarely,Research & Development,Technical Degree,1,Research Scientist,Single,0,0,3.1313818924438395,1.3095238095238093,0.43010752688172044,0.0,3.75,0.0,0.0,5.0,1.6666666666666667,0.0,0.0,0.35672853828306256,1.0989761092150172,3.3333333333333335,0.7142857142857144,0.0,3.333333333333333,0.0,0.0,1.375,1.6666666666666667,0.0,1.125,1.9444444444444446,0.0,2.058823529411765,0.0,1.0,1.0,0.0,0.0,0.0,0.0,0.0,1.0,1.0,0.0,0.0,0.0,0.0,0.0,1.0,0.0,0.0,0.0,1.0,0.0
Travel_Rarely,Research & Development,Life Sciences,1,Research Scientist,Married,0,0,1.8277739959155885,2.0238095238095233,2.5627240143369177,3.035714285714286,5.0,0.0,1.6666666666666667,1.2857142857142856,5.0,1.25,0.0,1.1070976587217887,4.862075888375828,0.5555555555555556,0.0,0.0,5.0,0.0,0.0,2.0,1.6666666666666667,3.333333333333333,2.0,4.166666666666667,0.3333333333333333,2.9411764705882355,0.0,1.0,1.0,0.0,1.0,0.0,0.0,0.0,0.0,1.0,0.0,0.0,0.0,0.0,0.0,1.0,0.0,0.0,1.0,0.0,0.0
Non-Travel,Research & Development,Medical,0,Research Scientist,Single,0,0,2.57998638529612,0.0,4.756272401433692,2.3214285714285716,2.5,0.0,1.6666666666666667,0.2142857142857144,3.333333333333333,0.0,3.333333333333333,0.13314701539759544,1.1893194137723349,0.5555555555555556,1.7857142857142856,0.0,3.333333333333333,0.0,0.0,0.0,3.3333333333333335,0.0,0.0,0.0,0.0,0.0,0.0,0.0,1.0,0.0,0.0,0.0,1.0,0.0,0.0,0.0,0.0,0.0,0.0,0.0,0.0,1.0,0.0,0.0,0.0,1.0,0.0
Travel_Rarely,Human Resources,Human Resources,1,Human Resources,Married,0,0,3.6147038801906057,1.9047619047619047,2.598566308243728,0.3571428571428571,1.25,0.0,3.333333333333333,4.142857142857142,3.333333333333333,0.0,5.0,0.7192575406032482,0.029913671953423038,0.0,2.8571428571428568,0.0,3.333333333333333,0.0,1.6666666666666667,0.5,0.8333333333333334,0.0,0.375,0.5555555555555556,0.0,0.5882352941176471,0.0,1.0,0.0,0.0,0.0,0.0,0.0,0.0,0.0,1.0,1.0,0.0,0.0,0.0,0.0,0.0,0.0,0.0,1.0,0.0,0.0
Travel_Rarely,Sales,Life Sciences,0,Sales Executive,Married,0,0,0.8339006126616746,1.9047619047619047,3.609318996415771,1.25,1.25,0.0,3.333333333333333,4.5,3.333333333333333,1.25,0.0,1.4477430921746466,2.250752860871311,2.7777777777777777,2.1428571428571423,0.0,1.6666666666666667,0.0,1.6666666666666667,0.75,0.8333333333333334,3.333333333333333,0.375,0.5555555555555556,0.3333333333333333,0.5882352941176471,0.0,1.0,0.0,1.0,1.0,0.0,0.0,0.0,0.0,0.0,0.0,0.0,0.0,0.0,0.0,0.0,1.0,0.0,1.0,0.0,0.0
Travel_Rarely,Research & Development,Life Sciences,1,Research Scientist,Single,0,0,3.835942818243703,1.3095238095238093,2.010752688172043,2.5000000000000004,2.5,0.0,3.333333333333333,2.142857142857143,3.333333333333333,0.0,5.0,0.3509280742459396,4.131499698855651,0.5555555555555556,2.8571428571428568,0.0,0.0,0.0,0.0,0.75,0.8333333333333334,3.333333333333333,0.75,1.3888888888888888,0.3333333333333333,1.4705882352941178,0.0,1.0,1.0,0.0,1.0,0.0,0.0,0.0,0.0,1.0,0.0,0.0,0.0,0.0,0.0,1.0,0.0,0.0,0.0,1.0,0.0
Travel_Rarely,Research & Development,Other,0,Laboratory Technician,Married,0,0,2.668481960517359,2.380952380952381,3.7598566308243724,0.8928571428571428,1.25,0.0,5.0,0.714285714285714,1.6666666666666667,0.0,3.333333333333333,0.710029529635098,2.8672957237502508,0.5555555555555556,0.0,0.0,1.6666666666666667,0.0,1.6666666666666667,0.625,2.5,3.333333333333333,0.625,1.1111111111111112,0.0,1.1764705882352942,0.0,1.0,1.0,0.0,0.0,0.0,0.0,1.0,0.0,0.0,0.0,1.0,0.0,0.0,0.0,0.0,0.0,0.0,1.0,0.0,0.0
Non-Travel,Research & Development,Life Sciences,1,Research Scientist,Divorced,0,0,1.6643975493533014,2.7380952380952377,2.8745519713261647,0.7142857142857143,1.25,0.0,0.0,4.642857142857142,1.6666666666666667,0.0,0.0,0.2894958869436827,3.6536839991969483,3.3333333333333335,2.1428571428571423,0.0,0.0,0.0,1.6666666666666667,0.625,1.6666666666666667,0.0,0.125,0.0,0.0,0.0,0.0,0.0,1.0,0.0,1.0,0.0,0.0,0.0,0.0,1.0,0.0,0.0,0.0,0.0,0.0,1.0,0.0,0.0,0.0,0.0,0.0
Travel_Frequently,Research & Development,Medical,0,Research Director,Married,0,1,0.5241660993873383,2.857142857142857,1.2688172043010753,4.464285714285714,5.0,0.0,0.0,2.142857142857143,3.333333333333333,2.5,0.0,3.2118751318287275,4.253563541457538,1.6666666666666667,2.1428571428571423,0.0,3.333333333333333,0.0,0.0,2.5,5.0,3.333333333333333,0.125,0.0,0.0,0.0,1.0,0.0,1.0,0.0,0.0,0.0,1.0,0.0,0.0,0.0,0.0,0.0,0.0,0.0,1.0,0.0,0.0,0.0,1.0,0.0,1.0
Travel_Rarely,Research & Development,Life Sciences,1,Research Scientist,Married,0,0,3.270932607215793,2.2619047619047614,1.0896057347670252,3.2142857142857144,1.25,0.0,1.6666666666666667,3.0714285714285716,3.333333333333333,0.0,1.6666666666666667,0.5307424593967516,1.6328046576992572,2.2222222222222223,3.571428571428571,5.0,0.0,0.0,0.0,1.0,0.8333333333333334,3.333333333333333,0.125,0.0,0.0,0.0,0.0,1.0,1.0,0.0,1.0,0.0,0.0,0.0,0.0,1.0,0.0,0.0,0.0,0.0,0.0,1.0,0.0,0.0,1.0,0.0,0.0
Travel_Rarely,Sales,Medical,1,Manager,Divorced,0,0,2.9033356024506465,4.166666666666666,4.559139784946237,0.17857142857142858,1.25,0.0,3.333333333333333,1.0714285714285712,3.333333333333333,3.75,3.333333333333333,3.6498101666315117,2.3778357759486046,3.3333333333333335,0.7142857142857144,0.0,3.333333333333333,0.0,1.6666666666666667,2.75,2.5,5.0,2.125,3.611111111111111,5.0,0.5882352941176471,0.0,1.0,0.0,1.0,0.0,0.0,1.0,0.0,0.0,1.0,0.0,0.0,1.0,0.0,0.0,0.0,0.0,0.0,0.0,0.0,0.0
Travel_Rarely,Sales,Life Sciences,0,Sales Executive,Married,0,0,2.1272974812797822,1.3095238095238093,1.0896057347670252,3.9285714285714293,0.0,0.0,5.0,1.0714285714285712,1.6666666666666667,2.5,0.0,1.6681607255853195,1.8205179682794619,0.5555555555555556,0.7142857142857144,0.0,0.0,0.0,1.6666666666666667,1.375,2.5,0.0,1.375,2.2222222222222223,1.0,2.9411764705882355,0.0,1.0,0.0,1.0,1.0,0.0,0.0,0.0,0.0,0.0,0.0,0.0,0.0,0.0,0.0,0.0,1.0,0.0,1.0,0.0,0.0
Travel_Rarely,Research & Development,Life Sciences,0,Research Director,Married,0,1,2.331518039482641,2.2619047619047614,0.2043010752688172,1.6071428571428572,2.5,0.0,3.333333333333333,0.8571428571428572,5.0,2.5,5.0,3.3576777051255005,2.685605300140534,0.5555555555555556,5.0,5.0,0.0,0.0,1.6666666666666667,2.0,1.6666666666666667,3.333333333333333,2.0,3.055555555555556,2.0,2.3529411764705883,0.0,1.0,1.0,0.0,1.0,0.0,0.0,0.0,0.0,0.0,0.0,0.0,0.0,0.0,1.0,0.0,0.0,0.0,1.0,0.0,1.0
Travel_Frequently,Sales,Medical,1,Sales Executive,Married,0,0,1.9366916269571135,1.7857142857142856,1.168458781362007,1.0714285714285714,2.5,0.0,5.0,1.714285714285714,3.333333333333333,1.25,0.0,0.8869436827673487,3.0841196546878136,0.0,1.0714285714285712,0.0,0.0,0.0,3.3333333333333335,0.625,1.6666666666666667,3.333333333333333,0.5,0.8333333333333334,0.0,0.8823529411764706,1.0,0.0,0.0,1.0,0.0,0.0,1.0,0.0,0.0,1.0,0.0,0.0,0.0,0.0,0.0,0.0,1.0,0.0,1.0,0.0,0.0
Travel_Rarely,Sales,Marketing,1,Sales Executive,Single,0,1,4.761742682096664,0.9523809523809521,3.032258064516129,0.5357142857142857,3.75,0.0,5.0,1.2857142857142856,1.6666666666666667,1.25,5.0,1.2705652815861632,1.27604898614736,0.5555555555555556,0.35714285714285676,0.0,1.6666666666666667,0.0,0.0,1.0,0.0,3.333333333333333,1.0,1.9444444444444446,2.333333333333333,1.1764705882352942,0.0,1.0,0.0,1.0,0.0,1.0,0.0,0.0,0.0,1.0,0.0,0.0,0.0,0.0,0.0,0.0,1.0,0.0,0.0,1.0,1.0
Travel_Rarely,Research & Development,Medical,1,Research Director,Married,0,0,0.057862491490810075,4.285714285714285,2.5698924731182795,0.7142857142857143,1.25,0.0,0.0,3.9999999999999996,3.333333333333333,5.0,0.0,4.850506222315967,1.2878939971893195,2.2222222222222223,0.0,0.0,3.333333333333333,0.0,1.6666666666666667,3.0,3.3333333333333335,1.6666666666666667,0.5,0.5555555555555556,0.3333333333333333,0.5882352941176471,0.0,1.0,1.0,0.0,0.0,0.0,1.0,0.0,0.0,1.0,0.0,0.0,0.0,0.0,1.0,0.0,0.0,0.0,1.0,0.0,0.0
Travel_Rarely,Research & Development,Life Sciences,1,Research Director,Married,0,0,0.4322668481960517,2.976190476190476,2.924731182795699,0.3571428571428571,2.5,0.0,3.333333333333333,4.7142857142857135,0.0,5.0,5.0,4.938567812697743,3.3188114836378237,1.6666666666666667,1.0714285714285712,0.0,1.6666666666666667,0.0,1.6666666666666667,3.125,1.6666666666666667,3.333333333333333,1.0,1.9444444444444446,0.0,2.058823529411765,0.0,1.0,1.0,0.0,1.0,0.0,0.0,0.0,0.0,1.0,0.0,0.0,0.0,0.0,1.0,0.0,0.0,0.0,1.0,0.0,0.0
Travel_Frequently,Human Resources,Life Sciences,0,Human Resources,Divorced,0,1,3.1552076242341727,0.9523809523809521,1.1541218637992832,2.857142857142857,3.75,0.0,1.6666666666666667,1.9999999999999996,3.333333333333333,0.0,3.333333333333333,0.4566547141953174,4.158602690222847,0.0,0.0,0.0,1.6666666666666667,0.0,1.6666666666666667,1.0,1.6666666666666667,1.6666666666666667,0.875,1.9444444444444446,0.3333333333333333,0.0,1.0,0.0,0.0,0.0,1.0,0.0,0.0,0.0,0.0,0.0,1.0,0.0,0.0,0.0,0.0,0.0,0.0,0.0,0.0,0.0,1.0
Travel_Rarely,Research & Development,Medical,1,Laboratory Technician,Single,0,0,3.3356024506466984,2.142857142857143,2.989247311827957,0.17857142857142858,3.75,0.0,3.333333333333333,3.4999999999999996,3.333333333333333,0.0,3.333333333333333,0.398122758911622,2.0463762296727563,2.2222222222222223,3.571428571428571,5.0,3.333333333333333,0.0,0.0,2.0,5.0,3.333333333333333,1.375,2.2222222222222223,1.0,2.6470588235294117,0.0,1.0,1.0,0.0,0.0,0.0,1.0,0.0,0.0,1.0,0.0,1.0,0.0,0.0,0.0,0.0,0.0,0.0,0.0,1.0,0.0
Travel_Rarely,Research & Development,Medical,1,Research Scientist,Single,0,0,4.901293396868618,2.4999999999999996,0.9175627240143369,3.9285714285714293,2.5,0.0,3.333333333333333,4.5,3.333333333333333,0.0,0.0,0.7632883357941362,4.027303754266211,0.0,0.7142857142857144,0.0,0.0,0.0,0.0,0.75,1.6666666666666667,3.333333333333333,0.625,0.5555555555555556,0.0,0.8823529411764706,0.0,1.0,1.0,0.0,0.0,0.0,1.0,0.0,0.0,1.0,0.0,0.0,0.0,0.0,0.0,1.0,0.0,0.0,0.0,1.0,0.0
Travel_Rarely,Research & Development,Life Sciences,1,Research Director,Divorced,0,1,0.6466984343090537,2.380952380952381,0.8566308243727598,2.5000000000000004,1.25,0.0,3.333333333333333,4.428571428571429,1.6666666666666667,2.5,5.0,2.768666947901286,2.7279662718329654,0.0,1.0714285714285712,0.0,1.6666666666666667,0.0,1.6666666666666667,1.5,2.5,3.333333333333333,1.375,2.7777777777777777,0.6666666666666666,2.6470588235294117,0.0,1.0,1.0,0.0,1.0,0.0,0.0,0.0,0.0,1.0,0.0,0.0,0.0,0.0,1.0,0.0,0.0,0.0,0.0,0.0,1.0
Travel_Rarely,Research & Development,Medical,1,Laboratory Technician,Single,0,0,3.876786929884275,1.7857142857142856,2.939068100358423,0.17857142857142858,2.5,0.0,3.333333333333333,3.4285714285714284,3.333333333333333,0.0,5.0,0.39205863741826613,0.918691025898414,2.2222222222222223,0.0,0.0,5.0,0.0,0.0,0.875,2.5,3.333333333333333,0.125,0.2777777777777778,0.0,0.0,0.0,1.0,1.0,0.0,0.0,0.0,1.0,0.0,0.0,1.0,0.0,1.0,0.0,0.0,0.0,0.0,0.0,0.0,0.0,1.0,0.0
Non-Travel,Research & Development,Medical,1,Research Director,Divorced,0,0,3.37644656228727,2.619047619047619,0.40860215053763443,1.25,0.0,0.0,5.0,1.7857142857142856,1.6666666666666667,2.5,1.6666666666666667,3.3611052520565274,4.634410760891387,1.1111111111111112,0.0,0.0,3.333333333333333,0.0,1.6666666666666667,2.0,4.166666666666667,3.333333333333333,1.125,2.2222222222222223,1.3333333333333333,2.3529411764705883,0.0,0.0,1.0,0.0,0.0,0.0,1.0,0.0,0.0,1.0,0.0,0.0,0.0,0.0,1.0,0.0,0.0,0.0,0.0,0.0,0.0
Travel_Frequently,Research & Development,Life Sciences,0,Research Scientist,Divorced,0,0,4.880871341048332,1.3095238095238093,1.3835125448028673,1.6071428571428572,2.5,0.0,5.0,2.214285714285714,3.333333333333333,0.0,1.6666666666666667,0.6016663151233916,3.1812888978116844,0.0,1.0714285714285712,0.0,5.0,0.0,3.3333333333333335,1.0,1.6666666666666667,1.6666666666666667,0.875,1.3888888888888888,0.3333333333333333,0.29411764705882354,1.0,0.0,1.0,0.0,1.0,0.0,0.0,0.0,0.0,0.0,0.0,0.0,0.0,0.0,0.0,1.0,0.0,0.0,0.0,0.0,0.0
Travel_Frequently,Research & Development,Other,0,Healthcare Representative,Married,0,1,4.172906739278421,1.7857142857142856,2.5913978494623655,0.0,3.75,0.0,3.333333333333333,3.857142857142857,5.0,1.25,1.6666666666666667,1.18092174646699,3.627183296526802,0.5555555555555556,0.7142857142857144,0.0,0.0,0.0,1.6666666666666667,0.75,1.6666666666666667,3.333333333333333,0.75,1.3888888888888888,0.3333333333333333,0.5882352941176471,1.0,0.0,1.0,0.0,0.0,0.0,0.0,1.0,0.0,0.0,0.0,0.0,0.0,0.0,0.0,0.0,0.0,0.0,1.0,0.0,1.0
Travel_Rarely,Sales,Medical,0,Sales Executive,Single,0,0,2.062627637848877,0.833333333333333,2.792114695340502,4.464285714285714,0.0,0.0,3.333333333333333,0.1428571428571428,3.333333333333333,1.25,5.0,1.3633727061801306,4.158401927323831,0.5555555555555556,4.2857142857142865,5.0,1.6666666666666667,0.0,0.0,0.75,4.166666666666667,1.6666666666666667,0.75,1.3888888888888888,0.3333333333333333,1.1764705882352942,0.0,1.0,0.0,1.0,0.0,0.0,1.0,0.0,0.0,0.0,0.0,0.0,0.0,0.0,0.0,0.0,1.0,0.0,0.0,1.0,0.0
Travel_Rarely,Research & Development,Medical,1,Manufacturing Director,Single,0,0,0.6126616746085772,4.880952380952381,4.749103942652329,3.035714285714286,3.75,0.0,5.0,2.642857142857143,3.333333333333333,2.5,5.0,2.50553680658089,3.5952619955832157,3.3333333333333335,0.35714285714285676,0.0,5.0,0.0,0.0,3.125,5.0,1.6666666666666667,1.125,1.9444444444444446,1.6666666666666665,1.1764705882352942,0.0,1.0,1.0,0.0,0.0,0.0,1.0,0.0,0.0,1.0,0.0,0.0,0.0,1.0,0.0,0.0,0.0,0.0,0.0,1.0,0.0
Travel_Rarely,Research & Development,Life Sciences,0,Research Scientist,Married,0,1,1.024506466984343,1.6666666666666665,1.9426523297491038,1.4285714285714286,3.75,0.0,0.0,4.428571428571429,3.333333333333333,1.25,5.0,1.4008120649651972,3.211202569765107,0.5555555555555556,0.35714285714285676,0.0,5.0,0.0,1.6666666666666667,0.75,1.6666666666666667,1.6666666666666667,0.75,1.1111111111111112,0.0,1.4705882352941178,0.0,1.0,1.0,0.0,1.0,0.0,0.0,0.0,0.0,0.0,0.0,0.0,0.0,0.0,0.0,1.0,0.0,0.0,1.0,0.0,1.0
Travel_Frequently,Research & Development,Life Sciences,0,Laboratory Technician,Single,0,1,1.6882232811436348,0.23809523809523814,2.74910394265233,0.8928571428571428,2.5,0.0,5.0,2.5714285714285716,1.6666666666666667,0.0,5.0,0.5054313435983968,3.5512949206986546,0.5555555555555556,2.5,0.0,1.6666666666666667,0.0,0.0,0.125,4.166666666666667,3.333333333333333,0.125,0.0,0.3333333333333333,0.0,1.0,0.0,1.0,0.0,1.0,0.0,0.0,0.0,0.0,0.0,0.0,1.0,0.0,0.0,0.0,0.0,0.0,0.0,0.0,1.0,1.0
Travel_Rarely,Sales,Marketing,0,Sales Executive,Married,0,0,4.4758339006126615,1.5476190476190474,0.3297491039426523,5.0,3.75,0.0,0.0,4.357142857142858,1.6666666666666667,1.25,5.0,1.1756485973423327,2.270226862075888,0.5555555555555556,1.0714285714285712,0.0,0.0,0.0,3.3333333333333335,1.625,2.5,3.333333333333333,1.5,1.9444444444444446,1.6666666666666665,2.058823529411765,0.0,1.0,0.0,1.0,0.0,1.0,0.0,0.0,0.0,0.0,0.0,0.0,0.0,0.0,0.0,0.0,1.0,0.0,1.0,0.0,0.0
Travel_Rarely,Human Resources,Medical,1,Human Resources,Married,0,0,4.186521443158611,4.285714285714285,1.050179211469534,3.2142857142857144,3.75,0.0,3.333333333333333,4.142857142857142,3.333333333333333,2.5,1.6666666666666667,2.561695844758489,0.9305360369403735,1.1111111111111112,1.4285714285714288,0.0,3.333333333333333,0.0,1.6666666666666667,2.0,0.8333333333333334,5.0,1.125,1.9444444444444446,2.333333333333333,0.29411764705882354,0.0,1.0,0.0,0.0,0.0,0.0,1.0,0.0,0.0,1.0,1.0,0.0,0.0,0.0,0.0,0.0,0.0,0.0,1.0,0.0,0.0
Travel_Frequently,Sales,Marketing,1,Sales Executive,Single,0,0,4.125255275697754,1.7857142857142856,1.4480286738351256,1.6071428571428572,2.5,0.0,1.6666666666666667,1.1428571428571428,1.6666666666666667,1.25,5.0,0.9684138367433031,0.44629592451315,1.6666666666666667,1.0714285714285712,0.0,3.333333333333333,0.0,0.0,1.125,5.0,1.6666666666666667,0.875,1.9444444444444446,0.0,0.29411764705882354,1.0,0.0,0.0,1.0,0.0,1.0,0.0,0.0,0.0,1.0,0.0,0.0,0.0,0.0,0.0,0.0,1.0,0.0,0.0,1.0,0.0
Travel_Frequently,Research & Development,Life Sciences,0,Research Scientist,Single,0,0,1.7597004765146356,1.5476190476190474,1.6379928315412187,0.3571428571428571,2.5,0.0,5.0,0.2142857142857144,3.333333333333333,0.0,3.333333333333333,0.8107466779160515,0.41397309777153185,0.5555555555555556,0.35714285714285676,0.0,0.0,0.0,0.0,0.875,1.6666666666666667,0.0,0.875,0.5555555555555556,2.333333333333333,2.058823529411765,1.0,0.0,1.0,0.0,1.0,0.0,0.0,0.0,0.0,0.0,0.0,0.0,0.0,0.0,0.0,1.0,0.0,0.0,0.0,1.0,0.0
Travel_Rarely,Research & Development,Life Sciences,0,Research Scientist,Single,0,0,3.6385296119809394,1.9047619047619047,0.2795698924731183,0.0,3.75,0.0,1.6666666666666667,2.9999999999999996,5.0,0.0,5.0,0.59876608310483,2.3001405340293113,1.1111111111111112,1.7857142857142856,0.0,3.333333333333333,0.0,0.0,1.25,1.6666666666666667,3.333333333333333,0.5,0.5555555555555556,0.3333333333333333,0.8823529411764706,0.0,1.0,1.0,0.0,1.0,0.0,0.0,0.0,0.0,0.0,0.0,0.0,0.0,0.0,0.0,1.0,0.0,0.0,0.0,1.0,0.0
Travel_Frequently,Research & Development,Medical,1,Manufacturing Director,Divorced,0,0,1.6201497617426819,2.2619047619047614,1.4336917562724014,1.6071428571428572,2.5,0.0,0.0,2.214285714285714,3.333333333333333,2.5,3.333333333333333,2.3831997468888417,4.111423408954026,3.3333333333333335,0.0,0.0,1.6666666666666667,0.0,3.3333333333333335,2.125,4.166666666666667,3.333333333333333,0.125,0.0,0.0,0.0,1.0,0.0,1.0,0.0,0.0,0.0,1.0,0.0,0.0,1.0,0.0,0.0,0.0,1.0,0.0,0.0,0.0,0.0,0.0,0.0,0.0
Travel_Frequently,Research & Development,Life Sciences,0,Research Scientist,Married,0,0,0.5343771272974812,1.0714285714285712,3.6810035842293907,2.5000000000000004,2.5,0.0,5.0,3.357142857142857,1.6666666666666667,0.0,0.0,0.9926703227167264,4.366593053603694,0.0,2.8571428571428568,0.0,5.0,0.0,1.6666666666666667,1.0,1.6666666666666667,1.6666666666666667,0.875,1.6666666666666667,2.333333333333333,0.8823529411764706,1.0,0.0,1.0,0.0,1.0,0.0,0.0,0.0,0.0,0.0,0.0,0.0,0.0,0.0,0.0,1.0,0.0,0.0,1.0,0.0,0.0
Travel_Rarely,Research & Development,Technical Degree,0,Healthcare Representative,Single,0,0,0.05445881552076242,2.4999999999999996,1.0896057347670252,0.17857142857142858,3.75,0.0,5.0,3.5714285714285707,1.6666666666666667,1.25,3.333333333333333,0.9344020248892637,3.7912065850230876,0.5555555555555556,0.0,0.0,0.0,0.0,0.0,2.5,3.3333333333333335,3.333333333333333,2.5,1.9444444444444446,3.6666666666666665,2.9411764705882355,0.0,1.0,1.0,0.0,0.0,0.0,0.0,0.0,1.0,0.0,0.0,0.0,0.0,0.0,0.0,0.0,0.0,0.0,0.0,1.0,0.0
Non-Travel,Sales,Other,0,Sales Executive,Married,0,0,3.6487406398910824,1.4285714285714284,4.637992831541219,3.7500000000000004,3.75,0.0,3.333333333333333,2.785714285714285,3.333333333333333,2.5,0.0,1.9518561484918793,0.15980726761694436,0.0,0.0,0.0,3.333333333333333,0.0,0.0,1.25,2.5,3.333333333333333,1.125,2.2222222222222223,2.333333333333333,2.3529411764705883,0.0,0.0,0.0,1.0,0.0,0.0,0.0,1.0,0.0,0.0,0.0,0.0,0.0,0.0,0.0,0.0,1.0,0.0,1.0,0.0,0.0
Travel_Rarely,Research & Development,Technical Degree,0,Healthcare Representative,Married,0,0,1.8584070796460175,2.142857142857143,0.7921146953405018,1.6071428571428572,3.75,0.0,5.0,2.357142857142857,3.333333333333333,2.5,3.333333333333333,1.6043556211769667,0.7333868701064044,1.6666666666666667,0.35714285714285676,0.0,0.0,0.0,0.0,1.25,0.0,3.333333333333333,0.875,1.9444444444444446,0.3333333333333333,2.058823529411765,0.0,1.0,1.0,0.0,0.0,0.0,0.0,0.0,1.0,0.0,0.0,0.0,0.0,0.0,0.0,0.0,0.0,0.0,1.0,0.0,0.0
Travel_Rarely,Research & Development,Life Sciences,1,Research Scientist,Single,0,0,2.2396187882913545,1.6666666666666665,2.5913978494623655,0.0,0.0,0.0,5.0,2.9285714285714284,3.333333333333333,0.0,0.0,0.5133410672853829,2.626781770728769,0.5555555555555556,0.7142857142857144,0.0,5.0,0.0,0.0,0.125,1.6666666666666667,3.333333333333333,0.125,0.0,0.0,0.0,0.0,1.0,1.0,0.0,1.0,0.0,0.0,0.0,0.0,1.0,0.0,0.0,0.0,0.0,0.0,1.0,0.0,0.0,0.0,1.0,0.0
Travel_Frequently,Sales,Life Sciences,1,Sales Executive,Divorced,0,0,4.087814840027229,3.809523809523809,2.774193548387097,0.0,3.75,0.0,1.6666666666666667,4.571428571428571,3.333333333333333,1.25,3.333333333333333,1.5078569921957392,2.4414776149367596,3.8888888888888893,0.35714285714285676,0.0,5.0,0.0,3.3333333333333335,1.5,2.5,3.333333333333333,0.75,0.8333333333333334,0.0,0.29411764705882354,1.0,0.0,0.0,1.0,1.0,0.0,0.0,0.0,0.0,1.0,0.0,0.0,0.0,0.0,0.0,0.0,1.0,0.0,0.0,0.0,0.0
Travel_Frequently,Sales,Technical Degree,0,Sales Executive,Single,0,0,3.4683458134785567,1.3095238095238093,0.03942652329749102,2.1428571428571432,2.5,0.0,0.0,1.5,3.333333333333333,1.25,1.6666666666666667,1.2539548618434928,3.089941778759285,2.7777777777777777,0.0,0.0,0.0,0.0,0.0,0.875,3.3333333333333335,0.0,0.625,0.8333333333333334,0.0,0.0,1.0,0.0,0.0,1.0,0.0,0.0,0.0,0.0,1.0,0.0,0.0,0.0,0.0,0.0,0.0,0.0,1.0,0.0,0.0,1.0,0.0
Travel_Rarely,Sales,Marketing,0,Sales Executive,Married,0,1,4.189925119128659,3.452380952380952,0.5197132616487454,0.17857142857142858,1.25,0.0,3.333333333333333,0.3571428571428572,3.333333333333333,1.25,5.0,0.930183505589538,3.149769122666131,0.0,3.928571428571429,5.0,0.0,0.0,1.6666666666666667,1.0,1.6666666666666667,3.333333333333333,0.875,1.6666666666666667,2.333333333333333,2.058823529411765,0.0,1.0,0.0,1.0,0.0,1.0,0.0,0.0,0.0,0.0,0.0,0.0,0.0,0.0,0.0,0.0,1.0,0.0,1.0,0.0,1.0
Travel_Frequently,Sales,Life Sciences,1,Sales Executive,Divorced,0,0,3.264125255275698,2.4999999999999996,2.3727598566308243,3.3928571428571432,2.5,0.0,3.333333333333333,3.785714285714285,3.333333333333333,1.25,5.0,0.8220839485340645,3.431840995783979,1.1111111111111112,2.5,0.0,5.0,0.0,1.6666666666666667,0.875,5.0,3.333333333333333,0.25,0.2777777777777778,0.6666666666666666,0.5882352941176471,1.0,0.0,0.0,1.0,1.0,0.0,0.0,0.0,0.0,1.0,0.0,0.0,0.0,0.0,0.0,0.0,1.0,0.0,0.0,0.0,0.0
Travel_Rarely,Sales,Medical,0,Sales Executive,Single,0,0,4.7038801906058545,1.0714285714285712,1.4587813620071686,0.17857142857142858,1.25,0.0,0.0,4.2142857142857135,5.0,1.25,3.333333333333333,1.4477430921746466,4.999598474201967,0.0,1.0714285714285712,0.0,1.6666666666666667,0.0,0.0,1.125,4.166666666666667,1.6666666666666667,1.0,1.9444444444444446,0.0,2.058823529411765,0.0,1.0,0.0,1.0,0.0,0.0,1.0,0.0,0.0,0.0,0.0,0.0,0.0,0.0,0.0,0.0,1.0,0.0,0.0,1.0,0.0
Travel_Frequently,Sales,Marketing,1,Sales Executive,Single,0,0,0.9632402995234853,1.6666666666666665,4.351254480286738,1.6071428571428572,3.75,0.0,5.0,3.4999999999999996,3.333333333333333,1.25,5.0,0.9594494832313858,4.814495081308974,4.444444444444445,0.7142857142857144,0.0,3.333333333333333,0.0,0.0,0.5,1.6666666666666667,5.0,0.0,0.0,0.0,0.0,1.0,0.0,0.0,1.0,0.0,1.0,0.0,0.0,0.0,1.0,0.0,0.0,0.0,0.0,0.0,0.0,1.0,0.0,0.0,1.0,0.0
Travel_Rarely,Sales,Marketing,0,Sales Executive,Divorced,0,1,2.712729748127978,1.3095238095238093,0.1433691756272401,1.6071428571428572,0.0,0.0,5.0,0.6428571428571428,1.6666666666666667,1.25,1.6666666666666667,1.913889474794347,1.9618550491869102,0.5555555555555556,1.0714285714285712,0.0,0.0,0.0,3.3333333333333335,0.875,1.6666666666666667,3.333333333333333,0.875,1.9444444444444446,0.3333333333333333,2.058823529411765,0.0,1.0,0.0,1.0,0.0,1.0,0.0,0.0,0.0,0.0,0.0,0.0,0.0,0.0,0.0,0.0,1.0,0.0,0.0,0.0,1.0
Travel_Rarely,Sales,Life Sciences,1,Sales Executive,Married,0,0,0.7658270932607215,2.857142857142857,1.903225806451613,0.0,0.0,0.0,1.6666666666666667,4.928571428571429,3.333333333333333,1.25,3.333333333333333,1.027736764395697,4.504717928126882,0.5555555555555556,5.0,5.0,3.333333333333333,0.0,0.0,2.5,2.5,3.333333333333333,2.5,4.444444444444445,3.6666666666666665,1.7647058823529411,0.0,1.0,0.0,1.0,1.0,0.0,0.0,0.0,0.0,1.0,0.0,0.0,0.0,0.0,0.0,0.0,1.0,0.0,1.0,0.0,0.0
Travel_Rarely,Research & Development,Technical Degree,1,Laboratory Technician,Divorced,0,0,0.08849557522123894,0.714285714285714,0.881720430107527,3.5714285714285716,1.25,0.0,3.333333333333333,1.9285714285714284,1.6666666666666667,0.0,0.0,0.33932714617169374,1.5944589439871513,0.0,1.0714285714285712,0.0,1.6666666666666667,0.0,5.0,0.25,2.5,3.333333333333333,0.125,0.2777777777777778,0.0,0.0,0.0,1.0,1.0,0.0,0.0,0.0,0.0,0.0,1.0,1.0,0.0,1.0,0.0,0.0,0.0,0.0,0.0,0.0,0.0,0.0,0.0
Travel_Frequently,Research & Development,Medical,1,Research Scientist,Married,0,0,1.4874063989108235,2.380952380952381,4.612903225806452,1.6071428571428572,0.0,0.0,3.333333333333333,2.5714285714285716,3.333333333333333,0.0,3.333333333333333,0.44162623919004423,2.0142541658301543,0.0,2.1428571428571423,0.0,1.6666666666666667,0.0,1.6666666666666667,0.375,0.0,1.6666666666666667,0.25,0.2777777777777778,0.0,0.5882352941176471,1.0,0.0,1.0,0.0,0.0,0.0,1.0,0.0,0.0,1.0,0.0,0.0,0.0,0.0,0.0,1.0,0.0,0.0,1.0,0.0,0.0
Travel_Rarely,Research & Development,Life Sciences,1,Research Scientist,Divorced,0,0,4.8604492852280465,4.761904761904761,2.6666666666666665,3.9285714285714293,3.75,0.0,0.0,4.142857142857142,3.333333333333333,0.0,3.333333333333333,0.35936511284539124,4.81469584420799,0.5555555555555556,0.35714285714285676,0.0,5.0,0.0,3.3333333333333335,0.25,2.5,3.333333333333333,0.25,0.5555555555555556,0.6666666666666666,0.5882352941176471,0.0,1.0,1.0,0.0,1.0,0.0,0.0,0.0,0.0,1.0,0.0,0.0,0.0,0.0,0.0,1.0,0.0,0.0,0.0,0.0,0.0
Travel_Rarely,Research & Development,Medical,1,Research Director,Single,0,0,0.7794417971409121,4.166666666666666,1.2293906810035842,0.17857142857142858,2.5,0.0,5.0,0.6428571428571428,5.0,3.75,1.6666666666666667,4.11015608521409,3.547480425617346,2.2222222222222223,0.35714285714285676,0.0,1.6666666666666667,0.0,0.0,4.375,1.6666666666666667,1.6666666666666667,1.125,2.2222222222222223,2.6666666666666665,2.3529411764705883,0.0,1.0,1.0,0.0,0.0,0.0,1.0,0.0,0.0,1.0,0.0,0.0,0.0,0.0,1.0,0.0,0.0,0.0,0.0,1.0,0.0
Travel_Rarely,Research & Development,Technical Degree,1,Laboratory Technician,Divorced,0,0,0.1259360108917631,2.976190476190476,3.175627240143369,4.642857142857142,2.5,0.0,5.0,4.071428571428571,5.0,0.0,1.6666666666666667,1.0195633832524784,0.7550692632001608,2.7777777777777777,0.35714285714285676,0.0,3.333333333333333,0.0,1.6666666666666667,1.0,0.0,3.333333333333333,0.75,1.1111111111111112,0.0,0.5882352941176471,0.0,1.0,1.0,0.0,0.0,0.0,0.0,0.0,1.0,1.0,0.0,1.0,0.0,0.0,0.0,0.0,0.0,0.0,0.0,0.0,0.0
Travel_Frequently,Research & Development,Life Sciences,1,Research Scientist,Single,0,1,2.549353301565691,2.0238095238095233,1.3548387096774195,0.5357142857142857,3.75,0.0,3.333333333333333,4.071428571428571,3.333333333333333,1.25,3.333333333333333,0.8542501581944737,0.11965468781369198,0.5555555555555556,0.0,0.0,1.6666666666666667,0.0,0.0,1.125,2.5,3.333333333333333,1.125,1.6666666666666667,0.3333333333333333,0.29411764705882354,1.0,0.0,1.0,0.0,1.0,0.0,0.0,0.0,0.0,1.0,0.0,0.0,0.0,0.0,0.0,1.0,0.0,0.0,0.0,1.0,1.0
Travel_Rarely,Research & Development,Life Sciences,1,Healthcare Representative,Single,0,0,3.556841388699796,2.0238095238095233,2.3333333333333335,1.4285714285714286,3.75,0.0,3.333333333333333,4.785714285714285,1.6666666666666667,1.25,1.6666666666666667,1.458289390423961,3.473198152981329,5.0,2.8571428571428568,0.0,3.333333333333333,0.0,0.0,1.25,4.166666666666667,3.333333333333333,0.125,0.2777777777777778,0.0,0.0,0.0,1.0,1.0,0.0,1.0,0.0,0.0,0.0,0.0,1.0,0.0,0.0,0.0,0.0,0.0,0.0,0.0,0.0,0.0,1.0,0.0
Travel_Rarely,Research & Development,Life Sciences,1,Research Scientist,Married,0,0,1.5963240299523482,0.5952380952380953,0.9641577060931901,0.0,1.25,0.0,5.0,1.214285714285714,3.333333333333333,0.0,3.333333333333333,0.05642269563383251,2.9726962457337884,0.5555555555555556,3.928571428571429,5.0,5.0,0.0,1.6666666666666667,0.125,1.6666666666666667,3.333333333333333,0.125,0.0,0.0,0.29411764705882354,0.0,1.0,1.0,0.0,1.0,0.0,0.0,0.0,0.0,1.0,0.0,0.0,0.0,0.0,0.0,1.0,0.0,0.0,1.0,0.0,0.0
Non-Travel,Human Resources,Human Resources,1,Human Resources,Divorced,0,0,4.264805990469707,2.380952380952381,4.415770609318996,0.17857142857142858,2.5,0.0,0.0,5.0,3.333333333333333,0.0,1.6666666666666667,0.4173697532166209,1.0108411965468782,2.7777777777777777,0.7142857142857144,0.0,5.0,0.0,5.0,1.625,2.5,3.333333333333333,1.375,2.7777777777777777,1.0,2.3529411764705883,0.0,0.0,0.0,0.0,0.0,0.0,0.0,0.0,0.0,1.0,1.0,0.0,0.0,0.0,0.0,0.0,0.0,0.0,0.0,0.0,0.0
Travel_Frequently,Research & Development,Technical Degree,0,Research Scientist,Single,0,1,4.9115044247787605,0.714285714285714,1.6594982078853047,0.17857142857142858,0.0,0.0,0.0,0.1428571428571428,3.333333333333333,0.0,5.0,0.7253216620966041,3.0363380847219434,0.5555555555555556,0.7142857142857144,0.0,3.333333333333333,0.0,0.0,0.75,1.6666666666666667,3.333333333333333,0.75,0.8333333333333334,0.3333333333333333,0.8823529411764706,1.0,0.0,1.0,0.0,0.0,0.0,0.0,0.0,1.0,0.0,0.0,0.0,0.0,0.0,0.0,1.0,0.0,0.0,0.0,1.0,1.0
Travel_Rarely,Research & Development,Life Sciences,0,Manufacturing Director,Married,0,0,2.3383253914227367,2.7380952380952377,1.7132616487455197,4.821428571428571,3.75,0.0,0.0,2.142857142857143,1.6666666666666667,3.75,1.6666666666666667,3.3118013077409825,0.7119052399116643,0.0,4.2857142857142865,5.0,3.333333333333333,0.0,1.6666666666666667,2.625,2.5,3.333333333333333,2.5,1.9444444444444446,0.0,2.9411764705882355,0.0,1.0,1.0,0.0,1.0,0.0,0.0,0.0,0.0,0.0,0.0,0.0,0.0,1.0,0.0,0.0,0.0,0.0,1.0,0.0,0.0
Travel_Rarely,Research & Development,Medical,1,Research Scientist,Single,0,0,4.598366235534377,0.3571428571428572,1.5842293906810037,0.7142857142857143,0.0,0.0,3.333333333333333,4.785714285714285,3.333333333333333,0.0,5.0,0.5557899177388737,4.8012447299739005,0.5555555555555556,2.5,0.0,3.333333333333333,0.0,0.0,0.375,1.6666666666666667,3.333333333333333,0.25,0.5555555555555556,0.6666666666666666,0.5882352941176471,0.0,1.0,1.0,0.0,0.0,0.0,1.0,0.0,0.0,1.0,0.0,0.0,0.0,0.0,0.0,1.0,0.0,0.0,0.0,1.0,0.0
Travel_Rarely,Sales,Life Sciences,0,Sales Executive,Single,0,0,2.174948944860449,2.142857142857143,2.795698924731183,0.0,3.75,0.0,1.6666666666666667,3.0714285714285716,3.333333333333333,1.25,3.333333333333333,1.5307951908879982,3.885364384661714,3.3333333333333335,0.7142857142857144,0.0,0.0,0.0,0.0,1.875,4.166666666666667,3.333333333333333,0.125,0.0,0.0,0.0,0.0,1.0,0.0,1.0,1.0,0.0,0.0,0.0,0.0,0.0,0.0,0.0,0.0,0.0,0.0,0.0,1.0,0.0,0.0,1.0,0.0
Travel_Frequently,Sales,Medical,1,Sales Executive,Married,0,0,4.3192648059904695,3.6904761904761902,3.293906810035842,0.17857142857142858,2.5,0.0,5.0,2.357142857142857,1.6666666666666667,1.25,1.6666666666666667,1.1550833157561695,2.238305561132303,1.1111111111111112,1.0714285714285712,0.0,5.0,0.0,0.0,2.125,2.5,1.6666666666666667,1.125,1.6666666666666667,0.0,2.3529411764705883,1.0,0.0,0.0,1.0,0.0,0.0,1.0,0.0,0.0,1.0,0.0,0.0,0.0,0.0,0.0,0.0,1.0,0.0,1.0,0.0,0.0
Non-Travel,Sales,Marketing,1,Sales Executive,Married,0,0,3.9414567733151804,1.6666666666666665,3.1254480286738353,4.464285714285714,3.75,0.0,3.333333333333333,5.0,3.333333333333333,1.25,5.0,0.911200168740772,2.002609917687211,0.0,2.5,0.0,0.0,0.0,0.0,0.5,1.6666666666666667,3.333333333333333,0.375,0.5555555555555556,0.6666666666666666,0.5882352941176471,0.0,0.0,0.0,1.0,0.0,1.0,0.0,0.0,0.0,1.0,0.0,0.0,0.0,0.0,0.0,0.0,1.0,0.0,1.0,0.0,0.0
Travel_Rarely,Sales,Marketing,1,Sales Executive,Single,0,0,4.1695030633083725,1.0714285714285712,3.046594982078853,1.4285714285714286,2.5,0.0,5.0,1.0,3.333333333333333,1.25,5.0,0.8162834844969415,0.6032925115438668,0.5555555555555556,1.0714285714285712,0.0,0.0,0.0,0.0,0.875,4.166666666666667,3.333333333333333,0.875,1.9444444444444446,0.0,2.058823529411765,0.0,1.0,0.0,1.0,0.0,1.0,0.0,0.0,0.0,1.0,0.0,0.0,0.0,0.0,0.0,0.0,1.0,0.0,0.0,1.0,0.0
Travel_Rarely,Research & Development,Life Sciences,1,Manufacturing Director,Married,0,0,4.5473110959836625,1.9047619047619047,1.3118279569892473,0.17857142857142858,3.75,0.0,5.0,3.857142857142857,1.6666666666666667,1.25,0.0,1.3045770934402023,4.3350732784581405,3.3333333333333335,0.7142857142857144,0.0,1.6666666666666667,0.0,1.6666666666666667,1.625,2.5,3.333333333333333,1.375,2.5,1.6666666666666665,2.6470588235294117,0.0,1.0,1.0,0.0,1.0,0.0,0.0,0.0,0.0,1.0,0.0,0.0,0.0,1.0,0.0,0.0,0.0,0.0,1.0,0.0,0.0
Travel_Rarely,Research & Development,Medical,1,Healthcare Representative,Divorced,0,0,2.7229407760381212,3.3333333333333335,1.935483870967742,0.0,3.75,0.0,5.0,4.785714285714285,3.333333333333333,2.5,0.0,2.2112950854250153,2.0626380244930735,3.8888888888888893,1.7857142857142856,0.0,3.333333333333333,0.0,1.6666666666666667,2.125,2.5,3.333333333333333,0.5,0.5555555555555556,0.0,0.8823529411764706,0.0,1.0,1.0,0.0,0.0,0.0,1.0,0.0,0.0,1.0,0.0,0.0,0.0,0.0,0.0,0.0,0.0,0.0,0.0,0.0,0.0
Non-Travel,Research & Development,Medical,0,Research Scientist,Married,0,1,0.5445881552076242,2.2619047619047614,3.4372759856630823,4.285714285714286,5.0,0.0,1.6666666666666667,2.9999999999999996,3.333333333333333,1.25,3.333333333333333,0.9069816494410461,4.371009837382052,1.6666666666666667,1.4285714285714288,0.0,0.0,0.0,3.3333333333333335,1.875,1.6666666666666667,3.333333333333333,1.625,3.055555555555556,3.333333333333333,2.058823529411765,0.0,0.0,1.0,0.0,0.0,0.0,1.0,0.0,0.0,0.0,0.0,0.0,0.0,0.0,0.0,1.0,0.0,0.0,1.0,0.0,1.0
Travel_Rarely,Sales,Medical,1,Sales Executive,Divorced,0,1,3.253914227365555,1.3095238095238093,3.1792114695340503,0.7142857142857143,2.5,0.0,0.0,0.9285714285714284,1.6666666666666667,1.25,1.6666666666666667,0.8379033959080362,0.25336277855852235,0.5555555555555556,0.7142857142857144,0.0,1.6666666666666667,0.0,1.6666666666666667,1.25,2.5,1.6666666666666667,1.25,0.0,0.0,2.6470588235294117,0.0,1.0,0.0,1.0,0.0,0.0,1.0,0.0,0.0,1.0,0.0,0.0,0.0,0.0,0.0,0.0,1.0,0.0,0.0,0.0,1.0
Travel_Rarely,Research & Development,Medical,0,Laboratory Technician,Single,0,0,4.036759700476514,0.11904761904761907,3.860215053763441,0.3571428571428571,0.0,0.0,1.6666666666666667,3.4999999999999996,3.333333333333333,0.0,1.6666666666666667,0.12497363425437669,2.8122866894197953,0.5555555555555556,1.0714285714285712,0.0,5.0,0.0,0.0,0.125,2.5,3.333333333333333,0.125,0.0,0.0,0.0,0.0,1.0,1.0,0.0,0.0,0.0,1.0,0.0,0.0,0.0,0.0,1.0,0.0,0.0,0.0,0.0,0.0,0.0,0.0,1.0,0.0
Travel_Frequently,Sales,Medical,0,Sales Executive,Married,0,0,2.7944179714091217,1.7857142857142856,3.7347670250896057,4.285714285714286,2.5,0.0,1.6666666666666667,3.714285714285714,3.333333333333333,1.25,3.333333333333333,0.9307108205020038,0.5643445091347119,0.5555555555555556,0.35714285714285676,0.0,0.0,0.0,1.6666666666666667,1.25,2.5,1.6666666666666667,1.25,1.9444444444444446,0.0,0.29411764705882354,1.0,0.0,0.0,1.0,0.0,0.0,1.0,0.0,0.0,0.0,0.0,0.0,0.0,0.0,0.0,0.0,1.0,0.0,1.0,0.0,0.0
Non-Travel,Research & Development,Medical,1,Manufacturing Director,Divorced,0,0,4.237576582709326,2.0238095238095233,3.8566308243727603,0.17857142857142858,1.25,0.0,1.6666666666666667,4.285714285714285,3.333333333333333,1.25,5.0,1.2531638894747943,4.486649267215419,1.1111111111111112,1.0714285714285712,0.0,3.333333333333333,0.0,1.6666666666666667,1.875,5.0,3.333333333333333,0.875,1.9444444444444446,0.3333333333333333,2.058823529411765,0.0,0.0,1.0,0.0,0.0,0.0,1.0,0.0,0.0,1.0,0.0,0.0,0.0,1.0,0.0,0.0,0.0,0.0,0.0,0.0,0.0
Travel_Rarely,Sales,Life Sciences,1,Sales Executive,Single,0,1,2.9850238257317905,1.5476190476190474,2.5949820788530467,0.17857142857142858,0.0,0.0,1.6666666666666667,3.357142857142857,3.333333333333333,1.25,5.0,1.4693630035857412,1.2551696446496687,2.2222222222222223,0.7142857142857144,0.0,3.333333333333333,0.0,0.0,1.25,1.6666666666666667,5.0,0.75,1.3888888888888888,0.0,1.4705882352941178,0.0,1.0,0.0,1.0,1.0,0.0,0.0,0.0,0.0,1.0,0.0,0.0,0.0,0.0,0.0,0.0,1.0,0.0,0.0,1.0,1.0
Travel_Rarely,Sales,Life Sciences,0,Sales Executive,Divorced,0,0,3.107556160653506,2.380952380952381,3.2437275985663083,0.17857142857142858,1.25,0.0,1.6666666666666667,0.07142857142857117,3.333333333333333,1.25,0.0,1.5513604724741614,3.4866492672154186,1.6666666666666667,1.4285714285714288,0.0,5.0,0.0,1.6666666666666667,1.375,2.5,3.333333333333333,0.875,1.9444444444444446,0.3333333333333333,2.058823529411765,0.0,1.0,0.0,1.0,1.0,0.0,0.0,0.0,0.0,0.0,0.0,0.0,0.0,0.0,0.0,0.0,1.0,0.0,0.0,0.0,0.0
Non-Travel,Sales,Life Sciences,1,Manager,Single,0,0,0.517358747447243,1.7857142857142856,2.2150537634408605,2.857142857142857,2.5,0.0,5.0,0.5714285714285712,3.333333333333333,3.75,3.333333333333333,4.333210293187091,3.6930335274041353,0.5555555555555556,0.0,0.0,5.0,0.0,0.0,1.25,1.6666666666666667,3.333333333333333,1.25,2.2222222222222223,2.0,0.0,0.0,0.0,0.0,1.0,1.0,0.0,0.0,0.0,0.0,1.0,0.0,0.0,1.0,0.0,0.0,0.0,0.0,0.0,0.0,1.0,0.0
Travel_Rarely,Sales,Technical Degree,0,Sales Executive,Single,0,0,4.581347855684139,1.4285714285714284,3.5053763440860215,1.9642857142857142,2.5,0.0,1.6666666666666667,3.785714285714285,3.333333333333333,1.25,3.333333333333333,1.468044716304577,3.506123268419996,0.0,0.0,0.0,1.6666666666666667,0.0,0.0,0.75,5.0,3.333333333333333,0.625,1.1111111111111112,1.3333333333333333,1.1764705882352942,0.0,1.0,0.0,1.0,0.0,0.0,0.0,0.0,1.0,0.0,0.0,0.0,0.0,0.0,0.0,0.0,1.0,0.0,0.0,1.0,0.0
Travel_Frequently,Research & Development,Life Sciences,1,Manager,Divorced,0,0,1.7324710687542544,2.857142857142857,1.6702508960573477,1.25,2.5,0.0,1.6666666666666667,2.5714285714285716,3.333333333333333,5.0,5.0,4.593176545032693,2.8369805259987952,0.5555555555555556,0.7142857142857144,0.0,1.6666666666666667,0.0,1.6666666666666667,3.0,3.3333333333333335,1.6666666666666667,3.0,1.9444444444444446,4.666666666666666,2.6470588235294117,1.0,0.0,1.0,0.0,1.0,0.0,0.0,0.0,0.0,1.0,0.0,0.0,1.0,0.0,0.0,0.0,0.0,0.0,0.0,0.0,0.0
Travel_Frequently,Research & Development,Medical,0,Healthcare Representative,Married,0,0,3.8631722260040844,2.619047619047619,2.4623655913978495,0.17857142857142858,1.25,0.0,3.333333333333333,0.5714285714285712,5.0,1.25,1.6666666666666667,0.8529318709133094,1.5733788395904438,0.5555555555555556,4.642857142857142,5.0,5.0,0.0,1.6666666666666667,1.0,1.6666666666666667,3.333333333333333,1.0,1.9444444444444446,1.0,2.058823529411765,1.0,0.0,1.0,0.0,0.0,0.0,1.0,0.0,0.0,0.0,0.0,0.0,0.0,0.0,0.0,0.0,0.0,0.0,1.0,0.0,0.0
Travel_Rarely,Sales,Marketing,1,Sales Executive,Divorced,0,0,4.193328795098706,1.7857142857142856,3.9856630824372763,1.25,3.75,0.0,3.333333333333333,0.6428571428571428,3.333333333333333,1.25,3.333333333333333,1.6069921957392954,3.681389279261192,0.0,0.35714285714285676,0.0,5.0,0.0,0.0,0.75,2.5,3.333333333333333,0.625,0.0,0.3333333333333333,0.5882352941176471,0.0,1.0,0.0,1.0,0.0,1.0,0.0,0.0,0.0,1.0,0.0,0.0,0.0,0.0,0.0,0.0,1.0,0.0,0.0,0.0,0.0
Travel_Frequently,Sales,Life Sciences,0,Sales Executive,Single,0,0,0.3505786249149081,1.0714285714285712,4.078853046594982,3.3928571428571432,2.5,0.0,5.0,4.285714285714285,3.333333333333333,1.25,3.333333333333333,2.3655346973212397,2.172656093153985,0.5555555555555556,1.0714285714285712,0.0,5.0,0.0,0.0,0.875,1.6666666666666667,3.333333333333333,0.875,1.9444444444444446,0.0,2.058823529411765,1.0,0.0,0.0,1.0,1.0,0.0,0.0,0.0,0.0,0.0,0.0,0.0,0.0,0.0,0.0,0.0,1.0,0.0,0.0,1.0,0.0
Travel_Frequently,Sales,Marketing,0,Sales Executive,Married,0,0,1.9945541184479236,5.0,5.0,4.821428571428571,2.5,0.0,3.333333333333333,3.5714285714285707,1.6666666666666667,2.5,0.0,2.4406770723476057,0.1507729371612126,2.2222222222222223,2.8571428571428568,0.0,5.0,0.0,0.0,2.75,4.166666666666667,5.0,2.25,3.611111111111111,4.333333333333333,3.235294117647059,1.0,0.0,0.0,1.0,0.0,1.0,0.0,0.0,0.0,0.0,0.0,0.0,0.0,0.0,0.0,0.0,1.0,0.0,1.0,0.0,0.0
Non-Travel,Sales,Life Sciences,0,Sales Executive,Married,0,0,4.431586113002042,3.214285714285714,3.3906810035842296,1.4285714285714286,3.75,0.0,1.6666666666666667,2.4999999999999996,1.6666666666666667,1.25,3.333333333333333,1.2086057793714406,3.1873117847821724,0.5555555555555556,0.7142857142857144,0.0,5.0,0.0,1.6666666666666667,1.875,1.6666666666666667,3.333333333333333,1.875,2.7777777777777777,1.3333333333333333,3.5294117647058822,0.0,0.0,0.0,1.0,1.0,0.0,0.0,0.0,0.0,0.0,0.0,0.0,0.0,0.0,0.0,0.0,1.0,0.0,1.0,0.0,0.0
Travel_Frequently,Research & Development,Medical,0,Manager,Single,0,0,3.8904016337644656,3.214285714285714,0.9318996415770611,4.285714285714286,2.5,0.0,1.6666666666666667,3.785714285714285,3.333333333333333,5.0,1.6666666666666667,4.495886943682767,2.19654687813692,1.6666666666666667,3.928571428571429,5.0,3.333333333333333,0.0,0.0,2.75,3.3333333333333335,3.333333333333333,0.0,0.0,0.0,0.0,1.0,0.0,1.0,0.0,0.0,0.0,1.0,0.0,0.0,0.0,0.0,0.0,1.0,0.0,0.0,0.0,0.0,0.0,0.0,1.0,0.0
Travel_Frequently,Research & Development,Life Sciences,0,Manufacturing Director,Divorced,0,0,0.18039482641252552,0.9523809523809521,4.92831541218638,0.0,2.5,0.0,3.333333333333333,3.857142857142857,3.333333333333333,1.25,1.6666666666666667,1.4205863741826619,4.953423007428227,0.5555555555555556,3.2142857142857144,5.0,0.0,0.0,1.6666666666666667,0.75,5.0,0.0,0.75,1.3888888888888888,0.3333333333333333,1.1764705882352942,1.0,0.0,1.0,0.0,1.0,0.0,0.0,0.0,0.0,0.0,0.0,0.0,0.0,1.0,0.0,0.0,0.0,0.0,0.0,0.0,0.0
Travel_Rarely,Research & Development,Medical,1,Research Scientist,Married,0,1,0.5139550714771953,1.4285714285714284,4.878136200716846,0.0,2.5,0.0,5.0,2.357142857142857,3.333333333333333,0.0,1.6666666666666667,0.6775996625184559,1.4605500903433046,0.0,3.571428571428571,5.0,0.0,0.0,1.6666666666666667,1.5,1.6666666666666667,3.333333333333333,1.375,2.5,1.6666666666666665,2.058823529411765,0.0,1.0,1.0,0.0,0.0,0.0,1.0,0.0,0.0,1.0,0.0,0.0,0.0,0.0,0.0,1.0,0.0,0.0,1.0,0.0,1.0
Travel_Rarely,Research & Development,Life Sciences,1,Laboratory Technician,Married,0,0,1.3716814159292035,3.0952380952380953,2.978494623655914,0.3571428571428571,2.5,0.0,0.0,4.2142857142857135,3.333333333333333,0.0,0.0,0.35672853828306256,2.5245934551294917,2.2222222222222223,0.35714285714285676,0.0,3.333333333333333,0.0,0.0,1.25,3.3333333333333335,5.0,0.375,0.5555555555555556,0.3333333333333333,0.5882352941176471,0.0,1.0,1.0,0.0,1.0,0.0,0.0,0.0,0.0,1.0,0.0,1.0,0.0,0.0,0.0,0.0,0.0,0.0,1.0,0.0,0.0
Travel_Rarely,Research & Development,Other,0,Manager,Divorced,0,0,4.850238257317903,4.166666666666666,4.222222222222222,0.7142857142857143,2.5,0.0,3.333333333333333,1.9999999999999996,3.333333333333333,5.0,3.333333333333333,4.768245095971314,1.7347922103995181,2.2222222222222223,0.0,0.0,5.0,0.0,1.6666666666666667,3.25,2.5,1.6666666666666667,1.75,3.611111111111111,1.3333333333333333,2.3529411764705883,0.0,1.0,1.0,0.0,0.0,0.0,0.0,1.0,0.0,0.0,0.0,0.0,1.0,0.0,0.0,0.0,0.0,0.0,0.0,0.0,0.0
Travel_Rarely,Research & Development,Medical,0,Research Scientist,Married,0,1,0.7045609257998638,1.5476190476190474,0.12903225806451607,1.9642857142857142,0.0,0.0,3.333333333333333,4.642857142857142,3.333333333333333,0.0,5.0,0.7698797721999577,0.9817305761895203,4.444444444444445,4.2857142857142865,5.0,3.333333333333333,0.0,1.6666666666666667,0.875,0.0,3.333333333333333,0.5,0.5555555555555556,0.0,0.5882352941176471,0.0,1.0,1.0,0.0,0.0,0.0,1.0,0.0,0.0,0.0,0.0,0.0,0.0,0.0,0.0,1.0,0.0,0.0,1.0,0.0,1.0
Travel_Rarely,Sales,Marketing,0,Sales Executive,Single,0,0,4.792375765827093,3.6904761904761902,4.333333333333333,1.7857142857142858,3.75,0.0,5.0,3.5714285714285707,3.333333333333333,1.25,5.0,0.9222737819025522,1.2240513953021483,1.6666666666666667,0.35714285714285676,0.0,3.333333333333333,0.0,0.0,1.0,0.8333333333333334,5.0,0.625,0.2777777777777778,0.0,1.1764705882352942,0.0,1.0,0.0,1.0,0.0,1.0,0.0,0.0,0.0,0.0,0.0,0.0,0.0,0.0,0.0,0.0,1.0,0.0,0.0,1.0,0.0
Travel_Rarely,Research & Development,Life Sciences,1,Laboratory Technician,Married,0,1,3.8189244383934646,3.0952380952380953,3.161290322580645,1.25,3.75,0.0,0.0,2.285714285714285,5.0,0.0,5.0,0.4769563383252478,0.5922505520979724,1.1111111111111112,4.642857142857142,5.0,3.333333333333333,0.0,1.6666666666666667,1.25,1.6666666666666667,1.6666666666666667,0.375,0.5555555555555556,0.0,0.5882352941176471,0.0,1.0,1.0,0.0,1.0,0.0,0.0,0.0,0.0,1.0,0.0,1.0,0.0,0.0,0.0,0.0,0.0,0.0,1.0,0.0,1.0
Travel_Frequently,Research & Development,Medical,0,Laboratory Technician,Single,0,0,0.02722940776038121,2.142857142857143,1.903225806451613,3.035714285714286,0.0,0.0,1.6666666666666667,3.0714285714285716,3.333333333333333,0.0,5.0,0.3016241299303944,1.1260791005822124,0.5555555555555556,0.7142857142857144,0.0,0.0,0.0,0.0,1.0,1.6666666666666667,3.333333333333333,1.0,0.2777777777777778,0.3333333333333333,2.058823529411765,1.0,0.0,1.0,0.0,0.0,0.0,1.0,0.0,0.0,0.0,0.0,1.0,0.0,0.0,0.0,0.0,0.0,0.0,0.0,1.0,0.0
Non-Travel,Research & Development,Medical,1,Research Scientist,Single,0,1,3.4513274336283186,1.5476190476190474,0.8279569892473118,1.4285714285714286,1.25,0.0,3.333333333333333,1.1428571428571428,1.6666666666666667,0.0,0.0,0.34591858257751523,1.651877133105802,0.0,3.928571428571429,5.0,0.0,0.0,0.0,0.5,0.0,3.333333333333333,0.375,0.5555555555555556,0.3333333333333333,0.5882352941176471,0.0,0.0,1.0,0.0,0.0,0.0,1.0,0.0,0.0,1.0,0.0,0.0,0.0,0.0,0.0,1.0,0.0,0.0,0.0,1.0,1.0
Travel_Rarely,Research & Development,Medical,1,Healthcare Representative,Married,0,0,4.479237576582709,4.523809523809524,2.609318996415771,1.4285714285714286,2.5,0.0,3.333333333333333,3.642857142857143,3.333333333333333,3.75,5.0,2.6613583632145112,3.6791808873720138,3.8888888888888893,0.0,0.0,3.333333333333333,0.0,0.0,3.75,0.8333333333333334,1.6666666666666667,1.25,1.9444444444444446,0.3333333333333333,0.29411764705882354,0.0,1.0,1.0,0.0,0.0,0.0,1.0,0.0,0.0,1.0,0.0,0.0,0.0,0.0,0.0,0.0,0.0,0.0,1.0,0.0,0.0
Travel_Rarely,Research & Development,Life Sciences,1,Research Scientist,Single,0,1,3.6078965282505107,0.4761904761904763,1.028673835125448,1.0714285714285714,0.0,0.0,5.0,3.214285714285714,3.333333333333333,0.0,1.6666666666666667,0.38573085846867744,4.8179080505922505,0.5555555555555556,4.2857142857142865,5.0,0.0,0.0,0.0,0.125,1.6666666666666667,3.333333333333333,0.125,0.0,0.0,0.0,0.0,1.0,1.0,0.0,1.0,0.0,0.0,0.0,0.0,1.0,0.0,0.0,0.0,0.0,0.0,1.0,0.0,0.0,0.0,1.0,1.0
Non-Travel,Research & Development,Medical,0,Manufacturing Director,Married,0,0,1.5384615384615383,2.142857142857143,2.8315412186379927,0.0,3.75,0.0,5.0,0.2142857142857144,1.6666666666666667,1.25,3.333333333333333,0.8872073402235814,2.673559526199558,0.0,1.4285714285714288,0.0,3.333333333333333,0.0,0.0,0.5,5.0,3.333333333333333,0.375,0.5555555555555556,0.3333333333333333,0.5882352941176471,0.0,0.0,1.0,0.0,0.0,0.0,1.0,0.0,0.0,0.0,0.0,0.0,0.0,1.0,0.0,0.0,0.0,0.0,1.0,0.0,0.0
Travel_Rarely,Human Resources,Life Sciences,0,Human Resources,Married,0,0,0.8611300204220558,3.214285714285714,0.2580645161290322,0.5357142857142857,2.5,0.0,3.333333333333333,1.8571428571428572,0.0,2.5,3.333333333333333,2.306211769668846,0.9036338084721944,2.2222222222222223,3.571428571428571,5.0,3.333333333333333,0.0,3.3333333333333335,1.125,1.6666666666666667,5.0,0.625,0.0,0.0,0.8823529411764706,0.0,1.0,0.0,0.0,1.0,0.0,0.0,0.0,0.0,0.0,1.0,0.0,0.0,0.0,0.0,0.0,0.0,0.0,1.0,0.0,0.0
Travel_Rarely,Research & Development,Medical,0,Laboratory Technician,Single,0,0,3.0496936691626955,0.5952380952380953,0.20071684587813615,0.5357142857142857,0.0,0.0,3.333333333333333,1.5,3.333333333333333,0.0,1.6666666666666667,0.6027209449483231,2.161814896607107,0.5555555555555556,0.7142857142857144,0.0,3.333333333333333,0.0,0.0,0.375,2.5,0.0,0.375,0.5555555555555556,0.3333333333333333,0.5882352941176471,0.0,1.0,1.0,0.0,0.0,0.0,1.0,0.0,0.0,0.0,0.0,1.0,0.0,0.0,0.0,0.0,0.0,0.0,0.0,1.0,0.0
Non-Travel,Research & Development,Life Sciences,1,Healthcare Representative,Divorced,0,1,4.366916269571137,2.619047619047619,3.720430107526882,1.25,1.25,0.0,5.0,2.9999999999999996,3.333333333333333,1.25,5.0,0.8067918160725585,1.3545472796627185,1.6666666666666667,2.5,0.0,3.333333333333333,0.0,0.0,1.0,1.6666666666666667,3.333333333333333,0.25,0.5555555555555556,0.6666666666666666,0.5882352941176471,0.0,0.0,1.0,0.0,1.0,0.0,0.0,0.0,0.0,1.0,0.0,0.0,0.0,0.0,0.0,0.0,0.0,0.0,0.0,0.0,1.0
Travel_Rarely,Research & Development,Medical,0,Healthcare Representative,Single,0,0,2.995234853641933,1.9047619047619047,4.795698924731183,1.4285714285714286,2.5,0.0,5.0,1.1428571428571428,1.6666666666666667,2.5,1.6666666666666667,2.006960556844547,3.1238707086930333,0.5555555555555556,1.0714285714285712,0.0,1.6666666666666667,0.0,0.0,1.125,2.5,5.0,1.0,1.9444444444444446,2.333333333333333,2.058823529411765,0.0,1.0,1.0,0.0,0.0,0.0,1.0,0.0,0.0,0.0,0.0,0.0,0.0,0.0,0.0,0.0,0.0,0.0,0.0,1.0,0.0
Non-Travel,Research & Development,Medical,1,Laboratory Technician,Married,0,0,4.717494894486045,3.0952380952380953,1.3799283154121864,3.9285714285714293,2.5,0.0,1.6666666666666667,2.642857142857143,3.333333333333333,1.25,1.6666666666666667,0.2723581522885467,4.6073077695241915,2.2222222222222223,0.35714285714285676,0.0,3.333333333333333,0.0,1.6666666666666667,2.125,2.5,5.0,0.375,0.5555555555555556,0.3333333333333333,0.5882352941176471,0.0,0.0,1.0,0.0,0.0,0.0,1.0,0.0,0.0,1.0,0.0,1.0,0.0,0.0,0.0,0.0,0.0,0.0,1.0,0.0,0.0
Non-Travel,Research & Development,Life Sciences,1,Research Scientist,Single,0,0,2.1204901293396867,2.976190476190476,0.8566308243727598,1.4285714285714286,2.5,0.0,0.0,1.5714285714285712,3.333333333333333,0.0,3.333333333333333,0.3767665049567602,4.594258181088135,2.2222222222222223,0.7142857142857144,0.0,3.333333333333333,0.0,0.0,0.875,1.6666666666666667,1.6666666666666667,0.375,0.5555555555555556,0.3333333333333333,0.5882352941176471,0.0,0.0,1.0,0.0,1.0,0.0,0.0,0.0,0.0,1.0,0.0,0.0,0.0,0.0,0.0,1.0,0.0,0.0,0.0,1.0,0.0
Travel_Frequently,Human Resources,Human Resources,1,Human Resources,Single,0,0,1.1742682096664396,2.142857142857143,3.9749103942652333,0.17857142857142858,0.0,0.0,1.6666666666666667,4.571428571428571,1.6666666666666667,1.25,5.0,0.7585425015819447,0.42742421200562136,0.5555555555555556,3.571428571428571,5.0,5.0,0.0,0.0,1.25,1.6666666666666667,1.6666666666666667,1.25,0.2777777777777778,0.0,2.3529411764705883,1.0,0.0,0.0,0.0,0.0,0.0,0.0,0.0,0.0,1.0,1.0,0.0,0.0,0.0,0.0,0.0,0.0,0.0,0.0,1.0,0.0
Travel_Rarely,Research & Development,Life Sciences,1,Research Scientist,Single,0,1,4.292035398230088,2.380952380952381,0.956989247311828,0.17857142857142858,2.5,0.0,5.0,1.0714285714285712,3.333333333333333,0.0,5.0,0.7738346340434508,0.4440875326239711,2.7777777777777777,0.0,0.0,3.333333333333333,0.0,0.0,0.75,2.5,3.333333333333333,0.375,0.5555555555555556,0.3333333333333333,0.5882352941176471,0.0,1.0,1.0,0.0,1.0,0.0,0.0,0.0,0.0,1.0,0.0,0.0,0.0,0.0,0.0,1.0,0.0,0.0,0.0,1.0,1.0
Travel_Rarely,Research & Development,Life Sciences,0,Healthcare Representative,Married,0,1,0.8917631041524846,2.0238095238095233,3.7025089605734767,3.5714285714285716,0.0,0.0,5.0,1.5,3.333333333333333,1.25,5.0,0.7922906559797511,3.4282272636016864,0.5555555555555556,5.0,5.0,5.0,0.0,1.6666666666666667,1.25,1.6666666666666667,0.0,1.25,1.6666666666666667,0.0,2.058823529411765,0.0,1.0,1.0,0.0,1.0,0.0,0.0,0.0,0.0,0.0,0.0,0.0,0.0,0.0,0.0,0.0,0.0,0.0,1.0,0.0,1.0
Travel_Rarely,Sales,Life Sciences,1,Sales Executive,Divorced,0,0,0.5105513955071477,1.3095238095238093,4.093189964157706,3.2142857142857144,2.5,0.0,3.333333333333333,3.357142857142857,1.6666666666666667,1.25,3.333333333333333,2.0066968993883143,4.349126681389279,0.5555555555555556,1.0714285714285712,0.0,3.333333333333333,0.0,3.3333333333333335,1.25,2.5,3.333333333333333,1.25,1.9444444444444446,0.0,1.1764705882352942,0.0,1.0,0.0,1.0,1.0,0.0,0.0,0.0,0.0,1.0,0.0,0.0,0.0,0.0,0.0,0.0,1.0,0.0,0.0,0.0,0.0
Travel_Frequently,Research & Development,Medical,1,Manufacturing Director,Divorced,0,1,1.6065350578624913,3.452380952380952,4.56989247311828,2.678571428571429,3.75,0.0,3.333333333333333,2.4285714285714284,5.0,1.25,3.333333333333333,1.069921957392955,0.9365589239108614,0.5555555555555556,2.8571428571428568,0.0,3.333333333333333,0.0,0.0,2.5,2.5,5.0,2.375,2.7777777777777777,0.6666666666666666,2.058823529411765,1.0,0.0,1.0,0.0,0.0,0.0,1.0,0.0,0.0,1.0,0.0,0.0,0.0,1.0,0.0,0.0,0.0,0.0,0.0,0.0,1.0
Travel_Rarely,Human Resources,Human Resources,1,Human Resources,Married,0,0,2.178352620830497,0.714285714285714,0.4874551971326165,3.7500000000000004,0.0,0.0,5.0,1.9999999999999996,0.0,0.0,3.333333333333333,0.14395697110314276,1.905440674563341,0.5555555555555556,0.0,0.0,3.333333333333333,0.0,1.6666666666666667,0.125,1.6666666666666667,3.333333333333333,0.125,0.0,0.0,0.0,0.0,1.0,0.0,0.0,0.0,0.0,0.0,0.0,0.0,1.0,1.0,0.0,0.0,0.0,0.0,0.0,0.0,0.0,1.0,0.0,0.0
Travel_Rarely,Sales,Marketing,1,Sales Executive,Single,0,1,4.952348536419333,2.619047619047619,0.6989247311827957,4.285714285714286,3.75,0.0,5.0,1.9285714285714284,1.6666666666666667,2.5,1.6666666666666667,2.131670533642691,3.0397510540052197,1.1111111111111112,0.35714285714285676,0.0,3.333333333333333,0.0,0.0,1.125,1.6666666666666667,3.333333333333333,0.625,1.1111111111111112,0.3333333333333333,0.0,0.0,1.0,0.0,1.0,0.0,1.0,0.0,0.0,0.0,1.0,0.0,0.0,0.0,0.0,0.0,0.0,1.0,0.0,0.0,1.0,1.0
Travel_Rarely,Research & Development,Medical,1,Research Scientist,Single,0,0,4.707283866575902,1.0714285714285712,3.6236559139784945,0.3571428571428571,3.75,0.0,0.0,1.714285714285714,1.6666666666666667,0.0,5.0,0.2731491246572452,2.625978719132704,0.0,0.7142857142857144,0.0,5.0,0.0,0.0,0.625,0.0,3.333333333333333,0.5,0.5555555555555556,0.3333333333333333,0.29411764705882354,0.0,1.0,1.0,0.0,0.0,0.0,1.0,0.0,0.0,1.0,0.0,0.0,0.0,0.0,0.0,1.0,0.0,0.0,0.0,1.0,0.0
Non-Travel,Sales,Marketing,0,Sales Executive,Married,0,0,1.872021783526208,1.5476190476190474,3.8853046594982077,3.3928571428571432,1.25,0.0,5.0,1.0714285714285712,3.333333333333333,1.25,3.333333333333333,1.561643113267243,4.479421802850833,0.5555555555555556,0.7142857142857144,0.0,5.0,0.0,1.6666666666666667,1.125,1.6666666666666667,1.6666666666666667,1.125,2.2222222222222223,0.0,0.0,0.0,0.0,0.0,1.0,0.0,1.0,0.0,0.0,0.0,0.0,0.0,0.0,0.0,0.0,0.0,0.0,1.0,0.0,1.0,0.0,0.0
Non-Travel,Research & Development,Medical,1,Research Scientist,Divorced,0,1,3.1586113002042207,1.5476190476190474,3.1254480286738353,0.3571428571428571,1.25,0.0,3.333333333333333,1.2857142857142856,3.333333333333333,0.0,0.0,0.5420797300147648,0.3816502710299137,0.5555555555555556,0.7142857142857144,0.0,5.0,0.0,1.6666666666666667,0.5,2.5,5.0,0.5,0.5555555555555556,0.6666666666666666,0.8823529411764706,0.0,0.0,1.0,0.0,0.0,0.0,1.0,0.0,0.0,1.0,0.0,0.0,0.0,0.0,0.0,1.0,0.0,0.0,0.0,0.0,1.0
Travel_Rarely,Human Resources,Life Sciences,1,Human Resources,Married,0,0,1.6609938733832537,2.142857142857143,4.207885304659499,1.25,2.5,0.0,0.0,3.357142857142857,1.6666666666666667,0.0,0.0,0.3514553891584053,1.3131901224653686,0.0,3.571428571428571,5.0,3.333333333333333,0.0,0.0,0.75,2.5,3.333333333333333,0.625,1.1111111111111112,0.0,0.8823529411764706,0.0,1.0,0.0,0.0,1.0,0.0,0.0,0.0,0.0,1.0,1.0,0.0,0.0,0.0,0.0,0.0,0.0,0.0,1.0,0.0,0.0
Non-Travel,Research & Development,Medical,1,Research Scientist,Divorced,0,1,4.523485364193329,1.0714285714285712,4.824372759856631,0.3571428571428571,2.5,0.0,3.333333333333333,3.4999999999999996,1.6666666666666667,0.0,3.333333333333333,0.4105146593545665,4.664123669945794,0.5555555555555556,1.4285714285714288,0.0,5.0,0.0,1.6666666666666667,0.125,1.6666666666666667,1.6666666666666667,0.125,0.2777777777777778,0.0,0.29411764705882354,0.0,0.0,1.0,0.0,0.0,0.0,1.0,0.0,0.0,1.0,0.0,0.0,0.0,0.0,0.0,1.0,0.0,0.0,0.0,0.0,1.0
Non-Travel,Research & Development,Medical,1,Research Scientist,Married,0,0,3.9857045609257997,1.0714285714285712,1.2150537634408602,0.3571428571428571,2.5,0.0,5.0,1.4285714285714284,3.333333333333333,0.0,5.0,0.18376924699430497,2.906444489058422,0.5555555555555556,0.0,0.0,3.333333333333333,0.0,5.0,0.0,5.0,1.6666666666666667,0.0,0.0,0.0,0.0,0.0,0.0,1.0,0.0,0.0,0.0,1.0,0.0,0.0,1.0,0.0,0.0,0.0,0.0,0.0,1.0,0.0,0.0,1.0,0.0,0.0
Travel_Rarely,Sales,Life Sciences,1,Sales Executive,Divorced,0,0,0.4969366916269571,1.6666666666666665,0.04659498207885304,2.1428571428571432,3.75,0.0,1.6666666666666667,3.0714285714285716,3.333333333333333,1.25,5.0,0.8948534064543345,1.4366593053603696,1.1111111111111112,0.0,0.0,3.333333333333333,0.0,1.6666666666666667,1.0,2.5,1.6666666666666667,0.625,0.5555555555555556,0.0,0.8823529411764706,0.0,1.0,0.0,1.0,1.0,0.0,0.0,0.0,0.0,1.0,0.0,0.0,0.0,0.0,0.0,0.0,1.0,0.0,0.0,0.0,0.0
Travel_Rarely,Sales,Marketing,0,Sales Executive,Married,0,0,1.3682777399591557,1.3095238095238093,0.060931899641577025,4.642857142857142,2.5,0.0,1.6666666666666667,0.3571428571428572,3.333333333333333,2.5,5.0,1.7480489348238766,4.5033125878337685,0.5555555555555556,3.928571428571429,5.0,5.0,0.0,5.0,1.25,2.5,1.6666666666666667,1.25,1.1111111111111112,0.3333333333333333,2.6470588235294117,0.0,1.0,0.0,1.0,0.0,1.0,0.0,0.0,0.0,0.0,0.0,0.0,0.0,0.0,0.0,0.0,1.0,0.0,1.0,0.0,0.0
Travel_Rarely,Research & Development,Medical,1,Manufacturing Director,Divorced,0,0,3.2471068754254593,3.9285714285714284,4.293906810035843,0.17857142857142858,2.5,0.0,5.0,3.857142857142857,0.0,1.25,1.6666666666666667,1.1793398017295929,2.8562537643043564,2.7777777777777777,2.5,0.0,5.0,0.0,1.6666666666666667,1.625,2.5,3.333333333333333,0.5,0.2777777777777778,0.3333333333333333,0.5882352941176471,0.0,1.0,1.0,0.0,0.0,0.0,1.0,0.0,0.0,1.0,0.0,0.0,0.0,1.0,0.0,0.0,0.0,0.0,0.0,0.0,0.0
Travel_Rarely,Research & Development,Medical,1,Research Scientist,Married,0,0,4.6902654867256635,4.0476190476190474,2.218637992831541,1.25,3.75,0.0,3.333333333333333,3.9285714285714284,1.6666666666666667,1.25,1.6666666666666667,1.0367011179076144,3.1425416583015457,1.1111111111111112,1.4285714285714288,0.0,0.0,0.0,0.0,1.375,2.5,1.6666666666666667,1.0,0.5555555555555556,2.333333333333333,2.058823529411765,0.0,1.0,1.0,0.0,0.0,0.0,1.0,0.0,0.0,1.0,0.0,0.0,0.0,0.0,0.0,1.0,0.0,0.0,1.0,0.0,0.0
Travel_Rarely,Research & Development,Life Sciences,0,Laboratory Technician,Divorced,0,1,2.2430224642614025,2.0238095238095233,0.0,0.17857142857142858,2.5,0.0,0.0,2.785714285714285,3.333333333333333,0.0,0.0,0.28079519088799826,4.92371009837382,0.5555555555555556,0.35714285714285676,0.0,5.0,0.0,1.6666666666666667,0.125,1.6666666666666667,3.333333333333333,0.125,0.0,0.0,0.0,0.0,1.0,1.0,0.0,1.0,0.0,0.0,0.0,0.0,0.0,0.0,1.0,0.0,0.0,0.0,0.0,0.0,0.0,0.0,0.0,1.0
Travel_Rarely,Research & Development,Medical,1,Research Scientist,Single,0,1,1.5759019741320623,0.23809523809523814,4.508960573476703,1.6071428571428572,0.0,0.0,5.0,0.1428571428571428,3.333333333333333,0.0,3.333333333333333,0.0,5.0,0.5555555555555556,0.0,0.0,5.0,0.0,0.0,0.125,4.166666666666667,3.333333333333333,0.125,0.0,0.3333333333333333,0.29411764705882354,0.0,1.0,1.0,0.0,0.0,0.0,1.0,0.0,0.0,1.0,0.0,0.0,0.0,0.0,0.0,1.0,0.0,0.0,0.0,1.0,1.0
Travel_Rarely,Research & Development,Technical Degree,0,Research Scientist,Divorced,0,0,0.6330837304288631,1.4285714285714284,0.34767025089605735,0.7142857142857143,2.5,0.0,5.0,3.857142857142857,3.333333333333333,0.0,0.0,0.5787281164311326,1.6705480827143144,2.7777777777777777,1.0714285714285712,0.0,5.0,0.0,1.6666666666666667,1.0,2.5,3.333333333333333,0.375,0.5555555555555556,0.6666666666666666,0.5882352941176471,0.0,1.0,1.0,0.0,0.0,0.0,0.0,0.0,1.0,0.0,0.0,0.0,0.0,0.0,0.0,1.0,0.0,0.0,0.0,0.0,0.0
Travel_Rarely,Sales,Marketing,0,Sales Executive,Married,0,1,3.904016337644656,1.1904761904761902,2.3512544802867383,0.17857142857142858,3.75,0.0,1.6666666666666667,3.642857142857143,3.333333333333333,1.25,1.6666666666666667,0.9939886099978907,0.3220236900220839,0.5555555555555556,3.2142857142857144,5.0,0.0,0.0,0.0,1.0,1.6666666666666667,3.333333333333333,1.0,1.9444444444444446,2.333333333333333,1.4705882352941178,0.0,1.0,0.0,1.0,0.0,1.0,0.0,0.0,0.0,0.0,0.0,0.0,0.0,0.0,0.0,0.0,1.0,0.0,1.0,0.0,1.0
Non-Travel,Research & Development,Life Sciences,1,Manager,Single,0,0,4.166099387338325,2.4999999999999996,0.003584229390680982,1.4285714285714286,2.5,0.0,5.0,4.071428571428571,3.333333333333333,5.0,5.0,4.857097658721789,2.651676370206786,1.1111111111111112,0.7142857142857144,0.0,3.333333333333333,0.0,0.0,2.625,2.5,1.6666666666666667,0.75,0.0,0.3333333333333333,0.8823529411764706,0.0,0.0,1.0,0.0,1.0,0.0,0.0,0.0,0.0,1.0,0.0,0.0,1.0,0.0,0.0,0.0,0.0,0.0,0.0,1.0,0.0
Non-Travel,Research & Development,Medical,1,Research Scientist,Divorced,0,0,2.069434989788972,2.976190476190476,4.444444444444445,1.0714285714285714,2.5,0.0,5.0,0.5,5.0,0.0,5.0,0.2847500527314912,0.6291909255169645,2.2222222222222223,1.0714285714285712,0.0,5.0,0.0,5.0,0.875,2.5,5.0,0.625,1.1111111111111112,0.6666666666666666,0.5882352941176471,0.0,0.0,1.0,0.0,0.0,0.0,1.0,0.0,0.0,1.0,0.0,0.0,0.0,0.0,0.0,1.0,0.0,0.0,0.0,0.0,0.0
Travel_Rarely,Research & Development,Life Sciences,1,Healthcare Representative,Married,0,1,0.48672566371681414,4.404761904761905,4.032258064516129,0.5357142857142857,3.75,0.0,5.0,0.0,3.333333333333333,1.25,3.333333333333333,0.7978274625606412,2.8205179682794617,0.0,1.7857142857142856,0.0,1.6666666666666667,0.0,0.0,0.5,1.6666666666666667,3.333333333333333,0.375,0.5555555555555556,0.3333333333333333,0.5882352941176471,0.0,1.0,1.0,0.0,1.0,0.0,0.0,0.0,0.0,1.0,0.0,0.0,0.0,0.0,0.0,0.0,0.0,0.0,1.0,0.0,1.0
Travel_Frequently,Research & Development,Medical,1,Laboratory Technician,Single,0,1,2.556160653505786,1.1904761904761902,2.4623655913978495,0.0,3.75,0.0,5.0,1.0,3.333333333333333,0.0,3.333333333333333,0.3018877873866273,0.9532222445292111,0.0,0.0,0.0,3.333333333333333,0.0,0.0,0.625,1.6666666666666667,1.6666666666666667,0.5,0.5555555555555556,0.0,0.5882352941176471,1.0,0.0,1.0,0.0,0.0,0.0,1.0,0.0,0.0,1.0,0.0,1.0,0.0,0.0,0.0,0.0,0.0,0.0,0.0,1.0,1.0
Travel_Rarely,Sales,Medical,0,Sales Representative,Single,0,0,3.339006126616746,0.23809523809523814,3.7168458781362004,0.17857142857142858,2.5,0.0,3.333333333333333,0.07142857142857117,3.333333333333333,0.0,3.333333333333333,0.46772832735709763,2.2399116643244326,0.5555555555555556,2.8571428571428568,0.0,0.0,0.0,0.0,0.25,2.5,3.333333333333333,0.25,0.5555555555555556,0.6666666666666666,0.5882352941176471,0.0,1.0,0.0,1.0,0.0,0.0,1.0,0.0,0.0,0.0,0.0,0.0,0.0,0.0,0.0,0.0,0.0,1.0,0.0,1.0,0.0
Travel_Rarely,Sales,Marketing,0,Sales Executive,Married,0,0,0.6705241660993873,2.7380952380952377,0.8351254480286738,1.25,2.5,0.0,3.333333333333333,1.714285714285714,3.333333333333333,1.25,1.6666666666666667,0.8922168318920058,4.96827946195543,2.7777777777777777,3.571428571428571,5.0,3.333333333333333,0.0,1.6666666666666667,1.75,2.5,3.333333333333333,0.625,1.1111111111111112,0.3333333333333333,1.1764705882352942,0.0,1.0,0.0,1.0,0.0,1.0,0.0,0.0,0.0,0.0,0.0,0.0,0.0,0.0,0.0,0.0,1.0,0.0,1.0,0.0,0.0
Travel_Rarely,Research & Development,Technical Degree,1,Manufacturing Director,Married,0,1,3.005445881552076,3.214285714285714,4.817204301075269,5.0,2.5,0.0,1.6666666666666667,1.7857142857142856,3.333333333333333,2.5,5.0,2.2070765661252896,2.5348323629793215,2.2222222222222223,2.5,0.0,5.0,0.0,3.3333333333333335,1.25,3.3333333333333335,5.0,0.375,0.2777777777777778,0.3333333333333333,0.5882352941176471,0.0,1.0,1.0,0.0,0.0,0.0,0.0,0.0,1.0,1.0,0.0,0.0,0.0,1.0,0.0,0.0,0.0,0.0,1.0,0.0,1.0
Non-Travel,Sales,Technical Degree,0,Sales Executive,Single,0,1,0.9496255956432947,2.380952380952381,0.17204301075268819,1.6071428571428572,2.5,0.0,3.333333333333333,3.9285714285714284,3.333333333333333,1.25,5.0,1.2278527736764395,3.574583416984541,0.5555555555555556,0.7142857142857144,0.0,1.6666666666666667,0.0,0.0,0.75,0.8333333333333334,3.333333333333333,0.625,0.8333333333333334,0.3333333333333333,0.8823529411764706,0.0,0.0,0.0,1.0,0.0,0.0,0.0,0.0,1.0,0.0,0.0,0.0,0.0,0.0,0.0,0.0,1.0,0.0,0.0,1.0,1.0
Travel_Frequently,Sales,Marketing,1,Sales Executive,Married,0,0,0.9972770592239618,1.0714285714285712,2.598566308243728,1.25,0.0,0.0,3.333333333333333,3.857142857142857,3.333333333333333,1.25,5.0,0.87877030162413,4.399518169042361,0.0,2.8571428571428568,0.0,1.6666666666666667,0.0,1.6666666666666667,0.625,2.5,3.333333333333333,0.5,0.5555555555555556,0.3333333333333333,0.29411764705882354,1.0,0.0,0.0,1.0,0.0,1.0,0.0,0.0,0.0,1.0,0.0,0.0,0.0,0.0,0.0,0.0,1.0,0.0,1.0,0.0,0.0
Travel_Rarely,Research & Development,Life Sciences,1,Research Scientist,Single,0,0,4.908100748808713,2.0238095238095233,3.272401433691756,0.8928571428571428,3.75,0.0,1.6666666666666667,3.714285714285714,0.0,1.25,5.0,1.4862370807846446,3.467978317606906,0.5555555555555556,0.7142857142857144,0.0,1.6666666666666667,0.0,0.0,2.125,2.5,3.333333333333333,2.125,3.055555555555556,3.6666666666666665,2.3529411764705883,0.0,1.0,1.0,0.0,1.0,0.0,0.0,0.0,0.0,1.0,0.0,0.0,0.0,0.0,0.0,1.0,0.0,0.0,0.0,1.0,0.0
Travel_Rarely,Research & Development,Life Sciences,1,Research Scientist,Married,0,0,1.3614703880190604,1.3095238095238093,4.114695340501792,3.9285714285714293,1.25,0.0,3.333333333333333,3.642857142857143,5.0,0.0,3.333333333333333,0.44584475848977007,4.353543465167637,0.5555555555555556,4.642857142857142,5.0,3.333333333333333,0.0,1.6666666666666667,1.25,2.5,3.333333333333333,1.25,1.9444444444444446,0.0,2.058823529411765,0.0,1.0,1.0,0.0,1.0,0.0,0.0,0.0,0.0,1.0,0.0,0.0,0.0,0.0,0.0,1.0,0.0,0.0,1.0,0.0,0.0
Travel_Rarely,Sales,Life Sciences,1,Sales Representative,Single,0,0,0.41524846834581347,1.3095238095238093,4.630824372759856,1.6071428571428572,2.5,0.0,3.333333333333333,4.928571428571429,3.333333333333333,0.0,3.333333333333333,0.430552626028264,0.13270427624974906,0.5555555555555556,0.0,0.0,3.333333333333333,0.0,0.0,0.125,5.0,3.333333333333333,0.125,0.0,0.0,0.0,0.0,1.0,0.0,1.0,1.0,0.0,0.0,0.0,0.0,1.0,0.0,0.0,0.0,0.0,0.0,0.0,0.0,1.0,0.0,1.0,0.0
Travel_Rarely,Sales,Other,1,Sales Executive,Single,0,0,4.108236895847515,1.9047619047619047,0.7168458781362008,0.17857142857142858,2.5,0.0,5.0,2.142857142857143,3.333333333333333,1.25,5.0,1.3881565070660198,3.3310580204778155,0.5555555555555556,3.928571428571429,5.0,3.333333333333333,0.0,0.0,0.75,4.166666666666667,3.333333333333333,0.75,1.3888888888888888,0.3333333333333333,1.1764705882352942,0.0,1.0,0.0,1.0,0.0,0.0,0.0,1.0,0.0,1.0,0.0,0.0,0.0,0.0,0.0,0.0,1.0,0.0,0.0,1.0,0.0
Travel_Rarely,Research & Development,Life Sciences,1,Research Scientist,Married,0,1,0.6875425459496256,1.5476190476190474,4.007168458781362,1.7857142857142858,3.75,0.0,5.0,1.2857142857142856,3.333333333333333,0.0,5.0,0.3551465935456654,2.565147560730777,1.6666666666666667,2.8571428571428568,0.0,1.6666666666666667,0.0,1.6666666666666667,1.0,1.6666666666666667,3.333333333333333,0.75,1.1111111111111112,0.0,0.5882352941176471,0.0,1.0,1.0,0.0,1.0,0.0,0.0,0.0,0.0,1.0,0.0,0.0,0.0,0.0,0.0,1.0,0.0,0.0,1.0,0.0,1.0
Travel_Rarely,Research & Development,Medical,0,Research Scientist,Divorced,0,0,2.842069434989789,1.1904761904761902,3.193548387096774,1.4285714285714286,2.5,0.0,3.333333333333333,3.357142857142857,3.333333333333333,0.0,3.333333333333333,0.3606834001265555,1.5539048383858665,2.7777777777777777,2.5,0.0,1.6666666666666667,0.0,1.6666666666666667,0.75,1.6666666666666667,3.333333333333333,0.25,0.5555555555555556,0.6666666666666666,0.5882352941176471,0.0,1.0,1.0,0.0,0.0,0.0,1.0,0.0,0.0,0.0,0.0,0.0,0.0,0.0,0.0,1.0,0.0,0.0,0.0,0.0,0.0
Travel_Rarely,Research & Development,Medical,1,Healthcare Representative,Single,0,0,0.8373042886317222,3.0952380952380953,1.8673835125448028,0.5357142857142857,2.5,0.0,5.0,1.4285714285714284,3.333333333333333,1.25,1.6666666666666667,1.2982493144906138,0.6229672756474605,5.0,0.35714285714285676,0.0,5.0,0.0,0.0,1.25,1.6666666666666667,1.6666666666666667,0.625,0.5555555555555556,0.6666666666666666,0.8823529411764706,0.0,1.0,1.0,0.0,0.0,0.0,1.0,0.0,0.0,1.0,0.0,0.0,0.0,0.0,0.0,0.0,0.0,0.0,0.0,1.0,0.0
Travel_Rarely,Research & Development,Medical,0,Manager,Single,0,0,4.748127978216473,1.9047619047619047,4.480286738351254,0.7142857142857143,2.5,0.0,3.333333333333333,1.0714285714285712,1.6666666666666667,2.5,0.0,2.8005695001054627,0.7068861674362579,1.1111111111111112,0.35714285714285676,0.0,5.0,0.0,0.0,1.75,5.0,3.333333333333333,1.375,2.7777777777777777,1.6666666666666665,2.3529411764705883,0.0,1.0,1.0,0.0,0.0,0.0,1.0,0.0,0.0,0.0,0.0,0.0,1.0,0.0,0.0,0.0,0.0,0.0,0.0,1.0,0.0
Travel_Rarely,Research & Development,Medical,1,Laboratory Technician,Married,0,0,4.700476514635806,1.1904761904761902,3.8530465949820787,3.2142857142857144,3.75,0.0,5.0,3.4285714285714284,1.6666666666666667,0.0,0.0,0.5766188567812698,2.0788998193133907,0.5555555555555556,0.35714285714285676,0.0,3.333333333333333,0.0,5.0,0.75,1.6666666666666667,3.333333333333333,0.75,1.3888888888888888,1.0,0.8823529411764706,0.0,1.0,1.0,0.0,0.0,0.0,1.0,0.0,0.0,1.0,0.0,1.0,0.0,0.0,0.0,0.0,0.0,0.0,1.0,0.0,0.0
Travel_Rarely,Sales,Marketing,1,Sales Executive,Single,0,0,3.924438393464942,3.452380952380952,2.1469534050179213,2.3214285714285716,3.75,0.0,5.0,0.8571428571428572,3.333333333333333,1.25,0.0,1.0417106095760387,1.9536237703272434,1.1111111111111112,0.35714285714285676,0.0,5.0,0.0,0.0,2.5,1.6666666666666667,3.333333333333333,0.875,1.9444444444444446,0.3333333333333333,2.058823529411765,0.0,1.0,0.0,1.0,0.0,1.0,0.0,0.0,0.0,1.0,0.0,0.0,0.0,0.0,0.0,0.0,1.0,0.0,0.0,1.0,0.0
Travel_Frequently,Research & Development,Medical,1,Laboratory Technician,Single,0,0,1.307011572498298,1.5476190476190474,0.7275985663082438,5.0,1.25,0.0,3.333333333333333,2.9285714285714284,1.6666666666666667,0.0,1.6666666666666667,0.6512339168951697,1.9188917887974302,0.0,0.0,0.0,1.6666666666666667,0.0,0.0,0.75,1.6666666666666667,5.0,0.625,1.1111111111111112,0.3333333333333333,1.1764705882352942,1.0,0.0,1.0,0.0,0.0,0.0,1.0,0.0,0.0,1.0,0.0,1.0,0.0,0.0,0.0,0.0,0.0,0.0,0.0,1.0,0.0
Travel_Rarely,Sales,Medical,1,Sales Executive,Divorced,0,0,4.4111640571817565,1.5476190476190474,4.519713261648746,2.1428571428571432,3.75,0.0,1.6666666666666667,1.1428571428571428,3.333333333333333,1.25,0.0,0.850031638894748,1.8907849829351535,1.1111111111111112,2.1428571428571423,0.0,3.333333333333333,0.0,0.0,1.125,1.6666666666666667,0.0,0.375,0.2777777777777778,0.3333333333333333,0.5882352941176471,0.0,1.0,0.0,1.0,0.0,0.0,1.0,0.0,0.0,1.0,0.0,0.0,0.0,0.0,0.0,0.0,1.0,0.0,0.0,0.0,0.0
Travel_Frequently,Research & Development,Life Sciences,1,Manufacturing Director,Single,0,0,2.9067392784206945,2.0238095238095233,0.3440860215053763,3.035714285714286,1.25,0.0,3.333333333333333,2.142857142857143,3.333333333333333,2.5,5.0,2.202330731913098,3.5836177474402726,1.1111111111111112,0.0,0.0,3.333333333333333,0.0,0.0,1.25,1.6666666666666667,3.333333333333333,0.25,0.5555555555555556,0.6666666666666666,0.5882352941176471,1.0,0.0,1.0,0.0,1.0,0.0,0.0,0.0,0.0,1.0,0.0,0.0,0.0,1.0,0.0,0.0,0.0,0.0,0.0,1.0,0.0
Travel_Rarely,Research & Development,Medical,1,Laboratory Technician,Divorced,0,0,0.7454050374404356,0.714285714285714,1.4408602150537635,5.0,0.0,0.0,1.6666666666666667,4.357142857142858,3.333333333333333,0.0,0.0,0.7640793081628348,0.3067657096968481,0.5555555555555556,0.7142857142857144,0.0,1.6666666666666667,0.0,5.0,0.75,1.6666666666666667,5.0,0.75,0.5555555555555556,0.3333333333333333,0.5882352941176471,0.0,1.0,1.0,0.0,0.0,0.0,1.0,0.0,0.0,1.0,0.0,1.0,0.0,0.0,0.0,0.0,0.0,0.0,0.0,0.0,0.0
Travel_Rarely,Research & Development,Life Sciences,1,Research Scientist,Married,0,0,2.1817562968005446,2.7380952380952377,1.9283154121863801,0.0,2.5,0.0,5.0,3.285714285714285,3.333333333333333,0.0,5.0,0.4674646699008647,3.878337683196145,1.6666666666666667,3.928571428571429,5.0,0.0,0.0,1.6666666666666667,1.5,2.5,3.333333333333333,0.625,0.8333333333333334,0.3333333333333333,0.0,0.0,1.0,1.0,0.0,1.0,0.0,0.0,0.0,0.0,1.0,0.0,0.0,0.0,0.0,0.0,1.0,0.0,0.0,1.0,0.0,0.0
Travel_Rarely,Research & Development,Medical,0,Healthcare Representative,Married,0,0,0.0034036759700476512,2.2619047619047614,3.7168458781362004,1.7857142857142858,1.25,0.0,0.0,2.214285714285714,0.0,1.25,1.6666666666666667,0.9934612950854249,2.4669745031118246,2.7777777777777777,1.4285714285714288,0.0,0.0,0.0,0.0,1.875,1.6666666666666667,0.0,0.125,0.0,0.0,0.0,0.0,1.0,1.0,0.0,0.0,0.0,1.0,0.0,0.0,0.0,0.0,0.0,0.0,0.0,0.0,0.0,0.0,0.0,1.0,0.0,0.0
Travel_Rarely,Research & Development,Medical,1,Laboratory Technician,Married,0,1,0.38121170864533693,1.7857142857142856,2.5412186379928317,2.3214285714285716,2.5,0.0,3.333333333333333,1.9999999999999996,3.333333333333333,0.0,5.0,0.37623919004429435,4.02629993977113,2.7777777777777777,0.7142857142857144,0.0,3.333333333333333,0.0,1.6666666666666667,1.0,1.6666666666666667,0.0,0.625,1.1111111111111112,0.0,1.1764705882352942,0.0,1.0,1.0,0.0,0.0,0.0,1.0,0.0,0.0,1.0,0.0,1.0,0.0,0.0,0.0,0.0,0.0,0.0,1.0,0.0,1.0
Travel_Rarely,Research & Development,Life Sciences,1,Laboratory Technician,Married,0,0,2.375765827093261,3.9285714285714284,1.1756272401433692,1.4285714285714286,3.75,0.0,5.0,4.7142857142857135,3.333333333333333,0.0,5.0,0.28105884834423117,3.33888777353945,1.6666666666666667,4.2857142857142865,5.0,1.6666666666666667,0.0,3.3333333333333335,1.25,3.3333333333333335,3.333333333333333,0.5,0.5555555555555556,0.0,0.8823529411764706,0.0,1.0,1.0,0.0,1.0,0.0,0.0,0.0,0.0,1.0,0.0,1.0,0.0,0.0,0.0,0.0,0.0,0.0,1.0,0.0,0.0
Travel_Rarely,Research & Development,Medical,1,Laboratory Technician,Divorced,0,0,4.771953710006807,1.9047619047619047,4.451612903225806,3.2142857142857144,1.25,0.0,1.6666666666666667,4.5,3.333333333333333,0.0,5.0,0.43556211769668846,1.3378839590443687,0.0,0.0,0.0,3.333333333333333,0.0,1.6666666666666667,0.375,1.6666666666666667,3.333333333333333,0.25,0.5555555555555556,0.3333333333333333,0.5882352941176471,0.0,1.0,1.0,0.0,0.0,0.0,1.0,0.0,0.0,1.0,0.0,1.0,0.0,0.0,0.0,0.0,0.0,0.0,0.0,0.0,0.0
Non-Travel,Research & Development,Life Sciences,1,Healthcare Representative,Divorced,0,1,3.2368958475153167,4.761904761904761,1.0250896057347672,0.0,3.75,0.0,5.0,0.1428571428571428,0.0,1.25,3.333333333333333,1.2262708289390423,3.003814495081309,1.1111111111111112,0.7142857142857144,0.0,5.0,0.0,1.6666666666666667,1.5,1.6666666666666667,3.333333333333333,0.625,0.8333333333333334,0.3333333333333333,0.5882352941176471,0.0,0.0,1.0,0.0,1.0,0.0,0.0,0.0,0.0,1.0,0.0,0.0,0.0,0.0,0.0,0.0,0.0,0.0,0.0,0.0,1.0
Travel_Rarely,Sales,Medical,1,Sales Representative,Married,0,0,4.394145677331518,0.833333333333333,1.8566308243727598,2.1428571428571432,0.0,0.0,1.6666666666666667,0.714285714285714,3.333333333333333,0.0,3.333333333333333,0.28659565492512123,4.874924713912868,0.5555555555555556,0.0,0.0,3.333333333333333,0.0,0.0,0.875,0.8333333333333334,3.333333333333333,0.875,1.1111111111111112,0.0,1.7647058823529411,0.0,1.0,0.0,1.0,0.0,0.0,1.0,0.0,0.0,1.0,0.0,0.0,0.0,0.0,0.0,0.0,0.0,1.0,1.0,0.0,0.0
Travel_Rarely,Human Resources,Human Resources,1,Human Resources,Married,0,0,4.513274336283185,2.142857142857143,3.3584229390681,2.1428571428571432,2.5,0.0,3.333333333333333,0.4285714285714284,3.333333333333333,0.0,1.6666666666666667,0.2989875553680658,4.704477012648063,2.2222222222222223,0.7142857142857144,0.0,1.6666666666666667,0.0,1.6666666666666667,1.0,1.6666666666666667,3.333333333333333,0.625,0.5555555555555556,0.0,1.1764705882352942,0.0,1.0,0.0,0.0,0.0,0.0,0.0,0.0,0.0,1.0,1.0,0.0,0.0,0.0,0.0,0.0,0.0,0.0,1.0,0.0,0.0
Travel_Frequently,Research & Development,Life Sciences,0,Manufacturing Director,Single,0,1,1.501021102791014,2.380952380952381,0.4874551971326165,0.17857142857142858,3.75,0.0,0.0,3.214285714285714,5.0,1.25,0.0,1.3106412149335582,4.816502710299137,3.3333333333333335,0.35714285714285676,0.0,5.0,0.0,0.0,2.125,1.6666666666666667,3.333333333333333,1.875,1.9444444444444446,1.3333333333333333,3.5294117647058822,1.0,0.0,1.0,0.0,1.0,0.0,0.0,0.0,0.0,0.0,0.0,0.0,0.0,1.0,0.0,0.0,0.0,0.0,0.0,1.0,1.0
Travel_Rarely,Research & Development,Life Sciences,1,Research Scientist,Married,0,0,3.866575901974132,1.9047619047619047,4.634408602150538,0.0,5.0,0.0,1.6666666666666667,0.8571428571428572,3.333333333333333,0.0,5.0,0.4434718413836743,1.1174462959245133,0.5555555555555556,0.35714285714285676,0.0,5.0,0.0,1.6666666666666667,1.25,3.3333333333333335,1.6666666666666667,1.25,2.5,2.6666666666666665,2.3529411764705883,0.0,1.0,1.0,0.0,1.0,0.0,0.0,0.0,0.0,1.0,0.0,0.0,0.0,0.0,0.0,1.0,0.0,0.0,1.0,0.0,0.0
Travel_Frequently,Research & Development,Life Sciences,1,Manager,Divorced,0,0,4.27501701837985,2.7380952380952377,2.6989247311827955,1.6071428571428572,2.5,0.0,5.0,4.357142857142858,1.6666666666666667,3.75,0.0,4.263868382197848,2.1670347319815297,2.2222222222222223,0.7142857142857144,0.0,1.6666666666666667,0.0,1.6666666666666667,2.625,1.6666666666666667,1.6666666666666667,0.875,1.6666666666666667,2.333333333333333,2.058823529411765,1.0,0.0,1.0,0.0,1.0,0.0,0.0,0.0,0.0,1.0,0.0,0.0,1.0,0.0,0.0,0.0,0.0,0.0,0.0,0.0,0.0
Travel_Rarely,Research & Development,Medical,0,Research Scientist,Single,0,1,2.256637168141593,0.23809523809523814,3.5591397849462365,1.7857142857142858,2.5,0.0,5.0,4.857142857142858,1.6666666666666667,0.0,0.0,0.41947901286648376,3.248544468982132,0.5555555555555556,1.4285714285714288,0.0,0.0,0.0,0.0,0.125,1.6666666666666667,3.333333333333333,0.125,0.0,0.0,0.0,0.0,1.0,1.0,0.0,0.0,0.0,1.0,0.0,0.0,0.0,0.0,0.0,0.0,0.0,0.0,1.0,0.0,0.0,0.0,1.0,1.0
Travel_Rarely,Research & Development,Medical,1,Laboratory Technician,Married,0,0,4.577944179714091,2.857142857142857,3.9641577060931903,0.17857142857142858,2.5,0.0,3.333333333333333,2.714285714285714,1.6666666666666667,0.0,1.6666666666666667,1.0103353722843282,4.4083517365990765,2.2222222222222223,1.0714285714285712,0.0,1.6666666666666667,0.0,1.6666666666666667,0.5,2.5,3.333333333333333,0.125,0.0,0.0,0.0,0.0,1.0,1.0,0.0,0.0,0.0,1.0,0.0,0.0,1.0,0.0,1.0,0.0,0.0,0.0,0.0,0.0,0.0,1.0,0.0,0.0
Travel_Rarely,Research & Development,Life Sciences,1,Manager,Married,0,0,4.278420694349898,4.0476190476190474,3.4014336917562726,0.0,1.25,0.0,5.0,2.857142857142857,3.333333333333333,3.75,5.0,4.242248470786754,2.355952619955832,1.1111111111111112,1.4285714285714288,0.0,1.6666666666666667,0.0,1.6666666666666667,3.25,1.6666666666666667,1.6666666666666667,1.125,2.2222222222222223,2.333333333333333,2.3529411764705883,0.0,1.0,1.0,0.0,1.0,0.0,0.0,0.0,0.0,1.0,0.0,0.0,1.0,0.0,0.0,0.0,0.0,0.0,1.0,0.0,0.0
Travel_Rarely,Research & Development,Technical Degree,0,Manager,Divorced,0,0,4.438393464942138,4.523809523809524,2.2007168458781363,0.5357142857142857,3.75,0.0,5.0,4.428571428571429,3.333333333333333,5.0,0.0,4.9920902763130135,3.3087733386870104,2.2222222222222223,0.7142857142857144,0.0,5.0,0.0,1.6666666666666667,3.5,1.6666666666666667,3.333333333333333,0.625,0.5555555555555556,1.3333333333333333,0.5882352941176471,0.0,1.0,1.0,0.0,0.0,0.0,0.0,0.0,1.0,0.0,0.0,0.0,1.0,0.0,0.0,0.0,0.0,0.0,0.0,0.0,0.0
Travel_Rarely,Research & Development,Medical,1,Manufacturing Director,Married,0,0,1.0789652825051053,2.4999999999999996,2.7347670250896057,1.4285714285714286,1.25,0.0,0.0,4.071428571428571,3.333333333333333,1.25,0.0,1.0920691837165155,2.0519975908452115,0.5555555555555556,5.0,5.0,5.0,0.0,1.6666666666666667,1.25,2.5,3.333333333333333,1.25,0.0,2.333333333333333,2.6470588235294117,0.0,1.0,1.0,0.0,0.0,0.0,1.0,0.0,0.0,1.0,0.0,0.0,0.0,1.0,0.0,0.0,0.0,0.0,1.0,0.0,0.0
Travel_Rarely,Research & Development,Medical,1,Healthcare Representative,Married,0,1,2.2055820285908783,1.5476190476190474,4.401433691756273,1.7857142857142858,1.25,0.0,3.333333333333333,3.5714285714285707,3.333333333333333,1.25,0.0,1.5355410251001897,3.0104396707488457,0.5555555555555556,0.35714285714285676,0.0,5.0,0.0,0.0,0.75,1.6666666666666667,1.6666666666666667,0.75,1.3888888888888888,0.0,0.29411764705882354,0.0,1.0,1.0,0.0,0.0,0.0,1.0,0.0,0.0,1.0,0.0,0.0,0.0,0.0,0.0,0.0,0.0,0.0,1.0,0.0,1.0
Travel_Rarely,Human Resources,Other,1,Human Resources,Single,0,0,2.4132062627637847,1.3095238095238093,0.8172043010752688,2.857142857142857,2.5,0.0,1.6666666666666667,1.5,1.6666666666666667,2.5,0.0,1.8400653870491455,1.5408552499498094,0.5555555555555556,0.7142857142857144,0.0,0.0,0.0,0.0,1.25,2.5,1.6666666666666667,1.25,2.5,0.0,2.6470588235294117,0.0,1.0,0.0,0.0,0.0,0.0,0.0,1.0,0.0,1.0,1.0,0.0,0.0,0.0,0.0,0.0,0.0,0.0,0.0,1.0,0.0
Travel_Frequently,Research & Development,Medical,1,Manager,Married,0,0,4.363512593601089,3.5714285714285707,0.935483870967742,0.5357142857142857,5.0,0.0,3.333333333333333,4.2142857142857135,1.6666666666666667,3.75,5.0,3.742090276313014,0.7042762497490465,1.1111111111111112,5.0,5.0,1.6666666666666667,0.0,1.6666666666666667,2.875,2.5,3.333333333333333,0.25,0.5555555555555556,0.6666666666666666,0.5882352941176471,1.0,0.0,1.0,0.0,0.0,0.0,1.0,0.0,0.0,1.0,0.0,0.0,1.0,0.0,0.0,0.0,0.0,0.0,1.0,0.0,0.0
Non-Travel,Human Resources,Human Resources,0,Manager,Single,0,1,3.308373042886317,4.285714285714285,0.13620071684587814,4.464285714285714,2.5,0.0,5.0,0.0,5.0,3.75,5.0,4.302626028264079,2.364384661714515,1.1111111111111112,0.35714285714285676,0.0,3.333333333333333,0.0,0.0,2.875,2.5,3.333333333333333,0.625,0.8333333333333334,1.3333333333333333,1.1764705882352942,0.0,0.0,0.0,0.0,0.0,0.0,0.0,0.0,0.0,0.0,0.0,0.0,1.0,0.0,0.0,0.0,0.0,0.0,0.0,1.0,1.0
Travel_Frequently,Sales,Life Sciences,0,Sales Representative,Single,0,0,2.1341048332198773,1.5476190476190474,2.017921146953405,0.0,3.75,0.0,1.6666666666666667,1.4285714285714284,0.0,0.0,3.333333333333333,0.09228010968150174,2.8227263601686405,0.5555555555555556,0.35714285714285676,0.0,1.6666666666666667,0.0,0.0,0.125,2.5,3.333333333333333,0.125,0.0,0.0,0.0,1.0,0.0,0.0,1.0,1.0,0.0,0.0,0.0,0.0,0.0,0.0,0.0,0.0,0.0,0.0,0.0,0.0,1.0,0.0,1.0,0.0
Travel_Rarely,Research & Development,Technical Degree,1,Laboratory Technician,Married,0,0,2.151123213070116,0.4761904761904763,1.7562724014336917,0.17857142857142858,0.0,0.0,3.333333333333333,5.0,3.333333333333333,0.0,5.0,0.39917738873655345,3.454125677574784,0.0,1.0714285714285712,0.0,3.333333333333333,0.0,1.6666666666666667,0.375,1.6666666666666667,3.333333333333333,0.25,0.2777777777777778,0.6666666666666666,0.29411764705882354,0.0,1.0,1.0,0.0,0.0,0.0,0.0,0.0,1.0,1.0,0.0,1.0,0.0,0.0,0.0,0.0,0.0,0.0,1.0,0.0,0.0
Non-Travel,Research & Development,Technical Degree,1,Research Scientist,Divorced,0,0,4.2477876106194685,1.4285714285714284,3.175627240143369,1.0714285714285714,2.5,0.0,3.333333333333333,2.4285714285714284,3.333333333333333,0.0,3.333333333333333,0.06986922590170846,1.0154587432242523,0.5555555555555556,0.7142857142857144,0.0,1.6666666666666667,0.0,3.3333333333333335,0.125,1.6666666666666667,1.6666666666666667,0.125,0.0,0.0,0.0,0.0,0.0,1.0,0.0,0.0,0.0,0.0,0.0,1.0,1.0,0.0,0.0,0.0,0.0,0.0,1.0,0.0,0.0,0.0,0.0,0.0
Travel_Rarely,Research & Development,Life Sciences,1,Research Director,Married,0,0,4.874063989108237,3.9285714285714284,4.89247311827957,1.25,3.75,0.0,1.6666666666666667,3.642857142857143,1.6666666666666667,2.5,1.6666666666666667,3.027051255009491,2.7388074683798433,2.7777777777777777,1.7857142857142856,0.0,5.0,0.0,3.3333333333333335,2.0,4.166666666666667,0.0,1.25,2.5,1.3333333333333333,2.058823529411765,0.0,1.0,1.0,0.0,1.0,0.0,0.0,0.0,0.0,1.0,0.0,0.0,0.0,0.0,1.0,0.0,0.0,0.0,1.0,0.0,0.0
Travel_Frequently,Research & Development,Life Sciences,0,Research Scientist,Divorced,0,1,4.268209666439755,2.7380952380952377,3.9283154121863797,3.7500000000000004,2.5,0.0,5.0,3.214285714285714,3.333333333333333,1.25,5.0,1.1753849398860998,2.3808472194338486,1.6666666666666667,1.0714285714285712,0.0,0.0,0.0,3.3333333333333335,1.5,3.3333333333333335,1.6666666666666667,0.75,0.5555555555555556,1.0,0.8823529411764706,1.0,0.0,1.0,0.0,1.0,0.0,0.0,0.0,0.0,0.0,0.0,0.0,0.0,0.0,0.0,1.0,0.0,0.0,0.0,0.0,1.0
Travel_Frequently,Sales,Marketing,0,Sales Representative,Married,0,0,4.615384615384615,1.9047619047619047,0.7132616487455197,0.17857142857142858,3.75,0.0,3.333333333333333,3.214285714285714,3.333333333333333,0.0,3.333333333333333,0.3221894115165576,1.8510339289299338,3.3333333333333335,2.5,0.0,5.0,0.0,1.6666666666666667,0.75,2.5,3.333333333333333,0.5,0.8333333333333334,0.3333333333333333,0.5882352941176471,1.0,0.0,0.0,1.0,0.0,1.0,0.0,0.0,0.0,0.0,0.0,0.0,0.0,0.0,0.0,0.0,0.0,1.0,1.0,0.0,0.0
Travel_Rarely,Research & Development,Life Sciences,0,Research Director,Single,0,0,2.7059223961878827,1.9047619047619047,1.1290322580645162,1.0714285714285714,3.75,0.0,0.0,1.6428571428571428,3.333333333333333,2.5,1.6666666666666667,2.8962771567179915,3.85444689821321,0.0,0.0,0.0,3.333333333333333,0.0,0.0,1.625,3.3333333333333335,3.333333333333333,1.5,1.6666666666666667,0.6666666666666666,3.235294117647059,0.0,1.0,1.0,0.0,1.0,0.0,0.0,0.0,0.0,0.0,0.0,0.0,0.0,0.0,1.0,0.0,0.0,0.0,0.0,1.0,0.0
Non-Travel,Research & Development,Life Sciences,1,Research Scientist,Single,0,0,2.195371000680735,3.0952380952380953,0.025089605734766984,2.857142857142857,2.5,0.0,5.0,3.142857142857143,0.0,0.0,3.333333333333333,0.3377452014342965,0.438666934350532,1.1111111111111112,0.7142857142857144,0.0,5.0,0.0,0.0,0.75,2.5,3.333333333333333,0.0,0.0,0.0,0.0,0.0,0.0,1.0,0.0,1.0,0.0,0.0,0.0,0.0,1.0,0.0,0.0,0.0,0.0,0.0,1.0,0.0,0.0,0.0,1.0,0.0
Travel_Frequently,Research & Development,Life Sciences,0,Research Scientist,Single,0,0,3.444520081688223,4.285714285714285,2.953405017921147,3.3928571428571432,3.75,0.0,5.0,0.07142857142857117,3.333333333333333,1.25,3.333333333333333,1.0177177810588482,2.969484039349528,1.6666666666666667,0.35714285714285676,0.0,5.0,0.0,0.0,2.5,3.3333333333333335,1.6666666666666667,0.5,0.8333333333333334,0.0,0.8823529411764706,1.0,0.0,1.0,0.0,1.0,0.0,0.0,0.0,0.0,0.0,0.0,0.0,0.0,0.0,0.0,1.0,0.0,0.0,0.0,1.0,0.0
Travel_Frequently,Research & Development,Medical,0,Healthcare Representative,Married,0,0,1.892443839346494,3.3333333333333335,3.3333333333333335,3.035714285714286,0.0,0.0,0.0,3.9999999999999996,3.333333333333333,2.5,3.333333333333333,2.5094916684243826,1.3832563742220438,2.7777777777777777,0.0,0.0,5.0,0.0,0.0,3.5,2.5,1.6666666666666667,0.25,0.5555555555555556,0.3333333333333333,0.5882352941176471,1.0,0.0,1.0,0.0,0.0,0.0,1.0,0.0,0.0,0.0,0.0,0.0,0.0,0.0,0.0,0.0,0.0,0.0,1.0,0.0,0.0
Travel_Rarely,Sales,Marketing,0,Sales Executive,Single,0,1,2.3179033356024505,1.7857142857142856,1.7885304659498207,1.4285714285714286,3.75,0.0,0.0,3.357142857142857,3.333333333333333,1.25,0.0,1.902288546720101,3.270628387873921,0.0,2.1428571428571423,0.0,0.0,0.0,0.0,0.75,2.5,3.333333333333333,0.625,0.5555555555555556,0.0,0.8823529411764706,0.0,1.0,0.0,1.0,0.0,1.0,0.0,0.0,0.0,0.0,0.0,0.0,0.0,0.0,0.0,0.0,1.0,0.0,0.0,1.0,1.0
Travel_Rarely,Sales,Marketing,1,Sales Executive,Married,0,0,1.9639210347174947,1.4285714285714284,2.6810035842293907,1.6071428571428572,2.5,0.0,3.333333333333333,2.9999999999999996,1.6666666666666667,1.25,3.333333333333333,1.4683083737608098,0.12286689419795221,0.5555555555555556,2.5,0.0,0.0,0.0,1.6666666666666667,1.25,2.5,3.333333333333333,1.25,0.8333333333333334,0.3333333333333333,1.1764705882352942,0.0,1.0,0.0,1.0,0.0,1.0,0.0,0.0,0.0,1.0,0.0,0.0,0.0,0.0,0.0,0.0,1.0,0.0,1.0,0.0,0.0
Travel_Frequently,Research & Development,Life Sciences,1,Laboratory Technician,Single,0,0,3.7746766507828453,1.6666666666666665,3.229390681003584,0.17857142857142858,1.25,0.0,5.0,3.4999999999999996,3.333333333333333,0.0,5.0,0.5428707023834634,1.961453523388878,0.0,0.7142857142857144,0.0,3.333333333333333,0.0,0.0,1.0,1.6666666666666667,1.6666666666666667,0.875,1.9444444444444446,1.0,1.7647058823529411,1.0,0.0,1.0,0.0,1.0,0.0,0.0,0.0,0.0,1.0,0.0,1.0,0.0,0.0,0.0,0.0,0.0,0.0,0.0,1.0,0.0
Travel_Rarely,Research & Development,Technical Degree,0,Manager,Married,0,0,4.309053778080327,3.9285714285714284,3.003584229390681,0.3571428571428571,2.5,0.0,0.0,1.6428571428571428,3.333333333333333,2.5,3.333333333333333,3.192100822611263,4.193936960449709,1.1111111111111112,0.0,0.0,5.0,0.0,0.0,1.875,1.6666666666666667,3.333333333333333,0.25,0.5555555555555556,0.6666666666666666,0.5882352941176471,0.0,1.0,1.0,0.0,0.0,0.0,0.0,0.0,1.0,0.0,0.0,0.0,1.0,0.0,0.0,0.0,0.0,0.0,1.0,0.0,0.0
Travel_Frequently,Research & Development,Other,1,Laboratory Technician,Married,0,0,4.0265486725663715,2.0238095238095233,1.9068100358422941,0.5357142857142857,3.75,0.0,5.0,1.214285714285714,1.6666666666666667,0.0,5.0,0.3604197426703227,4.907247540654487,0.5555555555555556,0.7142857142857144,0.0,1.6666666666666667,0.0,1.6666666666666667,0.25,1.6666666666666667,5.0,0.25,0.5555555555555556,0.6666666666666666,0.5882352941176471,1.0,0.0,1.0,0.0,0.0,0.0,0.0,1.0,0.0,1.0,0.0,1.0,0.0,0.0,0.0,0.0,0.0,0.0,1.0,0.0,0.0
Travel_Rarely,Research & Development,Life Sciences,0,Manufacturing Director,Married,0,0,1.7835262083049692,1.0714285714285712,3.4086021505376345,0.17857142857142858,3.75,0.0,0.0,1.214285714285714,3.333333333333333,1.25,5.0,0.8484496941573507,0.5147560730776952,0.0,2.5,0.0,1.6666666666666667,0.0,1.6666666666666667,0.5,1.6666666666666667,3.333333333333333,0.375,0.5555555555555556,0.6666666666666666,0.5882352941176471,0.0,1.0,1.0,0.0,1.0,0.0,0.0,0.0,0.0,0.0,0.0,0.0,0.0,1.0,0.0,0.0,0.0,0.0,1.0,0.0,0.0
Travel_Rarely,Sales,Life Sciences,1,Sales Executive,Married,0,0,3.6044928522804627,1.4285714285714284,2.2795698924731185,0.0,2.5,0.0,1.6666666666666667,2.4285714285714284,1.6666666666666667,1.25,0.0,2.2951381565070657,0.6482634009235093,0.5555555555555556,0.0,0.0,5.0,0.0,1.6666666666666667,1.25,3.3333333333333335,3.333333333333333,1.25,2.2222222222222223,2.0,2.058823529411765,0.0,1.0,0.0,1.0,1.0,0.0,0.0,0.0,0.0,1.0,0.0,0.0,0.0,0.0,0.0,0.0,1.0,0.0,1.0,0.0,0.0
Travel_Rarely,Sales,Life Sciences,1,Sales Executive,Single,0,0,1.8379850238257316,1.6666666666666665,3.0824372759856633,0.0,1.25,0.0,0.0,0.2857142857142856,0.0,1.25,1.6666666666666667,1.5097025943893692,2.0182694238104797,3.3333333333333335,1.4285714285714288,0.0,1.6666666666666667,0.0,0.0,1.25,1.6666666666666667,3.333333333333333,0.0,0.0,0.0,0.0,0.0,1.0,0.0,1.0,1.0,0.0,0.0,0.0,0.0,1.0,0.0,0.0,0.0,0.0,0.0,0.0,1.0,0.0,0.0,1.0,0.0
Travel_Frequently,Sales,Life Sciences,1,Manager,Married,0,1,4.063989108236895,2.976190476190476,1.039426523297491,4.464285714285714,1.25,0.0,3.333333333333333,4.428571428571429,3.333333333333333,3.75,5.0,4.205336426914153,3.493274442882955,0.5555555555555556,0.35714285714285676,0.0,5.0,0.0,3.3333333333333335,3.125,2.5,5.0,3.125,3.3333333333333335,1.3333333333333333,3.5294117647058822,1.0,0.0,0.0,1.0,1.0,0.0,0.0,0.0,0.0,1.0,0.0,0.0,1.0,0.0,0.0,0.0,0.0,0.0,1.0,0.0,1.0
Travel_Rarely,Research & Development,Medical,1,Research Scientist,Single,0,0,2.545949625595643,1.1904761904761902,2.817204301075269,0.17857142857142858,3.75,0.0,3.333333333333333,1.1428571428571428,3.333333333333333,0.0,3.333333333333333,0.8893165998734445,2.8668941979522184,3.3333333333333335,2.1428571428571423,0.0,5.0,0.0,0.0,0.625,2.5,1.6666666666666667,0.25,0.5555555555555556,0.6666666666666666,0.29411764705882354,0.0,1.0,1.0,0.0,0.0,0.0,1.0,0.0,0.0,1.0,0.0,0.0,0.0,0.0,0.0,1.0,0.0,0.0,0.0,1.0,0.0
Travel_Frequently,Research & Development,Medical,0,Laboratory Technician,Single,0,0,4.6255956432947585,2.380952380952381,0.15770609318996415,0.17857142857142858,2.5,0.0,5.0,0.8571428571428572,1.6666666666666667,0.0,1.6666666666666667,0.3772938198692259,4.362979321421402,0.5555555555555556,3.928571428571429,5.0,1.6666666666666667,0.0,0.0,0.5,2.5,3.333333333333333,0.5,0.8333333333333334,1.0,0.8823529411764706,1.0,0.0,1.0,0.0,0.0,0.0,1.0,0.0,0.0,0.0,0.0,1.0,0.0,0.0,0.0,0.0,0.0,0.0,0.0,1.0,0.0
Travel_Rarely,Research & Development,Other,1,Laboratory Technician,Married,0,1,1.647379169503063,1.3095238095238093,0.7670250896057349,1.25,3.75,0.0,1.6666666666666667,3.357142857142857,0.0,0.0,0.0,0.2926597764184771,0.5350331258783376,0.5555555555555556,0.0,0.0,5.0,0.0,0.0,0.875,3.3333333333333335,1.6666666666666667,0.875,1.9444444444444446,0.0,2.058823529411765,0.0,1.0,1.0,0.0,0.0,0.0,0.0,1.0,0.0,1.0,0.0,1.0,0.0,0.0,0.0,0.0,0.0,0.0,1.0,0.0,1.0
Travel_Rarely,Research & Development,Life Sciences,1,Healthcare Representative,Married,0,0,0.32334921715452686,1.3095238095238093,0.11469534050179209,0.0,2.5,0.0,0.0,4.2142857142857135,3.333333333333333,1.25,0.0,1.1506011390002109,0.8293515358361776,0.0,0.35714285714285676,0.0,0.0,0.0,1.6666666666666667,0.75,4.166666666666667,1.6666666666666667,0.625,0.8333333333333334,0.0,0.5882352941176471,0.0,1.0,1.0,0.0,1.0,0.0,0.0,0.0,0.0,1.0,0.0,0.0,0.0,0.0,0.0,0.0,0.0,0.0,1.0,0.0,0.0
Travel_Frequently,Sales,Marketing,1,Sales Representative,Single,0,1,3.4717494894486043,0.0,4.308243727598566,0.7142857142857143,2.5,0.0,1.6666666666666667,2.785714285714285,3.333333333333333,0.0,1.6666666666666667,0.2291183294663573,1.1975506926320016,0.5555555555555556,1.0714285714285712,0.0,5.0,0.0,0.0,0.0,2.5,3.333333333333333,0.0,0.0,0.0,0.0,1.0,0.0,0.0,1.0,0.0,1.0,0.0,0.0,0.0,1.0,0.0,0.0,0.0,0.0,0.0,0.0,0.0,1.0,0.0,1.0,1.0
Travel_Rarely,Sales,Life Sciences,1,Sales Executive,Married,0,0,1.9162695711368276,2.380952380952381,4.089605734767025,2.3214285714285716,2.5,0.0,3.333333333333333,3.5714285714285707,3.333333333333333,1.25,1.6666666666666667,2.3505062223159667,2.0600281068058623,0.0,0.0,0.0,5.0,0.0,1.6666666666666667,1.25,2.5,3.333333333333333,1.125,2.2222222222222223,2.333333333333333,2.058823529411765,0.0,1.0,0.0,1.0,1.0,0.0,0.0,0.0,0.0,1.0,0.0,0.0,0.0,0.0,0.0,0.0,1.0,0.0,1.0,0.0,0.0
Travel_Rarely,Research & Development,Medical,0,Laboratory Technician,Married,0,0,4.302246426140231,1.3095238095238093,4.648745519713262,0.8928571428571428,0.0,0.0,1.6666666666666667,1.714285714285714,3.333333333333333,0.0,5.0,0.5594811221261338,4.868098775346316,0.5555555555555556,0.7142857142857144,0.0,0.0,0.0,1.6666666666666667,1.25,4.166666666666667,3.333333333333333,1.25,2.2222222222222223,0.0,2.3529411764705883,0.0,1.0,1.0,0.0,0.0,0.0,1.0,0.0,0.0,0.0,0.0,1.0,0.0,0.0,0.0,0.0,0.0,0.0,1.0,0.0,0.0
Travel_Rarely,Research & Development,Other,1,Laboratory Technician,Divorced,0,0,2.5255275697753574,2.0238095238095233,1.2903225806451613,0.5357142857142857,1.25,0.0,3.333333333333333,3.214285714285714,3.333333333333333,0.0,5.0,0.24836532377135617,1.7699257177273642,0.5555555555555556,0.35714285714285676,0.0,3.333333333333333,0.0,1.6666666666666667,0.125,2.5,3.333333333333333,0.125,0.0,0.0,0.0,0.0,1.0,1.0,0.0,0.0,0.0,0.0,1.0,0.0,1.0,0.0,1.0,0.0,0.0,0.0,0.0,0.0,0.0,0.0,0.0,0.0
Travel_Rarely,Research & Development,Life Sciences,0,Laboratory Technician,Married,0,0,2.937372362151123,2.142857142857143,0.1003584229390681,0.8928571428571428,2.5,0.0,1.6666666666666667,1.7857142857142856,5.0,0.0,5.0,0.5349609786964775,3.9967877936157397,1.6666666666666667,0.35714285714285676,0.0,1.6666666666666667,0.0,0.0,0.625,2.5,3.333333333333333,0.125,0.0,0.0,0.0,0.0,1.0,1.0,0.0,1.0,0.0,0.0,0.0,0.0,0.0,0.0,1.0,0.0,0.0,0.0,0.0,0.0,0.0,1.0,0.0,0.0
Travel_Rarely,Sales,Medical,0,Manager,Married,0,0,3.0326752893124573,3.5714285714285707,1.5268817204301075,5.0,0.0,0.0,0.0,4.357142857142858,3.333333333333333,2.5,3.333333333333333,3.0307424593967514,4.393495282071873,1.6666666666666667,3.571428571428571,5.0,1.6666666666666667,0.0,1.6666666666666667,1.875,2.5,0.0,0.0,0.0,0.0,0.0,0.0,1.0,0.0,1.0,0.0,0.0,1.0,0.0,0.0,0.0,0.0,0.0,1.0,0.0,0.0,0.0,0.0,0.0,1.0,0.0,0.0
Travel_Rarely,Sales,Medical,0,Sales Executive,Single,0,0,3.533015656909462,2.0238095238095233,0.32616487455197135,0.0,2.5,0.0,0.0,3.5714285714285707,3.333333333333333,1.25,3.333333333333333,1.0150812064965196,0.9243123870708694,0.5555555555555556,1.7857142857142856,0.0,5.0,0.0,0.0,0.625,2.5,3.333333333333333,0.625,1.1111111111111112,0.0,0.8823529411764706,0.0,1.0,0.0,1.0,0.0,0.0,1.0,0.0,0.0,0.0,0.0,0.0,0.0,0.0,0.0,0.0,1.0,0.0,0.0,1.0,0.0
Travel_Rarely,Research & Development,Life Sciences,0,Research Scientist,Divorced,0,1,0.7011572498298162,3.3333333333333335,3.2222222222222223,1.25,3.75,0.0,5.0,3.142857142857143,1.6666666666666667,1.25,0.0,0.9507487871757012,3.801445492872917,4.444444444444445,4.2857142857142865,5.0,0.0,0.0,5.0,2.375,1.6666666666666667,3.333333333333333,2.0,3.611111111111111,0.3333333333333333,2.058823529411765,0.0,1.0,1.0,0.0,1.0,0.0,0.0,0.0,0.0,0.0,0.0,0.0,0.0,0.0,0.0,1.0,0.0,0.0,0.0,0.0,1.0
Travel_Rarely,Research & Development,Life Sciences,1,Healthcare Representative,Divorced,0,0,1.3342409802586792,1.9047619047619047,3.007168458781362,1.4285714285714286,2.5,0.0,5.0,3.9999999999999996,3.333333333333333,2.5,5.0,1.9750580046403712,0.6825938566552903,0.0,0.0,0.0,5.0,0.0,1.6666666666666667,1.25,0.0,1.6666666666666667,1.125,1.9444444444444446,0.3333333333333333,1.7647058823529411,0.0,1.0,1.0,0.0,1.0,0.0,0.0,0.0,0.0,1.0,0.0,0.0,0.0,0.0,0.0,0.0,0.0,0.0,0.0,0.0,0.0
Non-Travel,Sales,Marketing,1,Sales Executive,Single,0,1,2.702518720217835,1.9047619047619047,4.508960573476703,3.2142857142857144,2.5,0.0,0.0,2.642857142857143,5.0,1.25,5.0,1.1324087745201434,0.5135514956835976,4.444444444444445,0.7142857142857144,0.0,1.6666666666666667,0.0,0.0,1.125,2.5,1.6666666666666667,0.625,0.5555555555555556,0.0,1.1764705882352942,0.0,0.0,0.0,1.0,0.0,1.0,0.0,0.0,0.0,1.0,0.0,0.0,0.0,0.0,0.0,0.0,1.0,0.0,0.0,1.0,1.0
Travel_Rarely,Research & Development,Medical,0,Research Scientist,Married,0,0,2.961198093941457,2.2619047619047614,4.896057347670251,1.6071428571428572,2.5,0.0,1.6666666666666667,2.9285714285714284,3.333333333333333,0.0,1.6666666666666667,0.7717253743935879,1.5777956233688015,0.5555555555555556,0.0,0.0,0.0,0.0,1.6666666666666667,1.0,1.6666666666666667,0.0,1.0,1.1111111111111112,2.333333333333333,2.058823529411765,0.0,1.0,1.0,0.0,0.0,0.0,1.0,0.0,0.0,0.0,0.0,0.0,0.0,0.0,0.0,1.0,0.0,0.0,1.0,0.0,0.0
Travel_Rarely,Research & Development,Life Sciences,1,Manufacturing Director,Single,0,0,1.3512593601089173,1.6666666666666665,4.548387096774194,0.7142857142857143,3.75,0.0,5.0,1.8571428571428572,1.6666666666666667,1.25,5.0,2.2859101455389155,1.6149367596868098,4.444444444444445,4.642857142857142,5.0,1.6666666666666667,0.0,0.0,1.0,0.8333333333333334,3.333333333333333,0.125,0.0,0.0,0.0,0.0,1.0,1.0,0.0,1.0,0.0,0.0,0.0,0.0,1.0,0.0,0.0,0.0,1.0,0.0,0.0,0.0,0.0,0.0,1.0,0.0
Non-Travel,Research & Development,Life Sciences,1,Research Scientist,Married,0,0,2.607215793056501,1.9047619047619047,2.1254480286738353,0.3571428571428571,3.75,0.0,3.333333333333333,0.714285714285714,1.6666666666666667,0.0,5.0,0.5194051887787385,4.09235093354748,1.6666666666666667,2.1428571428571423,0.0,5.0,0.0,5.0,0.75,1.6666666666666667,3.333333333333333,0.0,0.0,0.0,0.0,0.0,0.0,1.0,0.0,1.0,0.0,0.0,0.0,0.0,1.0,0.0,0.0,0.0,0.0,0.0,1.0,0.0,0.0,1.0,0.0,0.0
Travel_Rarely,Research & Development,Medical,0,Healthcare Representative,Single,0,0,4.591558883594281,1.0714285714285712,3.121863799283154,1.0714285714285714,2.5,0.0,5.0,1.7857142857142856,1.6666666666666667,1.25,0.0,1.5297405610630668,4.2770528006424415,4.444444444444445,2.8571428571428568,0.0,0.0,0.0,0.0,1.125,1.6666666666666667,0.0,0.875,1.6666666666666667,0.0,2.058823529411765,0.0,1.0,1.0,0.0,0.0,0.0,1.0,0.0,0.0,0.0,0.0,0.0,0.0,0.0,0.0,0.0,0.0,0.0,0.0,1.0,0.0
Travel_Frequently,Sales,Life Sciences,1,Manager,Divorced,0,1,4.223961878829135,3.9285714285714284,0.4767025089605735,1.4285714285714286,2.5,0.0,5.0,3.785714285714285,3.333333333333333,5.0,1.6666666666666667,4.966779160514659,3.4334470989761092,2.2222222222222223,4.642857142857142,5.0,0.0,0.0,1.6666666666666667,3.875,4.166666666666667,1.6666666666666667,3.625,2.7777777777777777,3.6666666666666665,2.9411764705882355,1.0,0.0,0.0,1.0,1.0,0.0,0.0,0.0,0.0,1.0,0.0,0.0,1.0,0.0,0.0,0.0,0.0,0.0,0.0,0.0,1.0
Travel_Rarely,Sales,Medical,1,Sales Executive,Single,0,0,3.4989788972089855,4.761904761904761,2.0716845878136203,1.6071428571428572,3.75,0.0,5.0,0.5,3.333333333333333,3.75,3.333333333333333,3.3914258595233067,4.4800240915478815,0.0,0.7142857142857144,0.0,3.333333333333333,0.0,0.0,4.75,0.8333333333333334,1.6666666666666667,4.625,2.7777777777777777,0.3333333333333333,2.3529411764705883,0.0,1.0,0.0,1.0,0.0,0.0,1.0,0.0,0.0,1.0,0.0,0.0,0.0,0.0,0.0,0.0,1.0,0.0,0.0,1.0,0.0
Travel_Rarely,Research & Development,Medical,1,Laboratory Technician,Married,0,1,2.185159972770592,2.0238095238095233,4.967741935483871,1.7857142857142858,3.75,0.0,5.0,0.9285714285714284,3.333333333333333,0.0,3.333333333333333,0.43529846024045554,3.641437462356956,3.8888888888888893,0.0,0.0,3.333333333333333,0.0,1.6666666666666667,0.625,2.5,3.333333333333333,0.25,0.5555555555555556,0.6666666666666666,0.5882352941176471,0.0,1.0,1.0,0.0,0.0,0.0,1.0,0.0,0.0,1.0,0.0,1.0,0.0,0.0,0.0,0.0,0.0,0.0,1.0,0.0,1.0
Travel_Rarely,Research & Development,Life Sciences,0,Manager,Married,0,0,2.0830496936691625,4.0476190476190474,4.967741935483871,0.5357142857142857,1.25,0.0,5.0,0.0,3.333333333333333,3.75,5.0,4.098818814596076,1.6494679783176072,1.1111111111111112,0.7142857142857144,0.0,5.0,0.0,0.0,3.875,1.6666666666666667,0.0,0.625,0.5555555555555556,0.3333333333333333,1.1764705882352942,0.0,1.0,1.0,0.0,1.0,0.0,0.0,0.0,0.0,0.0,0.0,0.0,1.0,0.0,0.0,0.0,0.0,0.0,1.0,0.0,0.0
Non-Travel,Research & Development,Medical,0,Research Director,Divorced,0,1,3.2675289312457454,2.2619047619047614,2.2365591397849465,0.0,3.75,0.0,0.0,3.5714285714285707,3.333333333333333,2.5,5.0,3.320502003796667,1.923910861272837,1.1111111111111112,2.5,0.0,0.0,0.0,3.3333333333333335,1.875,1.6666666666666667,3.333333333333333,0.625,0.5555555555555556,0.0,0.5882352941176471,0.0,0.0,1.0,0.0,0.0,0.0,1.0,0.0,0.0,0.0,0.0,0.0,0.0,0.0,1.0,0.0,0.0,0.0,0.0,0.0,1.0
Travel_Rarely,Research & Development,Technical Degree,0,Research Scientist,Single,0,1,2.467665078284547,1.4285714285714284,3.229390681003584,0.3571428571428571,2.5,0.0,5.0,4.142857142857142,3.333333333333333,0.0,0.0,0.4345074878717569,1.2973298534430837,2.7777777777777777,0.0,0.0,3.333333333333333,0.0,0.0,1.0,4.166666666666667,3.333333333333333,0.625,0.5555555555555556,0.0,1.1764705882352942,0.0,1.0,1.0,0.0,0.0,0.0,0.0,0.0,1.0,0.0,0.0,0.0,0.0,0.0,0.0,1.0,0.0,0.0,0.0,1.0,1.0
Travel_Frequently,Research & Development,Medical,0,Manager,Married,0,0,2.324710687542546,3.809523809523809,4.720430107526882,0.17857142857142858,2.5,0.0,5.0,0.0,3.333333333333333,3.75,0.0,4.441837165155031,1.4848424011242722,1.1111111111111112,3.928571428571429,5.0,3.333333333333333,0.0,1.6666666666666667,4.0,2.5,3.333333333333333,0.25,0.5555555555555556,0.6666666666666666,0.5882352941176471,1.0,0.0,1.0,0.0,0.0,0.0,1.0,0.0,0.0,0.0,0.0,0.0,1.0,0.0,0.0,0.0,0.0,0.0,1.0,0.0,0.0
Travel_Rarely,Research & Development,Medical,0,Research Scientist,Married,0,0,0.3335602450646698,1.7857142857142856,0.1541218637992831,0.5357142857142857,3.75,0.0,3.333333333333333,1.214285714285714,1.6666666666666667,0.0,1.6666666666666667,0.42527947690360673,2.239309375627384,3.3333333333333335,3.571428571428571,5.0,5.0,0.0,0.0,0.875,2.5,3.333333333333333,0.375,0.5555555555555556,0.3333333333333333,0.29411764705882354,0.0,1.0,1.0,0.0,0.0,0.0,1.0,0.0,0.0,0.0,0.0,0.0,0.0,0.0,0.0,1.0,0.0,0.0,1.0,0.0,0.0
Travel_Rarely,Research & Development,Medical,1,Laboratory Technician,Married,0,1,2.736555479918312,3.809523809523809,3.9534050179211473,4.821428571428571,0.0,0.0,5.0,3.142857142857143,5.0,0.0,3.333333333333333,0.5832102931870913,0.2415177675165629,0.5555555555555556,0.0,0.0,3.333333333333333,0.0,5.0,2.5,2.5,3.333333333333333,2.5,2.2222222222222223,1.0,2.3529411764705883,0.0,1.0,1.0,0.0,0.0,0.0,1.0,0.0,0.0,1.0,0.0,1.0,0.0,0.0,0.0,0.0,0.0,0.0,1.0,0.0,1.0
Travel_Rarely,Research & Development,Technical Degree,0,Research Scientist,Single,0,1,1.3818924438393463,2.380952380952381,0.9318996415770611,0.3571428571428571,5.0,0.0,5.0,0.1428571428571428,3.333333333333333,1.25,3.333333333333333,0.8721788652183082,0.041758682995382435,1.6666666666666667,3.2142857142857144,5.0,1.6666666666666667,0.0,0.0,2.375,1.6666666666666667,3.333333333333333,0.375,0.5555555555555556,0.6666666666666666,0.5882352941176471,0.0,1.0,1.0,0.0,0.0,0.0,0.0,0.0,1.0,0.0,0.0,0.0,0.0,0.0,0.0,1.0,0.0,0.0,0.0,1.0,1.0
Non-Travel,Sales,Life Sciences,1,Sales Executive,Divorced,0,1,1.7086453369639207,1.9047619047619047,4.555555555555555,1.6071428571428572,2.5,0.0,5.0,4.071428571428571,3.333333333333333,1.25,3.333333333333333,0.7888631090487239,2.051596065047179,0.5555555555555556,1.0714285714285712,0.0,3.333333333333333,0.0,1.6666666666666667,1.875,2.5,3.333333333333333,1.875,3.8888888888888893,0.0,2.058823529411765,0.0,0.0,0.0,1.0,1.0,0.0,0.0,0.0,0.0,1.0,0.0,0.0,0.0,0.0,0.0,0.0,1.0,0.0,0.0,0.0,1.0
Travel_Rarely,Research & Development,Medical,1,Laboratory Technician,Married,0,0,3.6453369639210345,0.833333333333333,2.7885304659498207,3.2142857142857144,0.0,0.0,5.0,2.642857142857143,3.333333333333333,0.0,5.0,0.7013288335794134,1.4015257980325238,1.6666666666666667,0.0,0.0,3.333333333333333,0.0,5.0,0.875,5.0,1.6666666666666667,0.375,0.5555555555555556,0.3333333333333333,0.5882352941176471,0.0,1.0,1.0,0.0,0.0,0.0,1.0,0.0,0.0,1.0,0.0,1.0,0.0,0.0,0.0,0.0,0.0,0.0,1.0,0.0,0.0
Travel_Rarely,Research & Development,Life Sciences,1,Healthcare Representative,Married,0,0,3.5942818243703196,2.142857142857143,4.469534050179211,4.464285714285714,3.75,0.0,0.0,3.5714285714285707,3.333333333333333,1.25,3.333333333333333,1.1437460451381565,1.0690624372615942,3.3333333333333335,1.0714285714285712,0.0,1.6666666666666667,0.0,3.3333333333333335,1.25,1.6666666666666667,1.6666666666666667,0.375,0.5555555555555556,0.0,0.5882352941176471,0.0,1.0,1.0,0.0,1.0,0.0,0.0,0.0,0.0,1.0,0.0,0.0,0.0,0.0,0.0,0.0,0.0,0.0,1.0,0.0,0.0
Travel_Rarely,Sales,Marketing,1,Sales Representative,Single,0,0,3.162014976174268,0.3571428571428572,0.8351254480286738,1.0714285714285714,0.0,0.0,1.6666666666666667,0.07142857142857117,3.333333333333333,0.0,1.6666666666666667,0.4403079519088799,0.4964866492672155,0.5555555555555556,0.7142857142857144,0.0,1.6666666666666667,0.0,0.0,0.125,2.5,3.333333333333333,0.125,0.0,0.3333333333333333,0.0,0.0,1.0,0.0,1.0,0.0,1.0,0.0,0.0,0.0,1.0,0.0,0.0,0.0,0.0,0.0,0.0,0.0,1.0,0.0,1.0,0.0
Travel_Rarely,Sales,Other,1,Sales Representative,Single,0,1,2.6514635806671203,0.11904761904761907,1.1290322580645162,3.5714285714285716,2.5,0.0,5.0,0.5,1.6666666666666667,0.0,1.6666666666666667,0.29318709133094284,1.576591045974704,0.5555555555555556,0.7142857142857144,0.0,1.6666666666666667,0.0,0.0,0.125,2.5,5.0,0.125,0.0,0.0,0.0,0.0,1.0,0.0,1.0,0.0,0.0,0.0,1.0,0.0,1.0,0.0,0.0,0.0,0.0,0.0,0.0,0.0,1.0,0.0,1.0,1.0
Travel_Rarely,Sales,Medical,1,Sales Executive,Married,0,0,0.6807351940095302,2.619047619047619,4.437275985663082,1.4285714285714286,1.25,0.0,0.0,1.214285714285714,3.333333333333333,1.25,0.0,1.176966884623497,3.463360770929532,0.0,0.35714285714285676,0.0,5.0,0.0,0.0,1.125,4.166666666666667,5.0,1.0,1.1111111111111112,2.333333333333333,0.29411764705882354,0.0,1.0,0.0,1.0,0.0,0.0,1.0,0.0,0.0,1.0,0.0,0.0,0.0,0.0,0.0,0.0,1.0,0.0,1.0,0.0,0.0
Travel_Rarely,Research & Development,Life Sciences,1,Research Scientist,Married,0,0,0.45609257998638525,1.1904761904761902,4.827956989247312,0.17857142857142858,0.0,0.0,0.0,2.642857142857143,1.6666666666666667,0.0,1.6666666666666667,0.5779371440624339,3.5769925717727364,0.0,2.1428571428571423,0.0,0.0,0.0,0.0,0.75,1.6666666666666667,0.0,0.625,0.8333333333333334,0.0,1.1764705882352942,0.0,1.0,1.0,0.0,1.0,0.0,0.0,0.0,0.0,1.0,0.0,0.0,0.0,0.0,0.0,1.0,0.0,0.0,1.0,0.0,0.0
Travel_Rarely,Sales,Marketing,1,Sales Representative,Single,0,0,3.5772634445200815,0.23809523809523814,1.9713261648745521,3.5714285714285716,2.5,0.0,3.333333333333333,0.9285714285714284,5.0,0.0,5.0,0.4400442944526471,0.59345512949207,0.5555555555555556,2.1428571428571423,0.0,5.0,0.0,0.0,0.25,1.6666666666666667,3.333333333333333,0.25,0.2777777777777778,0.6666666666666666,0.5882352941176471,0.0,1.0,0.0,1.0,0.0,1.0,0.0,0.0,0.0,1.0,0.0,0.0,0.0,0.0,0.0,0.0,0.0,1.0,0.0,1.0,0.0
Travel_Rarely,Sales,Marketing,1,Sales Representative,Married,0,0,0.13614703880190604,3.809523809523809,0.7598566308243728,1.25,3.75,0.0,5.0,1.714285714285714,3.333333333333333,0.0,1.6666666666666667,0.7556422695633833,1.5838185103392892,3.8888888888888893,1.4285714285714288,0.0,5.0,0.0,1.6666666666666667,0.5,1.6666666666666667,3.333333333333333,0.25,0.5555555555555556,0.6666666666666666,0.5882352941176471,0.0,1.0,0.0,1.0,0.0,1.0,0.0,0.0,0.0,1.0,0.0,0.0,0.0,0.0,0.0,0.0,0.0,1.0,1.0,0.0,0.0
Travel_Rarely,Research & Development,Medical,1,Healthcare Representative,Married,0,0,3.4615384615384612,2.142857142857143,4.2831541218638,4.642857142857142,2.5,0.0,3.333333333333333,4.571428571428571,3.333333333333333,1.25,3.333333333333333,1.1147437249525416,2.9076490664525196,3.3333333333333335,0.7142857142857144,0.0,1.6666666666666667,0.0,3.3333333333333335,2.125,2.5,1.6666666666666667,0.875,1.9444444444444446,2.333333333333333,2.058823529411765,0.0,1.0,1.0,0.0,0.0,0.0,1.0,0.0,0.0,1.0,0.0,0.0,0.0,0.0,0.0,0.0,0.0,0.0,1.0,0.0,0.0
Travel_Rarely,Research & Development,Life Sciences,0,Healthcare Representative,Divorced,0,0,0.7828454731109598,2.619047619047619,3.9068100358422937,0.0,2.5,0.0,3.333333333333333,1.5714285714285712,3.333333333333333,1.25,5.0,1.4511706391056738,1.3985143545472798,2.2222222222222223,2.1428571428571423,0.0,5.0,0.0,1.6666666666666667,1.5,2.5,3.333333333333333,0.625,0.8333333333333334,0.0,0.8823529411764706,0.0,1.0,1.0,0.0,1.0,0.0,0.0,0.0,0.0,0.0,0.0,0.0,0.0,0.0,0.0,0.0,0.0,0.0,0.0,0.0,0.0
Travel_Rarely,Research & Development,Other,0,Research Scientist,Single,0,0,1.2865895166780121,1.9047619047619047,2.010752688172043,0.8928571428571428,3.75,0.0,0.0,0.7857142857142856,3.333333333333333,1.25,3.333333333333333,1.0018983336848766,2.0855249949809274,0.5555555555555556,1.0714285714285712,0.0,3.333333333333333,0.0,0.0,2.0,2.5,3.333333333333333,2.0,3.611111111111111,0.6666666666666666,2.9411764705882355,0.0,1.0,1.0,0.0,0.0,0.0,0.0,1.0,0.0,0.0,0.0,0.0,0.0,0.0,0.0,1.0,0.0,0.0,0.0,1.0,0.0
Travel_Rarely,Human Resources,Human Resources,1,Human Resources,Married,0,0,0.9802586793737236,1.5476190476190474,0.913978494623656,3.035714285714286,5.0,0.0,5.0,4.2142857142857135,5.0,0.0,0.0,0.5133410672853829,3.895001003814495,0.0,2.1428571428571423,0.0,3.333333333333333,0.0,0.0,0.25,3.3333333333333335,3.333333333333333,0.125,0.0,0.0,0.0,0.0,1.0,0.0,0.0,0.0,0.0,0.0,0.0,0.0,1.0,1.0,0.0,0.0,0.0,0.0,0.0,0.0,0.0,1.0,0.0,0.0
Travel_Frequently,Research & Development,Technical Degree,0,Healthcare Representative,Single,0,0,1.422736555479918,2.4999999999999996,1.4372759856630826,0.17857142857142858,3.75,0.0,3.333333333333333,2.4285714285714284,3.333333333333333,2.5,3.333333333333333,2.617854882936089,0.8685003011443486,0.0,5.0,5.0,5.0,0.0,0.0,2.5,0.8333333333333334,3.333333333333333,2.375,1.6666666666666667,3.6666666666666665,2.3529411764705883,1.0,0.0,1.0,0.0,0.0,0.0,0.0,0.0,1.0,0.0,0.0,0.0,0.0,0.0,0.0,0.0,0.0,0.0,0.0,1.0,0.0
Travel_Rarely,Sales,Marketing,0,Sales Executive,Divorced,0,1,1.3308373042886315,2.7380952380952377,2.4802867383512543,0.5357142857142857,0.0,0.0,3.333333333333333,3.642857142857143,3.333333333333333,2.5,3.333333333333333,2.4883990719257536,4.891387271632202,0.0,0.7142857142857144,0.0,5.0,0.0,1.6666666666666667,2.875,2.5,5.0,2.75,3.8888888888888893,4.333333333333333,1.4705882352941178,0.0,1.0,0.0,1.0,0.0,1.0,0.0,0.0,0.0,0.0,0.0,0.0,0.0,0.0,0.0,0.0,1.0,0.0,0.0,0.0,1.0
Travel_Rarely,Research & Development,Medical,1,Laboratory Technician,Divorced,0,0,2.0149761742682095,1.7857142857142856,1.731182795698925,1.6071428571428572,0.0,0.0,0.0,0.5714285714285712,0.0,0.0,5.0,0.6325142375026365,0.9257177273639832,3.8888888888888893,0.7142857142857144,0.0,0.0,0.0,5.0,1.0,1.6666666666666667,3.333333333333333,0.5,0.8333333333333334,0.3333333333333333,0.8823529411764706,0.0,1.0,1.0,0.0,0.0,0.0,1.0,0.0,0.0,1.0,0.0,1.0,0.0,0.0,0.0,0.0,0.0,0.0,0.0,0.0,0.0
Travel_Rarely,Research & Development,Medical,1,Manager,Single,0,0,3.955071477195371,1.6666666666666665,1.4014336917562724,1.6071428571428572,2.5,0.0,3.333333333333333,2.4285714285714284,3.333333333333333,2.5,5.0,2.698534064543345,3.810078297530616,1.1111111111111112,5.0,5.0,1.6666666666666667,0.0,0.0,1.25,4.166666666666667,5.0,0.625,0.5555555555555556,0.0,0.0,0.0,1.0,1.0,0.0,0.0,0.0,1.0,0.0,0.0,1.0,0.0,0.0,1.0,0.0,0.0,0.0,0.0,0.0,0.0,1.0,0.0
Travel_Rarely,Sales,Marketing,0,Sales Executive,Divorced,0,1,3.6963921034717493,0.714285714285714,4.541218637992832,1.6071428571428572,3.75,0.0,5.0,3.357142857142857,3.333333333333333,1.25,3.333333333333333,0.8571503902130351,0.7671150371411364,0.5555555555555556,0.35714285714285676,0.0,5.0,0.0,1.6666666666666667,0.625,1.6666666666666667,5.0,0.625,0.5555555555555556,0.0,0.8823529411764706,0.0,1.0,0.0,1.0,0.0,1.0,0.0,0.0,0.0,0.0,0.0,0.0,0.0,0.0,0.0,0.0,1.0,0.0,0.0,0.0,1.0
Travel_Rarely,Research & Development,Medical,0,Laboratory Technician,Married,0,0,2.2021783526208303,1.7857142857142856,3.566308243727599,0.5357142857142857,3.75,0.0,0.0,3.714285714285714,1.6666666666666667,0.0,1.6666666666666667,0.7458869436827673,1.2242521582011645,4.444444444444445,0.0,0.0,5.0,0.0,0.0,1.0,4.166666666666667,3.333333333333333,0.625,1.1111111111111112,0.0,0.5882352941176471,0.0,1.0,1.0,0.0,0.0,0.0,1.0,0.0,0.0,0.0,0.0,1.0,0.0,0.0,0.0,0.0,0.0,0.0,1.0,0.0,0.0
Travel_Rarely,Research & Development,Life Sciences,0,Research Scientist,Married,0,1,3.9210347174948943,1.3095238095238093,3.003584229390681,2.5000000000000004,0.0,0.0,1.6666666666666667,2.785714285714285,0.0,0.0,5.0,0.3055789917738873,4.986749648664927,0.0,2.5,0.0,0.0,0.0,1.6666666666666667,0.75,1.6666666666666667,1.6666666666666667,0.625,1.1111111111111112,0.3333333333333333,0.8823529411764706,0.0,1.0,1.0,0.0,1.0,0.0,0.0,0.0,0.0,0.0,0.0,0.0,0.0,0.0,0.0,1.0,0.0,0.0,1.0,0.0,1.0
Travel_Rarely,Sales,Life Sciences,1,Sales Executive,Divorced,0,0,4.65282505105514,1.5476190476190474,0.7956989247311828,1.25,1.25,0.0,0.0,0.07142857142857117,3.333333333333333,2.5,5.0,2.5796245517823237,1.2632001606103194,0.5555555555555556,2.5,0.0,0.0,0.0,1.6666666666666667,1.625,4.166666666666667,3.333333333333333,1.625,1.9444444444444446,3.0,2.6470588235294117,0.0,1.0,0.0,1.0,1.0,0.0,0.0,0.0,0.0,1.0,0.0,0.0,0.0,0.0,0.0,0.0,1.0,0.0,0.0,0.0,0.0
Travel_Rarely,Sales,Life Sciences,1,Sales Representative,Single,0,0,1.7699115044247786,2.142857142857143,3.9928315412186377,1.4285714285714286,3.75,0.0,3.333333333333333,3.714285714285714,1.6666666666666667,0.0,0.0,0.6322505800464036,0.9821321019875529,3.8888888888888893,4.2857142857142865,5.0,1.6666666666666667,0.0,0.0,1.25,3.3333333333333335,3.333333333333333,0.625,0.8333333333333334,0.0,0.8823529411764706,0.0,1.0,0.0,1.0,1.0,0.0,0.0,0.0,0.0,1.0,0.0,0.0,0.0,0.0,0.0,0.0,0.0,1.0,0.0,1.0,0.0
Travel_Rarely,Sales,Life Sciences,1,Sales Executive,Married,0,0,0.21783526208304968,2.2619047619047614,1.8673835125448028,0.0,3.75,0.0,0.0,1.1428571428571428,1.6666666666666667,2.5,3.333333333333333,2.5311115798354775,2.5753864685806063,2.7777777777777777,0.0,0.0,3.333333333333333,0.0,0.0,2.125,1.6666666666666667,0.0,1.75,0.2777777777777778,3.6666666666666665,2.058823529411765,0.0,1.0,0.0,1.0,1.0,0.0,0.0,0.0,0.0,1.0,0.0,0.0,0.0,0.0,0.0,0.0,1.0,0.0,1.0,0.0,0.0
Travel_Rarely,Research & Development,Medical,0,Healthcare Representative,Married,0,1,0.047651463580667124,1.5476190476190474,1.8351254480286738,1.9642857142857142,2.5,0.0,5.0,0.7857142857142856,3.333333333333333,1.25,5.0,1.2776840329044505,3.066653282473399,0.0,0.0,0.0,3.333333333333333,0.0,3.3333333333333335,1.25,1.6666666666666667,0.0,1.125,1.9444444444444446,2.6666666666666665,1.4705882352941178,0.0,1.0,1.0,0.0,0.0,0.0,1.0,0.0,0.0,0.0,0.0,0.0,0.0,0.0,0.0,0.0,0.0,0.0,1.0,0.0,1.0
Non-Travel,Sales,Life Sciences,0,Sales Executive,Single,0,1,4.016337644656229,2.619047619047619,4.92831541218638,4.107142857142857,2.5,0.0,1.6666666666666667,5.0,5.0,3.75,1.6666666666666667,3.2126661041974263,3.006825938566553,2.2222222222222223,1.7857142857142856,0.0,5.0,0.0,0.0,2.75,1.6666666666666667,1.6666666666666667,0.125,0.0,0.0,0.0,0.0,0.0,0.0,1.0,1.0,0.0,0.0,0.0,0.0,0.0,0.0,0.0,0.0,0.0,0.0,0.0,1.0,0.0,0.0,1.0,1.0
Non-Travel,Sales,Marketing,0,Sales Executive,Married,0,0,3.6215112321307013,1.9047619047619047,4.577060931899641,0.5357142857142857,3.75,0.0,3.333333333333333,2.9999999999999996,3.333333333333333,1.25,3.333333333333333,1.4577620755114953,2.137321822927123,5.0,1.4285714285714288,0.0,0.0,0.0,1.6666666666666667,0.75,2.5,3.333333333333333,0.375,0.5555555555555556,0.3333333333333333,0.5882352941176471,0.0,0.0,0.0,1.0,0.0,1.0,0.0,0.0,0.0,0.0,0.0,0.0,0.0,0.0,0.0,0.0,1.0,0.0,1.0,0.0,0.0
Travel_Rarely,Research & Development,Life Sciences,0,Healthcare Representative,Married,0,1,1.6746085772634443,3.6904761904761902,1.2939068100358424,0.8928571428571428,0.0,0.0,3.333333333333333,0.7857142857142856,1.6666666666666667,3.75,3.333333333333333,3.416209660409196,1.9188917887974302,1.1111111111111112,2.8571428571428568,0.0,1.6666666666666667,0.0,1.6666666666666667,3.75,2.5,3.333333333333333,1.875,3.055555555555556,0.6666666666666666,3.5294117647058822,0.0,1.0,1.0,0.0,1.0,0.0,0.0,0.0,0.0,0.0,0.0,0.0,0.0,0.0,0.0,0.0,0.0,0.0,1.0,0.0,1.0
Travel_Rarely,Research & Development,Medical,1,Healthcare Representative,Divorced,0,0,1.2899931926480597,5.0,0.9534050179211471,0.0,3.75,0.0,3.333333333333333,4.428571428571429,0.0,2.5,5.0,2.6033537228432815,3.6886167436257775,1.6666666666666667,3.2142857142857144,5.0,3.333333333333333,0.0,1.6666666666666667,2.375,1.6666666666666667,5.0,0.125,0.0,0.0,0.0,0.0,1.0,1.0,0.0,0.0,0.0,1.0,0.0,0.0,1.0,0.0,0.0,0.0,0.0,0.0,0.0,0.0,0.0,0.0,0.0,0.0
Travel_Rarely,Sales,Marketing,0,Sales Executive,Married,0,0,0.6364874063989108,1.9047619047619047,2.150537634408602,4.821428571428571,2.5,0.0,5.0,4.642857142857142,1.6666666666666667,1.25,3.333333333333333,1.5036384728960135,1.3820517968279462,0.5555555555555556,3.571428571428571,5.0,5.0,0.0,3.3333333333333335,1.0,1.6666666666666667,3.333333333333333,1.0,1.9444444444444446,0.3333333333333333,2.058823529411765,0.0,1.0,0.0,1.0,0.0,1.0,0.0,0.0,0.0,0.0,0.0,0.0,0.0,0.0,0.0,0.0,1.0,0.0,1.0,0.0,0.0
Travel_Frequently,Research & Development,Life Sciences,1,Healthcare Representative,Divorced,0,0,2.597004765146358,2.4999999999999996,0.3548387096774193,0.17857142857142858,2.5,0.0,0.0,3.857142857142857,3.333333333333333,3.75,5.0,2.9424172115587424,2.299337482433246,3.8888888888888893,0.0,0.0,5.0,0.0,5.0,2.625,3.3333333333333335,3.333333333333333,2.25,1.9444444444444446,3.6666666666666665,1.4705882352941178,1.0,0.0,1.0,0.0,1.0,0.0,0.0,0.0,0.0,1.0,0.0,0.0,0.0,0.0,0.0,0.0,0.0,0.0,0.0,0.0,0.0
Travel_Rarely,Sales,Medical,1,Sales Executive,Single,0,0,0.7351940095302927,1.1904761904761902,2.731182795698925,0.7142857142857143,2.5,0.0,5.0,3.857142857142857,3.333333333333333,1.25,0.0,1.9653026787597552,4.295522987351937,0.0,2.5,0.0,5.0,0.0,0.0,0.75,3.3333333333333335,3.333333333333333,0.625,1.1111111111111112,0.3333333333333333,0.8823529411764706,0.0,1.0,0.0,1.0,0.0,0.0,1.0,0.0,0.0,1.0,0.0,0.0,0.0,0.0,0.0,0.0,1.0,0.0,0.0,1.0,0.0
Travel_Rarely,Sales,Medical,1,Sales Representative,Single,0,1,2.692307692307692,0.3571428571428572,1.4229390681003584,0.7142857142857143,0.0,0.0,3.333333333333333,1.9999999999999996,3.333333333333333,0.0,0.0,0.3614743724952541,4.694840393495282,0.5555555555555556,0.0,0.0,5.0,0.0,0.0,0.25,5.0,3.333333333333333,0.25,0.5555555555555556,0.3333333333333333,0.5882352941176471,0.0,1.0,0.0,1.0,0.0,0.0,1.0,0.0,0.0,1.0,0.0,0.0,0.0,0.0,0.0,0.0,0.0,1.0,0.0,1.0,1.0
Travel_Rarely,Human Resources,Life Sciences,0,Human Resources,Single,0,1,3.662355343771273,2.0238095238095233,3.7347670250896057,4.464285714285714,3.75,0.0,3.333333333333333,0.07142857142857117,3.333333333333333,2.5,5.0,2.0639105673908453,2.9206986548885765,0.5555555555555556,1.7857142857142856,0.0,3.333333333333333,0.0,0.0,1.125,1.6666666666666667,3.333333333333333,1.125,0.0,0.3333333333333333,2.058823529411765,0.0,1.0,0.0,0.0,1.0,0.0,0.0,0.0,0.0,0.0,1.0,0.0,0.0,0.0,0.0,0.0,0.0,0.0,0.0,1.0,1.0
Travel_Rarely,Human Resources,Human Resources,1,Human Resources,Divorced,0,1,2.988427501701838,1.7857142857142856,3.4802867383512543,0.3571428571428571,1.25,0.0,5.0,1.9285714285714284,3.333333333333333,0.0,1.6666666666666667,0.3343176545032693,4.126882152178277,1.6666666666666667,0.0,0.0,3.333333333333333,0.0,1.6666666666666667,0.875,3.3333333333333335,5.0,0.5,0.8333333333333334,0.0,0.8823529411764706,0.0,1.0,0.0,0.0,0.0,0.0,0.0,0.0,0.0,1.0,1.0,0.0,0.0,0.0,0.0,0.0,0.0,0.0,0.0,0.0,1.0
Travel_Frequently,Research & Development,Life Sciences,1,Laboratory Technician,Married,0,0,1.1470388019060584,1.6666666666666665,1.168458781362007,4.107142857142857,3.75,0.0,0.0,3.5714285714285707,3.333333333333333,1.25,5.0,1.1337270618013078,3.8249347520578194,0.5555555555555556,1.4285714285714288,0.0,5.0,0.0,3.3333333333333335,1.25,1.6666666666666667,3.333333333333333,1.25,2.2222222222222223,1.3333333333333333,2.058823529411765,1.0,0.0,1.0,0.0,1.0,0.0,0.0,0.0,0.0,1.0,0.0,1.0,0.0,0.0,0.0,0.0,0.0,0.0,1.0,0.0,0.0
Travel_Frequently,Sales,Marketing,0,Sales Executive,Single,0,0,2.4472430224642614,3.809523809523809,2.5268817204301075,1.9642857142857142,2.5,0.0,3.333333333333333,3.357142857142857,3.333333333333333,2.5,5.0,2.1617274836532374,0.9136719534230076,2.2222222222222223,0.0,0.0,5.0,0.0,0.0,2.0,2.5,3.333333333333333,0.25,0.5555555555555556,0.6666666666666666,0.29411764705882354,1.0,0.0,0.0,1.0,0.0,1.0,0.0,0.0,0.0,0.0,0.0,0.0,0.0,0.0,0.0,0.0,1.0,0.0,0.0,1.0,0.0
Non-Travel,Research & Development,Medical,0,Laboratory Technician,Single,0,0,1.004084411164057,1.4285714285714284,3.6272401433691757,0.17857142857142858,2.5,0.0,3.333333333333333,1.3571428571428572,3.333333333333333,0.0,5.0,0.4099873444421008,1.0212808672957239,0.0,1.0714285714285712,0.0,3.333333333333333,0.0,0.0,1.5,1.6666666666666667,1.6666666666666667,1.375,1.9444444444444446,2.0,2.058823529411765,0.0,0.0,1.0,0.0,0.0,0.0,1.0,0.0,0.0,0.0,0.0,1.0,0.0,0.0,0.0,0.0,0.0,0.0,0.0,1.0,0.0
Travel_Rarely,Research & Development,Technical Degree,1,Research Scientist,Married,0,0,3.4581347855684137,3.452380952380952,1.2939068100358424,0.0,2.5,0.0,0.0,3.142857142857143,3.333333333333333,0.0,5.0,0.6356781269774308,1.6283878739208995,3.8888888888888893,0.35714285714285676,0.0,3.333333333333333,0.0,1.6666666666666667,2.125,1.6666666666666667,1.6666666666666667,0.75,1.3888888888888888,0.3333333333333333,0.5882352941176471,0.0,1.0,1.0,0.0,0.0,0.0,0.0,0.0,1.0,1.0,0.0,0.0,0.0,0.0,0.0,1.0,0.0,0.0,1.0,0.0,0.0
Travel_Rarely,Research & Development,Life Sciences,0,Laboratory Technician,Single,0,0,4.339686861810756,1.6666666666666665,0.5842293906810037,5.0,3.75,0.0,3.333333333333333,1.3571428571428572,1.6666666666666667,0.0,1.6666666666666667,0.48196582999367216,2.775547078899819,0.5555555555555556,0.7142857142857144,0.0,3.333333333333333,0.0,0.0,0.75,2.5,3.333333333333333,0.75,0.5555555555555556,1.3333333333333333,0.29411764705882354,0.0,1.0,1.0,0.0,1.0,0.0,0.0,0.0,0.0,0.0,0.0,1.0,0.0,0.0,0.0,0.0,0.0,0.0,0.0,1.0,0.0
Travel_Rarely,Sales,Technical Degree,1,Sales Executive,Single,0,1,1.5486725663716812,2.0238095238095233,3.9426523297491043,0.5357142857142857,2.5,0.0,5.0,3.9999999999999996,3.333333333333333,2.5,0.0,2.260335372284328,1.6540855249949808,0.0,3.928571428571429,5.0,0.0,0.0,0.0,1.125,1.6666666666666667,3.333333333333333,1.0,1.9444444444444446,1.3333333333333333,2.058823529411765,0.0,1.0,0.0,1.0,0.0,0.0,0.0,0.0,1.0,1.0,0.0,0.0,0.0,0.0,0.0,0.0,1.0,0.0,0.0,1.0,1.0
Travel_Rarely,Research & Development,Life Sciences,0,Research Director,Divorced,0,0,4.9897889720898565,3.809523809523809,2.5412186379928317,2.857142857142857,5.0,0.0,5.0,1.4285714285714284,1.6666666666666667,2.5,0.0,3.2324404134148907,3.9925717727363983,2.7777777777777777,1.4285714285714288,0.0,3.333333333333333,0.0,5.0,2.375,2.5,3.333333333333333,1.75,3.055555555555556,0.3333333333333333,3.235294117647059,0.0,1.0,1.0,0.0,1.0,0.0,0.0,0.0,0.0,0.0,0.0,0.0,0.0,0.0,1.0,0.0,0.0,0.0,0.0,0.0,0.0
Travel_Rarely,Sales,Marketing,0,Manager,Single,0,0,2.773995915588836,3.3333333333333335,2.154121863799283,0.17857142857142858,3.75,0.0,1.6666666666666667,3.785714285714285,3.333333333333333,5.0,0.0,4.729487449905083,4.161413370809075,1.6666666666666667,0.35714285714285676,0.0,5.0,0.0,0.0,2.75,1.6666666666666667,1.6666666666666667,0.25,0.5555555555555556,0.6666666666666666,0.29411764705882354,0.0,1.0,0.0,1.0,0.0,1.0,0.0,0.0,0.0,0.0,0.0,0.0,1.0,0.0,0.0,0.0,0.0,0.0,0.0,1.0,0.0
Travel_Frequently,Research & Development,Life Sciences,1,Manufacturing Director,Single,0,0,0.9155888359428181,3.9285714285714284,3.7491039426523294,1.25,3.75,0.0,0.0,1.6428571428571428,0.0,2.5,5.0,2.5419215355410247,4.628789399718932,1.1111111111111112,1.4285714285714288,0.0,5.0,0.0,0.0,2.25,1.6666666666666667,3.333333333333333,0.5,0.5555555555555556,0.0,0.8823529411764706,1.0,0.0,1.0,0.0,1.0,0.0,0.0,0.0,0.0,1.0,0.0,0.0,0.0,1.0,0.0,0.0,0.0,0.0,0.0,1.0,0.0
Travel_Frequently,Research & Development,Medical,0,Manufacturing Director,Married,0,0,3.386657590197413,4.0476190476190474,2.817204301075269,4.285714285714286,3.75,0.0,3.333333333333333,3.642857142857143,1.6666666666666667,3.75,5.0,3.3792976165365953,3.399718931941377,1.6666666666666667,3.928571428571429,5.0,3.333333333333333,0.0,0.0,3.875,2.5,3.333333333333333,1.125,2.2222222222222223,0.0,0.0,1.0,0.0,1.0,0.0,0.0,0.0,1.0,0.0,0.0,0.0,0.0,0.0,0.0,1.0,0.0,0.0,0.0,0.0,1.0,0.0,0.0
Travel_Rarely,Research & Development,Medical,1,Research Scientist,Single,0,1,0.684138869979578,3.0952380952380953,3.3440860215053765,0.0,2.5,0.0,1.6666666666666667,0.8571428571428572,3.333333333333333,0.0,5.0,0.37623919004429435,2.2742421200562135,3.3333333333333335,0.35714285714285676,0.0,3.333333333333333,0.0,0.0,0.75,1.6666666666666667,3.333333333333333,0.5,0.8333333333333334,0.3333333333333333,0.5882352941176471,0.0,1.0,1.0,0.0,0.0,0.0,1.0,0.0,0.0,1.0,0.0,0.0,0.0,0.0,0.0,1.0,0.0,0.0,0.0,1.0,1.0
Travel_Rarely,Sales,Marketing,1,Sales Executive,Married,0,1,0.5479918311776718,2.2619047619047614,1.6272401433691757,0.17857142857142858,2.5,0.0,5.0,3.214285714285714,3.333333333333333,1.25,3.333333333333333,2.265608521408985,0.1838988154988958,2.2222222222222223,0.0,0.0,3.333333333333333,0.0,1.6666666666666667,2.125,2.5,1.6666666666666667,0.375,0.0,0.3333333333333333,0.0,0.0,1.0,0.0,1.0,0.0,1.0,0.0,0.0,0.0,1.0,0.0,0.0,0.0,0.0,0.0,0.0,1.0,0.0,1.0,0.0,1.0
Travel_Frequently,Research & Development,Life Sciences,1,Manufacturing Director,Single,0,0,2.4812797821647377,2.142857142857143,3.9103942652329753,1.7857142857142858,2.5,0.0,1.6666666666666667,4.642857142857142,1.6666666666666667,1.25,1.6666666666666667,1.4474794347184137,4.128086729572375,0.5555555555555556,0.7142857142857144,0.0,3.333333333333333,0.0,0.0,0.75,2.5,3.333333333333333,0.75,1.3888888888888888,0.0,0.8823529411764706,1.0,0.0,1.0,0.0,1.0,0.0,0.0,0.0,0.0,1.0,0.0,0.0,0.0,1.0,0.0,0.0,0.0,0.0,0.0,1.0,0.0
Non-Travel,Research & Development,Technical Degree,1,Research Scientist,Divorced,0,0,1.364874063989108,1.7857142857142856,2.4050179211469533,0.5357142857142857,2.5,0.0,5.0,4.285714285714285,3.333333333333333,1.25,1.6666666666666667,0.5394431554524362,0.8231278859666735,2.7777777777777777,1.4285714285714288,0.0,5.0,0.0,3.3333333333333335,1.375,1.6666666666666667,1.6666666666666667,1.125,2.2222222222222223,0.3333333333333333,2.058823529411765,0.0,0.0,1.0,0.0,0.0,0.0,0.0,0.0,1.0,1.0,0.0,0.0,0.0,0.0,0.0,1.0,0.0,0.0,0.0,0.0,0.0
Travel_Rarely,Research & Development,Life Sciences,1,Laboratory Technician,Married,0,0,2.3893805309734515,0.4761904761904763,0.4050179211469534,1.25,0.0,0.0,1.6666666666666667,4.571428571428571,0.0,0.0,0.0,0.3801940518877874,0.9610519975908454,0.5555555555555556,1.4285714285714288,0.0,0.0,0.0,1.6666666666666667,0.5,2.5,1.6666666666666667,0.5,0.8333333333333334,0.3333333333333333,0.29411764705882354,0.0,1.0,1.0,0.0,1.0,0.0,0.0,0.0,0.0,1.0,0.0,1.0,0.0,0.0,0.0,0.0,0.0,0.0,1.0,0.0,0.0
Travel_Frequently,Research & Development,Life Sciences,0,Laboratory Technician,Married,0,1,3.8427501701837983,0.714285714285714,4.240143369175628,1.0714285714285714,2.5,0.0,0.0,1.7857142857142856,3.333333333333333,0.0,3.333333333333333,0.49488504534908245,2.4240112427223446,0.5555555555555556,1.7857142857142856,0.0,5.0,0.0,1.6666666666666667,0.75,3.3333333333333335,3.333333333333333,0.75,0.8333333333333334,0.3333333333333333,0.5882352941176471,1.0,0.0,1.0,0.0,1.0,0.0,0.0,0.0,0.0,0.0,0.0,1.0,0.0,0.0,0.0,0.0,0.0,0.0,1.0,0.0,1.0
Travel_Rarely,Research & Development,Life Sciences,1,Laboratory Technician,Married,0,0,1.923076923076923,1.5476190476190474,0.8064516129032258,0.0,1.25,0.0,5.0,4.857142857142858,1.6666666666666667,0.0,0.0,0.3187618645855304,2.830556113230275,0.5555555555555556,0.35714285714285676,0.0,3.333333333333333,0.0,1.6666666666666667,0.5,2.5,3.333333333333333,0.5,0.5555555555555556,1.0,0.5882352941176471,0.0,1.0,1.0,0.0,1.0,0.0,0.0,0.0,0.0,1.0,0.0,1.0,0.0,0.0,0.0,0.0,0.0,0.0,1.0,0.0,0.0
Travel_Rarely,Research & Development,Medical,0,Research Scientist,Single,0,0,3.475153165418652,1.6666666666666665,3.2759856630824373,0.17857142857142858,3.75,0.0,0.0,3.142857142857143,5.0,1.25,5.0,1.0667580679181607,1.6990564143746238,3.8888888888888893,1.7857142857142856,0.0,3.333333333333333,0.0,0.0,1.25,0.0,1.6666666666666667,0.875,1.9444444444444446,0.0,2.058823529411765,0.0,1.0,1.0,0.0,0.0,0.0,1.0,0.0,0.0,0.0,0.0,0.0,0.0,0.0,0.0,1.0,0.0,0.0,0.0,1.0,0.0
Travel_Frequently,Research & Development,Medical,0,Manager,Divorced,0,0,3.488767869298843,4.285714285714285,3.3906810035842296,1.7857142857142858,3.75,0.0,1.6666666666666667,4.071428571428571,3.333333333333333,3.75,5.0,3.960925964986289,4.489459947801646,1.6666666666666667,3.2142857142857144,5.0,0.0,0.0,1.6666666666666667,3.25,1.6666666666666667,3.333333333333333,1.75,2.5,0.3333333333333333,3.5294117647058822,1.0,0.0,1.0,0.0,0.0,0.0,1.0,0.0,0.0,0.0,0.0,0.0,1.0,0.0,0.0,0.0,0.0,0.0,0.0,0.0,0.0
Travel_Rarely,Research & Development,Technical Degree,1,Research Scientist,Married,0,0,3.757658270932607,3.214285714285714,3.032258064516129,4.821428571428571,2.5,0.0,5.0,4.785714285714285,3.333333333333333,0.0,5.0,0.2960873233495043,0.5001003814495082,2.2222222222222223,3.2142857142857144,5.0,5.0,0.0,1.6666666666666667,1.0,2.5,3.333333333333333,0.625,1.1111111111111112,0.0,0.8823529411764706,0.0,1.0,1.0,0.0,0.0,0.0,0.0,0.0,1.0,1.0,0.0,0.0,0.0,0.0,0.0,1.0,0.0,0.0,1.0,0.0,0.0
Travel_Rarely,Research & Development,Technical Degree,0,Research Scientist,Married,0,0,0.6977535738597685,3.6904761904761902,4.709677419354839,0.0,2.5,0.0,3.333333333333333,0.4285714285714284,3.333333333333333,0.0,0.0,0.6778633199746888,1.6984541256775747,1.1111111111111112,1.7857142857142856,0.0,1.6666666666666667,0.0,1.6666666666666667,0.875,1.6666666666666667,3.333333333333333,0.5,0.5555555555555556,0.0,0.5882352941176471,0.0,1.0,1.0,0.0,0.0,0.0,0.0,0.0,1.0,0.0,0.0,0.0,0.0,0.0,0.0,1.0,0.0,0.0,1.0,0.0,0.0
Travel_Rarely,Research & Development,Life Sciences,1,Research Scientist,Divorced,0,1,0.11572498298162015,1.5476190476190474,0.31541218637992835,0.17857142857142858,3.75,0.0,3.333333333333333,0.1428571428571428,3.333333333333333,0.0,5.0,0.4445264712086057,1.134912668138928,0.0,2.5,0.0,1.6666666666666667,0.0,1.6666666666666667,0.375,1.6666666666666667,0.0,0.25,0.5555555555555556,0.6666666666666666,0.5882352941176471,0.0,1.0,1.0,0.0,1.0,0.0,0.0,0.0,0.0,1.0,0.0,0.0,0.0,0.0,0.0,1.0,0.0,0.0,0.0,0.0,1.0
Travel_Frequently,Research & Development,Medical,1,Research Scientist,Single,0,1,2.6378488767869297,2.857142857142857,4.182795698924731,0.17857142857142858,0.0,0.0,1.6666666666666667,0.3571428571428572,3.333333333333333,0.0,5.0,0.3970681290866905,1.4001204577394097,2.7777777777777777,1.0714285714285712,0.0,5.0,0.0,0.0,1.0,1.6666666666666667,3.333333333333333,0.25,0.2777777777777778,0.6666666666666666,0.5882352941176471,1.0,0.0,1.0,0.0,0.0,0.0,1.0,0.0,0.0,1.0,0.0,0.0,0.0,0.0,0.0,1.0,0.0,0.0,0.0,1.0,1.0
Travel_Rarely,Human Resources,Life Sciences,1,Human Resources,Single,0,0,1.7290673927842066,2.976190476190476,0.5017921146953406,0.17857142857142858,2.5,0.0,1.6666666666666667,4.785714285714285,3.333333333333333,0.0,5.0,0.6670533642691414,0.5900421602087935,0.0,0.7142857142857144,0.0,1.6666666666666667,0.0,0.0,1.25,4.166666666666667,3.333333333333333,1.125,1.9444444444444446,0.3333333333333333,2.3529411764705883,0.0,1.0,0.0,0.0,1.0,0.0,0.0,0.0,0.0,1.0,1.0,0.0,0.0,0.0,0.0,0.0,0.0,0.0,0.0,1.0,0.0
Non-Travel,Sales,Medical,1,Sales Executive,Single,0,0,4.921715452688904,0.9523809523809521,0.5770609318996416,5.0,1.25,0.0,1.6666666666666667,3.4999999999999996,0.0,1.25,0.0,1.0440835266821344,3.9588436057016665,4.444444444444445,2.5,0.0,5.0,0.0,0.0,0.875,5.0,3.333333333333333,0.25,0.5555555555555556,0.6666666666666666,0.5882352941176471,0.0,0.0,0.0,1.0,0.0,0.0,1.0,0.0,0.0,1.0,0.0,0.0,0.0,0.0,0.0,0.0,1.0,0.0,0.0,1.0,0.0
Travel_Rarely,Research & Development,Life Sciences,1,Manufacturing Director,Divorced,0,0,4.731109598366236,2.0238095238095233,2.5627240143369177,0.17857142857142858,2.5,0.0,3.333333333333333,1.0,1.6666666666666667,2.5,1.6666666666666667,2.4427863319974685,3.5121461553904836,1.1111111111111112,2.5,0.0,1.6666666666666667,0.0,1.6666666666666667,1.875,1.6666666666666667,5.0,0.875,1.9444444444444446,2.0,1.1764705882352942,0.0,1.0,1.0,0.0,1.0,0.0,0.0,0.0,0.0,1.0,0.0,0.0,0.0,1.0,0.0,0.0,0.0,0.0,0.0,0.0,0.0
Travel_Rarely,Research & Development,Medical,1,Research Scientist,Married,0,1,0.30973451327433627,2.2619047619047614,2.4336917562724016,1.0714285714285714,3.75,0.0,5.0,3.4285714285714284,3.333333333333333,1.25,0.0,0.8634781691626239,2.307568761292913,2.7777777777777777,3.928571428571429,5.0,3.333333333333333,0.0,1.6666666666666667,2.0,1.6666666666666667,3.333333333333333,0.625,0.8333333333333334,0.0,1.1764705882352942,0.0,1.0,1.0,0.0,0.0,0.0,1.0,0.0,0.0,1.0,0.0,0.0,0.0,0.0,0.0,1.0,0.0,0.0,1.0,0.0,1.0
Travel_Rarely,Sales,Marketing,1,Sales Executive,Single,0,1,4.639210347174949,1.6666666666666665,1.1111111111111112,0.17857142857142858,3.75,0.0,3.333333333333333,3.714285714285714,1.6666666666666667,1.25,1.6666666666666667,2.346024045560008,4.836779763099779,3.8888888888888893,0.35714285714285676,0.0,3.333333333333333,0.0,0.0,0.875,2.5,1.6666666666666667,0.25,0.5555555555555556,0.6666666666666666,0.5882352941176471,0.0,1.0,0.0,1.0,0.0,1.0,0.0,0.0,0.0,1.0,0.0,0.0,0.0,0.0,0.0,0.0,1.0,0.0,0.0,1.0,1.0
Travel_Rarely,Research & Development,Life Sciences,1,Laboratory Technician,Single,0,0,3.0530973451327434,1.3095238095238093,1.7491039426523298,1.0714285714285714,2.5,0.0,5.0,2.0714285714285716,3.333333333333333,0.0,0.0,0.27763130141320397,3.4711905239911665,1.6666666666666667,1.0714285714285712,0.0,1.6666666666666667,0.0,0.0,1.375,1.6666666666666667,3.333333333333333,0.375,0.5555555555555556,0.3333333333333333,0.5882352941176471,0.0,1.0,1.0,0.0,1.0,0.0,0.0,0.0,0.0,1.0,0.0,1.0,0.0,0.0,0.0,0.0,0.0,0.0,0.0,1.0,0.0
Travel_Rarely,Research & Development,Medical,0,Manufacturing Director,Married,0,1,1.9196732471068751,4.761904761904761,1.7813620071684588,1.0714285714285714,3.75,0.0,3.333333333333333,1.6428571428571428,1.6666666666666667,2.5,0.0,2.372653448639527,1.9933748243324636,3.8888888888888893,1.0714285714285712,0.0,5.0,0.0,0.0,3.875,0.0,1.6666666666666667,1.25,2.5,1.6666666666666665,2.6470588235294117,0.0,1.0,1.0,0.0,0.0,0.0,1.0,0.0,0.0,0.0,0.0,0.0,0.0,1.0,0.0,0.0,0.0,0.0,1.0,0.0,1.0
Travel_Rarely,Sales,Marketing,1,Sales Executive,Divorced,0,1,4.659632402995235,3.214285714285714,2.960573476702509,1.4285714285714286,2.5,0.0,5.0,3.142857142857143,3.333333333333333,2.5,0.0,2.5711875131828723,3.4420799036338083,2.2222222222222223,0.35714285714285676,0.0,3.333333333333333,0.0,1.6666666666666667,2.25,1.6666666666666667,3.333333333333333,0.625,1.1111111111111112,0.0,0.5882352941176471,0.0,1.0,0.0,1.0,0.0,1.0,0.0,0.0,0.0,1.0,0.0,0.0,0.0,0.0,0.0,0.0,1.0,0.0,0.0,0.0,1.0
Travel_Rarely,Human Resources,Human Resources,1,Manager,Married,0,0,2.6412525527569777,2.7380952380952377,0.7526881720430108,0.0,2.5,0.0,5.0,2.0714285714285716,1.6666666666666667,5.0,3.333333333333333,4.793292554313436,3.5069263200160607,0.5555555555555556,0.35714285714285676,0.0,1.6666666666666667,0.0,1.6666666666666667,2.75,2.5,3.333333333333333,2.75,1.9444444444444446,0.6666666666666666,2.9411764705882355,0.0,1.0,0.0,0.0,0.0,0.0,0.0,0.0,0.0,1.0,0.0,0.0,1.0,0.0,0.0,0.0,0.0,0.0,1.0,0.0,0.0
Travel_Frequently,Research & Development,Other,1,Research Scientist,Married,0,1,0.820285908781484,1.9047619047619047,2.261648745519713,3.7500000000000004,3.75,0.0,3.333333333333333,3.9999999999999996,1.6666666666666667,1.25,5.0,1.2492090276313013,4.89901626179482,0.5555555555555556,1.4285714285714288,0.0,1.6666666666666667,0.0,0.0,2.0,2.5,3.333333333333333,1.875,2.7777777777777777,2.0,3.235294117647059,1.0,0.0,1.0,0.0,0.0,0.0,0.0,1.0,0.0,1.0,0.0,0.0,0.0,0.0,0.0,1.0,0.0,0.0,1.0,0.0,1.0
Travel_Rarely,Research & Development,Life Sciences,0,Research Director,Single,0,0,0.04424778761061947,2.857142857142857,2.5304659498207887,3.9285714285714293,5.0,0.0,0.0,1.0,3.333333333333333,3.75,5.0,3.9503796667369744,2.7719333467175264,1.1111111111111112,1.0714285714285712,0.0,1.6666666666666667,0.0,0.0,2.0,1.6666666666666667,3.333333333333333,0.125,0.0,0.0,0.0,0.0,1.0,1.0,0.0,1.0,0.0,0.0,0.0,0.0,0.0,0.0,0.0,0.0,0.0,1.0,0.0,0.0,0.0,0.0,1.0,0.0
Travel_Rarely,Research & Development,Life Sciences,0,Research Director,Married,0,0,1.07215793056501,2.380952380952381,2.6702508960573477,4.285714285714286,1.25,0.0,0.0,3.642857142857143,1.6666666666666667,2.5,1.6666666666666667,2.913942206285593,4.941377233487252,1.6666666666666667,2.1428571428571423,0.0,3.333333333333333,0.0,1.6666666666666667,2.375,1.6666666666666667,3.333333333333333,1.25,2.2222222222222223,0.0,0.29411764705882354,0.0,1.0,1.0,0.0,1.0,0.0,0.0,0.0,0.0,0.0,0.0,0.0,0.0,0.0,1.0,0.0,0.0,0.0,1.0,0.0,0.0
Travel_Rarely,Sales,Life Sciences,0,Sales Representative,Married,0,1,2.0422055820285907,1.9047619047619047,4.405017921146953,1.6071428571428572,3.75,0.0,3.333333333333333,4.071428571428571,3.333333333333333,0.0,3.333333333333333,0.3192891794979961,3.2756474603493273,0.5555555555555556,2.8571428571428568,0.0,5.0,0.0,1.6666666666666667,0.125,1.6666666666666667,3.333333333333333,0.125,0.2777777777777778,0.0,0.0,0.0,1.0,0.0,1.0,1.0,0.0,0.0,0.0,0.0,0.0,0.0,0.0,0.0,0.0,0.0,0.0,0.0,1.0,1.0,0.0,1.0
Travel_Frequently,Research & Development,Medical,1,Research Director,Divorced,0,0,1.3172226004084409,1.5476190476190474,4.383512544802867,0.3571428571428571,3.75,0.0,1.6666666666666667,3.0714285714285716,3.333333333333333,2.5,3.333333333333333,3.339485340645433,2.294519172856856,5.0,0.35714285714285676,0.0,0.0,0.0,1.6666666666666667,1.125,2.5,3.333333333333333,0.25,0.5555555555555556,0.6666666666666666,0.5882352941176471,1.0,0.0,1.0,0.0,0.0,0.0,1.0,0.0,0.0,1.0,0.0,0.0,0.0,0.0,1.0,0.0,0.0,0.0,0.0,0.0,0.0
Travel_Rarely,Research & Development,Life Sciences,1,Manufacturing Director,Married,0,1,4.414567733151804,1.0714285714285712,0.1827956989247312,0.5357142857142857,2.5,0.0,1.6666666666666667,4.071428571428571,5.0,1.25,1.6666666666666667,1.353353722843282,0.6183497289700863,0.5555555555555556,3.2142857142857144,5.0,1.6666666666666667,0.0,1.6666666666666667,0.75,0.0,3.333333333333333,0.75,0.5555555555555556,0.0,0.8823529411764706,0.0,1.0,1.0,0.0,1.0,0.0,0.0,0.0,0.0,1.0,0.0,0.0,0.0,1.0,0.0,0.0,0.0,0.0,1.0,0.0,1.0
Travel_Rarely,Sales,Medical,0,Sales Representative,Single,0,0,0.5650102110279102,0.0,2.5376344086021505,1.6071428571428572,2.5,0.0,5.0,2.785714285714285,1.6666666666666667,0.0,3.333333333333333,0.050358574140476675,1.5318209194940775,0.5555555555555556,0.35714285714285676,0.0,0.0,0.0,0.0,0.0,1.6666666666666667,3.333333333333333,0.0,0.0,0.0,0.0,0.0,1.0,0.0,1.0,0.0,0.0,1.0,0.0,0.0,0.0,0.0,0.0,0.0,0.0,0.0,0.0,0.0,1.0,0.0,1.0,0.0
Travel_Rarely,Research & Development,Other,1,Manager,Married,0,1,2.859087814840027,3.0952380952380953,4.340501792114695,0.3571428571428571,3.75,0.0,5.0,0.3571428571428572,3.333333333333333,5.0,5.0,4.878717570132883,1.4583416984541258,2.2222222222222223,0.35714285714285676,0.0,0.0,0.0,1.6666666666666667,3.25,1.6666666666666667,5.0,0.25,0.5555555555555556,0.0,0.29411764705882354,0.0,1.0,1.0,0.0,0.0,0.0,0.0,1.0,0.0,1.0,0.0,0.0,1.0,0.0,0.0,0.0,0.0,0.0,1.0,0.0,1.0
Travel_Rarely,Research & Development,Medical,1,Research Scientist,Married,0,1,0.06807351940095303,0.714285714285714,2.1039426523297493,3.9285714285714293,2.5,0.0,1.6666666666666667,4.2142857142857135,5.0,0.0,5.0,0.45243619489559156,3.9221039951816907,0.5555555555555556,0.0,0.0,1.6666666666666667,0.0,3.3333333333333335,0.75,2.5,3.333333333333333,0.75,1.3888888888888888,0.3333333333333333,1.1764705882352942,0.0,1.0,1.0,0.0,0.0,0.0,1.0,0.0,0.0,1.0,0.0,0.0,0.0,0.0,0.0,1.0,0.0,0.0,1.0,0.0,1.0
Travel_Rarely,Sales,Medical,1,Sales Representative,Married,0,0,2.1987746766507827,1.1904761904761902,3.7275985663082434,1.6071428571428572,0.0,0.0,5.0,3.142857142857143,3.333333333333333,0.0,1.6666666666666667,0.01133727061801304,4.274242120056214,0.5555555555555556,3.928571428571429,5.0,1.6666666666666667,0.0,0.0,0.125,4.166666666666667,3.333333333333333,0.125,0.0,0.0,0.0,0.0,1.0,0.0,1.0,0.0,0.0,1.0,0.0,0.0,1.0,0.0,0.0,0.0,0.0,0.0,0.0,0.0,1.0,1.0,0.0,0.0
Travel_Frequently,Research & Development,Other,0,Laboratory Technician,Married,0,0,3.92784206943499,1.6666666666666665,0.043010752688172005,2.1428571428571432,2.5,0.0,3.333333333333333,3.357142857142857,1.6666666666666667,0.0,1.6666666666666667,0.4571820291077831,1.051395302148163,0.5555555555555556,3.2142857142857144,5.0,3.333333333333333,0.0,1.6666666666666667,0.25,1.6666666666666667,3.333333333333333,0.25,0.5555555555555556,0.6666666666666666,0.5882352941176471,1.0,0.0,1.0,0.0,0.0,0.0,0.0,1.0,0.0,0.0,0.0,1.0,0.0,0.0,0.0,0.0,0.0,0.0,1.0,0.0,0.0
Travel_Rarely,Sales,Life Sciences,0,Sales Executive,Married,0,0,2.8284547311095984,3.9285714285714284,3.849462365591398,2.3214285714285716,1.25,0.0,3.333333333333333,4.071428571428571,3.333333333333333,1.25,5.0,1.03538283062645,2.5633406946396304,2.2222222222222223,0.0,0.0,3.333333333333333,0.0,1.6666666666666667,2.25,1.6666666666666667,1.6666666666666667,0.875,1.9444444444444446,0.0,2.058823529411765,0.0,1.0,0.0,1.0,1.0,0.0,0.0,0.0,0.0,0.0,0.0,0.0,0.0,0.0,0.0,0.0,1.0,0.0,1.0,0.0,0.0
Travel_Frequently,Research & Development,Technical Degree,1,Healthcare Representative,Married,0,0,4.312457454050374,1.9047619047619047,1.967741935483871,1.6071428571428572,3.75,0.0,5.0,4.428571428571429,1.6666666666666667,1.25,3.333333333333333,1.0688673275680236,2.6576992571772737,0.5555555555555556,1.0714285714285712,0.0,1.6666666666666667,0.0,1.6666666666666667,1.0,2.5,1.6666666666666667,1.0,0.5555555555555556,2.333333333333333,2.058823529411765,1.0,0.0,1.0,0.0,0.0,0.0,0.0,0.0,1.0,1.0,0.0,0.0,0.0,0.0,0.0,0.0,0.0,0.0,1.0,0.0,0.0
Travel_Rarely,Sales,Medical,0,Manager,Divorced,0,0,1.9128658951667799,3.809523809523809,2.6881720430107525,0.0,3.75,0.0,5.0,2.714285714285714,3.333333333333333,5.0,5.0,4.879772199957815,4.42160208793415,1.6666666666666667,0.0,0.0,3.333333333333333,0.0,1.6666666666666667,4.0,2.5,1.6666666666666667,0.875,0.0,0.0,1.7647058823529411,0.0,1.0,0.0,1.0,0.0,0.0,1.0,0.0,0.0,0.0,0.0,0.0,1.0,0.0,0.0,0.0,0.0,0.0,0.0,0.0,0.0
Travel_Rarely,Sales,Life Sciences,1,Sales Executive,Single,0,0,4.870660313138189,2.4999999999999996,2.8637992831541217,0.17857142857142858,5.0,0.0,0.0,0.7857142857142856,5.0,2.5,3.333333333333333,1.8115903817759966,0.09355551094157805,0.0,2.5,0.0,5.0,0.0,0.0,1.125,2.5,3.333333333333333,1.0,1.9444444444444446,0.0,2.058823529411765,0.0,1.0,0.0,1.0,1.0,0.0,0.0,0.0,0.0,1.0,0.0,0.0,0.0,0.0,0.0,0.0,1.0,0.0,0.0,1.0,0.0
Travel_Frequently,Sales,Marketing,0,Sales Executive,Married,0,1,2.3349217154526887,2.0238095238095233,2.0,3.035714285714286,3.75,0.0,5.0,2.642857142857143,3.333333333333333,1.25,3.333333333333333,0.9504851297194685,4.254968881750653,0.0,2.5,0.0,3.333333333333333,0.0,1.6666666666666667,0.625,0.0,1.6666666666666667,0.5,0.5555555555555556,1.0,0.5882352941176471,1.0,0.0,0.0,1.0,0.0,1.0,0.0,0.0,0.0,0.0,0.0,0.0,0.0,0.0,0.0,0.0,1.0,0.0,1.0,0.0,1.0
Travel_Rarely,Research & Development,Life Sciences,1,Research Scientist,Married,0,0,3.2573179033356023,1.4285714285714284,2.4695340501792113,2.678571428571429,0.0,0.0,1.6666666666666667,0.2142857142857144,3.333333333333333,0.0,5.0,0.48855726639949376,0.34470989761092147,0.5555555555555556,0.35714285714285676,0.0,1.6666666666666667,0.0,1.6666666666666667,1.25,1.6666666666666667,1.6666666666666667,1.25,0.0,0.0,2.3529411764705883,0.0,1.0,1.0,0.0,1.0,0.0,0.0,0.0,0.0,1.0,0.0,0.0,0.0,0.0,0.0,1.0,0.0,0.0,1.0,0.0,0.0
Travel_Rarely,Research & Development,Life Sciences,0,Healthcare Representative,Married,0,0,0.6432947583390061,2.976190476190476,3.2150537634408605,1.0714285714285714,2.5,0.0,3.333333333333333,0.9285714285714284,3.333333333333333,2.5,0.0,2.3665893271461713,1.4390684601485646,4.444444444444445,1.7857142857142856,0.0,0.0,0.0,1.6666666666666667,1.25,0.8333333333333334,1.6666666666666667,0.125,0.0,0.0,0.0,0.0,1.0,1.0,0.0,1.0,0.0,0.0,0.0,0.0,0.0,0.0,0.0,0.0,0.0,0.0,0.0,0.0,0.0,1.0,0.0,0.0
Travel_Rarely,Research & Development,Life Sciences,1,Laboratory Technician,Single,0,1,3.3185840707964602,1.6666666666666665,0.967741935483871,4.285714285714286,3.75,0.0,0.0,4.071428571428571,3.333333333333333,0.0,5.0,0.4708922168318919,3.19654687813692,0.5555555555555556,4.642857142857142,5.0,3.333333333333333,0.0,0.0,0.125,1.6666666666666667,0.0,0.125,0.0,0.0,0.29411764705882354,0.0,1.0,1.0,0.0,1.0,0.0,0.0,0.0,0.0,1.0,0.0,1.0,0.0,0.0,0.0,0.0,0.0,0.0,0.0,1.0,1.0
Travel_Rarely,Research & Development,Life Sciences,1,Research Director,Divorced,0,0,2.3791695030633084,3.809523809523809,2.4838709677419355,0.5357142857142857,0.0,0.0,0.0,4.7142857142857135,3.333333333333333,5.0,1.6666666666666667,4.781427968782957,2.754667737402128,1.6666666666666667,1.0714285714285712,0.0,0.0,0.0,3.3333333333333335,3.5,3.3333333333333335,1.6666666666666667,1.25,1.1111111111111112,0.3333333333333333,1.7647058823529411,0.0,1.0,1.0,0.0,1.0,0.0,0.0,0.0,0.0,1.0,0.0,0.0,0.0,0.0,1.0,0.0,0.0,0.0,0.0,0.0,0.0
Travel_Frequently,Research & Development,Life Sciences,0,Research Scientist,Married,0,1,1.735874744724302,1.7857142857142856,4.616487455197133,0.3571428571428571,3.75,0.0,5.0,1.8571428571428572,3.333333333333333,0.0,3.333333333333333,0.5009491668424382,4.229070467777555,0.5555555555555556,0.0,0.0,3.333333333333333,0.0,0.0,1.0,2.5,3.333333333333333,1.0,1.9444444444444446,1.0,0.0,1.0,0.0,1.0,0.0,1.0,0.0,0.0,0.0,0.0,0.0,0.0,0.0,0.0,0.0,0.0,1.0,0.0,0.0,1.0,0.0,1.0
Travel_Rarely,Research & Development,Life Sciences,0,Research Scientist,Single,0,0,3.6827773995915587,2.2619047619047614,4.544802867383512,0.0,2.5,0.0,5.0,0.8571428571428572,3.333333333333333,0.0,5.0,0.2916051465935456,2.7679180887372015,0.5555555555555556,0.35714285714285676,0.0,1.6666666666666667,0.0,0.0,2.125,2.5,3.333333333333333,2.125,3.3333333333333335,1.6666666666666665,2.058823529411765,0.0,1.0,1.0,0.0,1.0,0.0,0.0,0.0,0.0,0.0,0.0,0.0,0.0,0.0,0.0,1.0,0.0,0.0,0.0,1.0,0.0
Travel_Rarely,Research & Development,Medical,1,Laboratory Technician,Single,0,0,1.6133424098025866,0.714285714285714,1.3369175627240144,4.107142857142857,2.5,0.0,5.0,1.3571428571428572,3.333333333333333,0.0,1.6666666666666667,0.6823454967306475,0.8662919092551697,4.444444444444445,3.928571428571429,5.0,5.0,0.0,0.0,0.75,1.6666666666666667,3.333333333333333,0.5,0.8333333333333334,0.3333333333333333,0.5882352941176471,0.0,1.0,1.0,0.0,0.0,0.0,1.0,0.0,0.0,1.0,0.0,1.0,0.0,0.0,0.0,0.0,0.0,0.0,0.0,1.0,0.0
Travel_Rarely,Research & Development,Technical Degree,0,Healthcare Representative,Divorced,0,0,2.9135466303607895,2.142857142857143,4.010752688172043,1.25,2.5,0.0,3.333333333333333,2.0714285714285716,3.333333333333333,2.5,3.333333333333333,2.395855304788019,1.2262597871913272,0.5555555555555556,0.7142857142857144,0.0,1.6666666666666667,0.0,5.0,2.125,1.6666666666666667,3.333333333333333,2.125,3.8888888888888893,4.0,2.3529411764705883,0.0,1.0,1.0,0.0,0.0,0.0,0.0,0.0,1.0,0.0,0.0,0.0,0.0,0.0,0.0,0.0,0.0,0.0,0.0,0.0,0.0
Travel_Rarely,Sales,Marketing,0,Sales Representative,Single,0,1,2.5425459496255955,2.7380952380952377,4.487455197132617,3.3928571428571432,1.25,0.0,1.6666666666666667,2.857142857142857,3.333333333333333,0.0,1.6666666666666667,0.5618540392322293,3.9417787592852838,0.5555555555555556,3.928571428571429,5.0,5.0,0.0,0.0,0.5,4.166666666666667,1.6666666666666667,0.5,0.8333333333333334,0.0,0.5882352941176471,0.0,1.0,0.0,1.0,0.0,1.0,0.0,0.0,0.0,0.0,0.0,0.0,0.0,0.0,0.0,0.0,0.0,1.0,0.0,1.0,1.0
Travel_Rarely,Research & Development,Other,1,Research Scientist,Single,0,0,0.8577263444520081,2.142857142857143,0.3010752688172043,1.0714285714285714,3.75,0.0,1.6666666666666667,2.4999999999999996,3.333333333333333,0.0,5.0,0.9673592069183716,4.255972696245734,1.1111111111111112,2.5,0.0,3.333333333333333,0.0,0.0,1.0,5.0,3.333333333333333,0.75,0.5555555555555556,0.0,0.29411764705882354,0.0,1.0,1.0,0.0,0.0,0.0,0.0,1.0,0.0,1.0,0.0,0.0,0.0,0.0,0.0,1.0,0.0,0.0,0.0,1.0,0.0
Travel_Rarely,Research & Development,Life Sciences,0,Manufacturing Director,Single,0,0,0.07147719537100068,2.619047619047619,0.7096774193548387,0.8928571428571428,2.5,0.0,1.6666666666666667,3.214285714285714,3.333333333333333,3.75,3.333333333333333,3.2240033748154393,3.6679381650271026,3.8888888888888893,1.4285714285714288,0.0,3.333333333333333,0.0,0.0,2.75,2.5,3.333333333333333,2.5,1.6666666666666667,1.6666666666666665,3.823529411764706,0.0,1.0,1.0,0.0,1.0,0.0,0.0,0.0,0.0,0.0,0.0,0.0,0.0,1.0,0.0,0.0,0.0,0.0,0.0,1.0,0.0
Travel_Frequently,Research & Development,Life Sciences,1,Manufacturing Director,Married,0,0,4.55071477195371,2.380952380952381,1.4480286738351256,0.8928571428571428,3.75,0.0,0.0,2.9999999999999996,1.6666666666666667,1.25,3.333333333333333,1.136890951276102,2.447299739008231,1.1111111111111112,0.0,0.0,5.0,0.0,1.6666666666666667,1.25,0.8333333333333334,3.333333333333333,1.0,0.8333333333333334,2.333333333333333,2.058823529411765,1.0,0.0,1.0,0.0,1.0,0.0,0.0,0.0,0.0,1.0,0.0,0.0,0.0,1.0,0.0,0.0,0.0,0.0,1.0,0.0,0.0
Travel_Frequently,Research & Development,Technical Degree,1,Research Scientist,Married,0,0,1.5622872702518718,2.142857142857143,1.3082437275985663,0.3571428571428571,2.5,0.0,3.333333333333333,1.1428571428571428,3.333333333333333,0.0,1.6666666666666667,0.7073929550727693,1.437863882754467,0.5555555555555556,0.35714285714285676,0.0,3.333333333333333,0.0,0.0,1.5,1.6666666666666667,1.6666666666666667,1.375,2.7777777777777777,0.0,2.058823529411765,1.0,0.0,1.0,0.0,0.0,0.0,0.0,0.0,1.0,1.0,0.0,0.0,0.0,0.0,0.0,1.0,0.0,0.0,1.0,0.0,0.0
Travel_Rarely,Research & Development,Life Sciences,0,Healthcare Representative,Married,0,0,4.029952348536419,2.857142857142857,1.8566308243727598,0.17857142857142858,3.75,0.0,3.333333333333333,3.642857142857143,3.333333333333333,1.25,5.0,0.8120649651972158,0.7275647460349328,0.5555555555555556,0.7142857142857144,0.0,1.6666666666666667,0.0,3.3333333333333335,1.25,3.3333333333333335,3.333333333333333,1.25,0.5555555555555556,0.6666666666666666,0.5882352941176471,0.0,1.0,1.0,0.0,1.0,0.0,0.0,0.0,0.0,0.0,0.0,0.0,0.0,0.0,0.0,0.0,0.0,0.0,1.0,0.0,0.0
Travel_Rarely,Sales,Life Sciences,0,Manager,Married,0,0,0.9394145677331518,4.166666666666666,3.9964157706093193,0.17857142857142858,3.75,0.0,0.0,3.4285714285714284,1.6666666666666667,3.75,5.0,3.801413203965408,4.000602288697048,1.1111111111111112,1.7857142857142856,0.0,3.333333333333333,0.0,0.0,3.875,2.5,3.333333333333333,3.125,2.2222222222222223,1.0,2.058823529411765,0.0,1.0,0.0,1.0,1.0,0.0,0.0,0.0,0.0,0.0,0.0,0.0,1.0,0.0,0.0,0.0,0.0,0.0,1.0,0.0,0.0
Travel_Rarely,Research & Development,Medical,0,Research Director,Divorced,0,0,3.2505105513955073,1.7857142857142856,2.931899641577061,0.0,5.0,0.0,0.0,4.642857142857142,5.0,3.75,3.333333333333333,4.001001898333684,4.112427223449107,2.2222222222222223,2.8571428571428568,0.0,3.333333333333333,0.0,1.6666666666666667,1.25,1.6666666666666667,3.333333333333333,0.75,0.2777777777777778,0.0,1.4705882352941178,0.0,1.0,1.0,0.0,0.0,0.0,1.0,0.0,0.0,0.0,0.0,0.0,0.0,0.0,1.0,0.0,0.0,0.0,0.0,0.0,0.0
Travel_Rarely,Research & Development,Other,0,Manager,Married,0,1,4.135466303607896,3.452380952380952,0.3512544802867383,0.17857142857142858,1.25,0.0,3.333333333333333,0.2142857142857144,3.333333333333333,3.75,5.0,4.1507593334739505,2.185906444489058,0.5555555555555556,0.0,0.0,3.333333333333333,0.0,1.6666666666666667,3.25,2.5,1.6666666666666667,3.25,3.8888888888888893,1.0,0.0,0.0,1.0,1.0,0.0,0.0,0.0,0.0,1.0,0.0,0.0,0.0,0.0,1.0,0.0,0.0,0.0,0.0,0.0,1.0,0.0,1.0
Travel_Rarely,Sales,Life Sciences,1,Sales Executive,Single,0,1,1.3104152484683456,2.380952380952381,3.336917562724014,0.3571428571428571,3.75,0.0,1.6666666666666667,0.8571428571428572,3.333333333333333,1.25,5.0,1.5429234338747098,0.5796024894599479,4.444444444444445,0.35714285714285676,0.0,3.333333333333333,0.0,0.0,2.375,0.8333333333333334,3.333333333333333,0.125,0.0,0.0,0.0,0.0,1.0,0.0,1.0,1.0,0.0,0.0,0.0,0.0,1.0,0.0,0.0,0.0,0.0,0.0,0.0,1.0,0.0,0.0,1.0,1.0
Travel_Rarely,Sales,Life Sciences,0,Sales Executive,Married,0,0,2.7399591558883594,1.9047619047619047,4.645161290322581,1.4285714285714286,0.0,0.0,1.6666666666666667,2.857142857142857,3.333333333333333,1.25,3.333333333333333,1.240508331575617,0.7498494278257379,0.5555555555555556,3.2142857142857144,5.0,0.0,0.0,0.0,0.75,2.5,1.6666666666666667,0.75,1.3888888888888888,0.3333333333333333,0.8823529411764706,0.0,1.0,0.0,1.0,1.0,0.0,0.0,0.0,0.0,0.0,0.0,0.0,0.0,0.0,0.0,0.0,1.0,0.0,1.0,0.0,0.0
Travel_Frequently,Research & Development,Life Sciences,1,Research Scientist,Married,0,0,4.891082368958475,3.6904761904761902,0.6272401433691757,1.25,0.0,0.0,3.333333333333333,2.214285714285714,1.6666666666666667,1.25,1.6666666666666667,1.0865323771356252,4.58000401525798,0.5555555555555556,4.2857142857142865,5.0,5.0,0.0,1.6666666666666667,1.25,2.5,3.333333333333333,1.25,1.9444444444444446,0.3333333333333333,2.058823529411765,1.0,0.0,1.0,0.0,1.0,0.0,0.0,0.0,0.0,1.0,0.0,0.0,0.0,0.0,0.0,1.0,0.0,0.0,1.0,0.0,0.0
Travel_Frequently,Research & Development,Other,1,Research Scientist,Married,0,0,1.1674608577263443,2.380952380952381,3.8781362007168463,0.3571428571428571,3.75,0.0,3.333333333333333,1.0,3.333333333333333,0.0,3.333333333333333,0.4777473106939463,0.1812888978116844,1.6666666666666667,1.7857142857142856,0.0,0.0,0.0,1.6666666666666667,1.0,1.6666666666666667,3.333333333333333,0.25,0.5555555555555556,0.6666666666666666,0.5882352941176471,1.0,0.0,1.0,0.0,0.0,0.0,0.0,1.0,0.0,1.0,0.0,0.0,0.0,0.0,0.0,1.0,0.0,0.0,1.0,0.0,0.0
Travel_Rarely,Sales,Life Sciences,0,Sales Executive,Divorced,0,0,2.617426820966644,3.5714285714285707,1.3906810035842294,2.678571428571429,3.75,0.0,3.333333333333333,4.7142857142857135,3.333333333333333,1.25,3.333333333333333,1.431659987344442,2.3286488656896203,4.444444444444445,1.0714285714285712,0.0,3.333333333333333,0.0,1.6666666666666667,2.25,1.6666666666666667,3.333333333333333,1.0,1.9444444444444446,2.333333333333333,2.058823529411765,0.0,1.0,0.0,1.0,1.0,0.0,0.0,0.0,0.0,0.0,0.0,0.0,0.0,0.0,0.0,0.0,1.0,0.0,0.0,0.0,0.0
Travel_Frequently,Research & Development,Life Sciences,1,Healthcare Representative,Married,0,0,4.533696392103471,1.5476190476190474,1.5412186379928317,3.3928571428571432,2.5,0.0,0.0,2.5714285714285716,3.333333333333333,2.5,3.333333333333333,2.3241404766926803,4.178678980124473,1.6666666666666667,0.35714285714285676,0.0,0.0,0.0,0.0,1.5,1.6666666666666667,3.333333333333333,0.125,0.0,0.0,0.0,1.0,0.0,1.0,0.0,1.0,0.0,0.0,0.0,0.0,1.0,0.0,0.0,0.0,0.0,0.0,0.0,0.0,0.0,1.0,0.0,0.0
Travel_Rarely,Sales,Life Sciences,1,Sales Executive,Divorced,0,0,0.44247787610619466,2.7380952380952377,2.960573476702509,0.3571428571428571,2.5,0.0,3.333333333333333,1.9285714285714284,1.6666666666666667,1.25,1.6666666666666667,2.0905399704703647,2.0343304557317805,1.1111111111111112,0.0,0.0,3.333333333333333,0.0,1.6666666666666667,1.75,4.166666666666667,3.333333333333333,0.625,1.1111111111111112,0.0,1.1764705882352942,0.0,1.0,0.0,1.0,1.0,0.0,0.0,0.0,0.0,1.0,0.0,0.0,0.0,0.0,0.0,0.0,1.0,0.0,0.0,0.0,0.0
Travel_Frequently,Research & Development,Life Sciences,0,Manufacturing Director,Single,0,0,2.9646017699115044,1.5476190476190474,4.806451612903226,0.0,5.0,0.0,3.333333333333333,5.0,5.0,2.5,1.6666666666666667,1.6971630457709344,1.372615940574182,0.5555555555555556,0.0,0.0,0.0,0.0,0.0,1.25,1.6666666666666667,3.333333333333333,1.25,2.2222222222222223,1.3333333333333333,2.058823529411765,1.0,0.0,1.0,0.0,1.0,0.0,0.0,0.0,0.0,0.0,0.0,0.0,0.0,1.0,0.0,0.0,0.0,0.0,0.0,1.0,0.0
Travel_Rarely,Research & Development,Life Sciences,0,Research Director,Single,0,0,3.8223281143635126,1.5476190476190474,0.2795698924731183,1.25,5.0,0.0,0.0,4.5,3.333333333333333,3.75,1.6666666666666667,4.063752372917106,1.355751857056816,1.6666666666666667,0.0,0.0,3.333333333333333,0.0,0.0,1.125,2.5,5.0,0.375,0.5555555555555556,0.3333333333333333,0.0,0.0,1.0,1.0,0.0,1.0,0.0,0.0,0.0,0.0,0.0,0.0,0.0,0.0,0.0,1.0,0.0,0.0,0.0,0.0,1.0,0.0
Non-Travel,Research & Development,Life Sciences,1,Laboratory Technician,Married,0,0,4.751531654186521,2.142857142857143,4.469534050179211,1.4285714285714286,3.75,0.0,0.0,2.5714285714285716,5.0,0.0,1.6666666666666667,0.47484707867538484,1.4342501505721743,0.5555555555555556,3.928571428571429,5.0,1.6666666666666667,0.0,0.0,0.625,2.5,3.333333333333333,0.625,1.1111111111111112,0.0,0.5882352941176471,0.0,0.0,1.0,0.0,1.0,0.0,0.0,0.0,0.0,1.0,0.0,1.0,0.0,0.0,0.0,0.0,0.0,0.0,1.0,0.0,0.0
Non-Travel,Sales,Medical,0,Sales Executive,Single,0,0,0.29611980939414567,3.214285714285714,3.3978494623655915,0.8928571428571428,2.5,0.0,5.0,1.9285714285714284,1.6666666666666667,2.5,5.0,2.0712929761653656,2.960449708893796,3.3333333333333335,0.35714285714285676,0.0,5.0,0.0,0.0,2.875,1.6666666666666667,3.333333333333333,2.375,1.9444444444444446,4.0,2.3529411764705883,0.0,0.0,0.0,1.0,0.0,0.0,1.0,0.0,0.0,0.0,0.0,0.0,0.0,0.0,0.0,0.0,1.0,0.0,0.0,1.0,0.0
Travel_Frequently,Research & Development,Life Sciences,1,Healthcare Representative,Married,0,0,1.1232130701157248,2.619047619047619,1.5268817204301075,0.0,3.75,0.0,3.333333333333333,3.4285714285714284,1.6666666666666667,3.75,1.6666666666666667,3.294136258173381,2.413370809074483,0.5555555555555556,3.928571428571429,5.0,5.0,0.0,1.6666666666666667,2.75,2.5,1.6666666666666667,2.75,0.8333333333333334,3.6666666666666665,3.235294117647059,1.0,0.0,1.0,0.0,1.0,0.0,0.0,0.0,0.0,1.0,0.0,0.0,0.0,0.0,0.0,0.0,0.0,0.0,1.0,0.0,0.0
Travel_Rarely,Research & Development,Life Sciences,1,Manufacturing Director,Single,0,1,4.213750850918992,2.2619047619047614,4.304659498207886,1.6071428571428572,3.75,0.0,3.333333333333333,1.3571428571428572,3.333333333333333,1.25,1.6666666666666667,0.8405399704703649,3.8203172053804453,1.1111111111111112,0.35714285714285676,0.0,5.0,0.0,0.0,2.25,1.6666666666666667,1.6666666666666667,0.125,0.0,0.0,0.29411764705882354,0.0,1.0,1.0,0.0,1.0,0.0,0.0,0.0,0.0,1.0,0.0,0.0,0.0,1.0,0.0,0.0,0.0,0.0,0.0,1.0,1.0
Travel_Rarely,Research & Development,Life Sciences,0,Manufacturing Director,Married,0,1,1.5861130020422054,2.619047619047619,0.9498207885304659,1.25,1.25,0.0,1.6666666666666667,4.428571428571429,3.333333333333333,1.25,0.0,1.4519616114743723,0.5916482634009237,1.1111111111111112,1.7857142857142856,0.0,1.6666666666666667,0.0,1.6666666666666667,2.25,2.5,3.333333333333333,0.125,0.0,0.0,0.0,0.0,1.0,1.0,0.0,1.0,0.0,0.0,0.0,0.0,0.0,0.0,0.0,0.0,1.0,0.0,0.0,0.0,0.0,1.0,0.0,1.0
Travel_Rarely,Sales,Technical Degree,1,Sales Executive,Married,0,0,0.4118447923757658,1.5476190476190474,0.40860215053763443,1.0714285714285714,2.5,0.0,1.6666666666666667,5.0,5.0,1.25,5.0,1.5608521408985445,2.0371411363180085,2.2222222222222223,0.0,0.0,1.6666666666666667,0.0,1.6666666666666667,1.25,2.5,1.6666666666666667,1.0,1.9444444444444446,2.333333333333333,2.058823529411765,0.0,1.0,0.0,1.0,0.0,0.0,0.0,0.0,1.0,1.0,0.0,0.0,0.0,0.0,0.0,0.0,1.0,0.0,1.0,0.0,0.0
Travel_Rarely,Sales,Medical,1,Sales Executive,Divorced,0,0,3.553437712729748,2.976190476190476,1.114695340501792,4.285714285714286,2.5,0.0,3.333333333333333,3.4999999999999996,1.6666666666666667,2.5,5.0,2.5809428390634883,0.637221441477615,2.7777777777777777,0.7142857142857144,0.0,3.333333333333333,0.0,1.6666666666666667,2.25,4.166666666666667,3.333333333333333,0.125,0.0,0.0,0.0,0.0,1.0,0.0,1.0,0.0,0.0,1.0,0.0,0.0,1.0,0.0,0.0,0.0,0.0,0.0,0.0,1.0,0.0,0.0,0.0,0.0
Travel_Rarely,Research & Development,Life Sciences,1,Healthcare Representative,Single,0,0,3.727025187202178,4.0476190476190474,3.1899641577060933,1.0714285714285714,3.75,0.0,1.6666666666666667,4.071428571428571,3.333333333333333,2.5,1.6666666666666667,2.4878717570132878,2.655691628187111,3.8888888888888893,2.8571428571428568,0.0,5.0,0.0,0.0,2.25,3.3333333333333335,3.333333333333333,1.0,1.6666666666666667,1.3333333333333333,0.0,0.0,1.0,1.0,0.0,1.0,0.0,0.0,0.0,0.0,1.0,0.0,0.0,0.0,0.0,0.0,0.0,0.0,0.0,0.0,1.0,0.0
Travel_Rarely,Sales,Marketing,1,Sales Executive,Single,0,1,3.846153846153846,3.9285714285714284,1.89247311827957,3.5714285714285716,3.75,0.0,3.333333333333333,2.9285714285714284,3.333333333333333,1.25,5.0,1.1685298460240454,1.270628387873921,0.0,3.928571428571429,5.0,5.0,0.0,0.0,1.375,1.6666666666666667,0.0,1.25,1.9444444444444446,0.3333333333333333,0.0,0.0,1.0,0.0,1.0,0.0,1.0,0.0,0.0,0.0,1.0,0.0,0.0,0.0,0.0,0.0,0.0,1.0,0.0,0.0,1.0,1.0
Travel_Rarely,Research & Development,Life Sciences,0,Research Scientist,Married,0,1,4.404356705241661,0.9523809523809521,1.3548387096774195,0.0,1.25,0.0,1.6666666666666667,4.285714285714285,1.6666666666666667,0.0,3.333333333333333,0.507276945792027,2.5725757879943787,0.5555555555555556,0.7142857142857144,0.0,3.333333333333333,0.0,1.6666666666666667,0.125,2.5,1.6666666666666667,0.125,0.0,0.3333333333333333,0.0,0.0,1.0,1.0,0.0,1.0,0.0,0.0,0.0,0.0,0.0,0.0,0.0,0.0,0.0,0.0,1.0,0.0,0.0,1.0,0.0,1.0
Travel_Rarely,Research & Development,Medical,0,Laboratory Technician,Single,0,1,2.92716133424098,3.214285714285714,3.2652329749103943,0.7142857142857143,5.0,0.0,3.333333333333333,1.4285714285714284,0.0,1.25,0.0,1.2550094916684242,4.286890182694238,0.5555555555555556,1.0714285714285712,0.0,0.0,0.0,0.0,1.25,2.5,3.333333333333333,1.25,1.9444444444444446,0.3333333333333333,1.1764705882352942,0.0,1.0,1.0,0.0,0.0,0.0,1.0,0.0,0.0,0.0,0.0,1.0,0.0,0.0,0.0,0.0,0.0,0.0,0.0,1.0,1.0
Travel_Rarely,Research & Development,Technical Degree,0,Research Director,Married,0,0,4.965963240299523,4.285714285714285,3.989247311827957,0.17857142857142858,3.75,0.0,0.0,2.142857142857143,3.333333333333333,2.5,3.333333333333333,3.306264501160092,4.398112828749247,5.0,0.35714285714285676,0.0,0.0,0.0,1.6666666666666667,2.0,4.166666666666667,0.0,0.5,0.8333333333333334,0.0,0.8823529411764706,0.0,1.0,1.0,0.0,0.0,0.0,0.0,0.0,1.0,0.0,0.0,0.0,0.0,0.0,1.0,0.0,0.0,0.0,1.0,0.0,0.0
Travel_Rarely,Research & Development,Life Sciences,0,Manufacturing Director,Married,0,0,3.832539142273655,2.2619047619047614,1.2258064516129032,0.0,3.75,0.0,1.6666666666666667,2.4999999999999996,3.333333333333333,1.25,1.6666666666666667,1.4337692469943049,2.731780766914274,3.3333333333333335,0.35714285714285676,0.0,1.6666666666666667,0.0,1.6666666666666667,1.0,1.6666666666666667,1.6666666666666667,0.75,1.3888888888888888,1.3333333333333333,0.8823529411764706,0.0,1.0,1.0,0.0,1.0,0.0,0.0,0.0,0.0,0.0,0.0,0.0,0.0,1.0,0.0,0.0,0.0,0.0,1.0,0.0,0.0
